tweet,label,ticker
$BYND - JPMorgan reels in expectations on Beyond Meat https://t.co/bd0xbFGjkT,0,JPM
$CCL $RCL - Nomura points to bookings weakness at Carnival and Royal Caribbean https://t.co/yGjpT2ReD3,0,FINANCE
"$CX - Cemex cut at Credit Suisse, J.P. Morgan on weak building outlook https://t.co/KN1g4AWFIb",0,FINANCE
$ESS: BTIG Research cuts to Neutral https://t.co/MCyfTsXc2N,0,FINANCE
$FNKO - Funko slides after Piper Jaffray PT cut https://t.co/z37IJmCQzB,0,FINANCE
$FTI - TechnipFMC downgraded at Berenberg but called Top Pick at Deutsche Bank https://t.co/XKcPDilIuU,0,FINANCE
$GM - GM loses a bull https://t.co/tdUfG5HbXy,0,FINANCE
$GM: Deutsche Bank cuts to Hold https://t.co/7Fv1ZiFZBS,0,FINANCE
$GTT: Cowen cuts to Market Perform,0,FINANCE
$HNHAF $HNHPD $AAPL - Trendforce cuts iPhone estimate after Foxconn delay https://t.co/rlnEwzlzzS,0,AAPL
$HOG - Moody's warns on Harley-Davidson https://t.co/LurHBEadeU,0,FINANCE
"$HXL - Citing aero ties, Wells slashes PT on Hexcel https://t.co/wU5P2i8WBU",0,FINANCE
$I - Intelsat cut to Market Perform at Raymond James https://t.co/YsvsMSQRIb,0,FINANCE
$KRG: Compass Point cuts to Sell https://t.co/MCyfTsXc2N,0,FINANCE
$LK - Muddy Waters goes short Luckin Coffee https://t.co/8yrbwAjLKG,0,FINANCE
$MANT - ManTech downgraded ahead of difficult comps https://t.co/mJ1eSrsFXJ,0,FINANCE
$MDCO: Oppenheimer cuts to Perform,0,FINANCE
$MPLX $MPC - MPLX cut at Credit Suisse on potential dilution from Marathon strategic review https://t.co/0BFQy4ZU6W,0,FINANCE
$MSGN - Imperial downgrades MSG Networks amid sports-free airwaves https://t.co/Ul2S6XNXw8,0,FINANCE
$MTLS - Piper hits the Materialise sidelines https://t.co/qlFxZuhkrt,0,FINANCE
$NCBS: Hovde Group cuts to Market Perform,0,FINANCE
$NFLX - New Netflix bear steps out https://t.co/PdPkgLk0FQ,0,FINANCE
$SHOP - Shopify loses a bull https://t.co/eoq7Lchtk4,0,FINANCE
$STAY - Nomura Instinet loses confidence in Extended Stay America https://t.co/WrQXTC38nB,0,FINANCE
$TWLO - Twilio gets Street-low target on virus risk https://t.co/Ky3d8DxnjX,0,FINANCE
$VCLT $SPLB $IGLB - Guggenheim's Minerd sees more gloom ahead in stocks https://t.co/NKYQgy2o3J,0,FINANCE
$VIAC $VIACA $FOX - MoffettNathanson expects NFL TV costs to skyrocket https://t.co/APfxEqSSRF,0,FINANCE
$VIAC: Barrington Research cuts to Mkt Perform https://t.co/7Fv1ZiFZBS,0,FINANCE
$XLNX - Mizuho cuts XLNX target on near-term headwinds https://t.co/hsWCvJb1Ct,0,FINANCE
2U downgraded to sector weight from overweight at KeyBanc Capital,0,FINANCE
Alphabet and Facebook price targets cut at Barclays on weaker ad outlook https://t.co/PlbSaE1Nc2,0,FINANCE
AMC Networks price target cut to $35 from $39 at Imperial Capital,0,FINANCE
American Software downgraded to neutral from buy at B. Riley FBR,0,FINANCE
Analysts question Silicon Motion's margin outlook,0,FINANCE
Anchiano Therapeutics downgraded to peer perform from outperform at Oppenheimer,0,FINANCE
Arch Coal stock price target cut to $97 from $100 at B. Riley FBR,0,FINANCE
AT&T downgraded by MoffettNathanson to sell on concern wireless can't carry the whole company,0,FINANCE
AT&T shares sink after MoffettNathanson downgrade,0,FINANCE
"AT&T stock falls after MoffettNathanson downgrades, saying dividend looks less compelling",0,FINANCE
Aurora Cannabis stock price target cut to C$1.00 from C$1.75 at Stifel Nicolaus,0,FINANCE
Autodesk downgraded to underweight from neutral at JPMorgan,0,JPM
BAML warns of profit pressure for Hormel,0,FINANCE
Barclays cools on Molson Coors,0,FINANCE
Becton Dickinson downgraded to outperform from strong buy at Raymond James,0,FINANCE
Becton Dickinson downgraded to sector weight from overweight at KeyBanc Capital,0,FINANCE
Berry Petroleum downgraded to market perform from outperform at BMO Capital,0,FINANCE
Berry Petroleum downgraded to underweight from sector weight at KeyBanc Capital,0,FINANCE
Bluebird bio downgraded to in line from outperform at Evercore ISI,0,FINANCE
Bluebird bio stock price target cut to $86 from $172 at Evercore ISI,0,FINANCE
Canada Goose downgraded to buy from strong buy at CFRA,0,FINANCE
Canada Goose stock price target cut to $50 from $65 at CFRA,0,FINANCE
Children's Place downgraded as e-commerce puts margins at risk,0,FINANCE
Children's Place price target cut to $80 from $105 at Monness Crespi Hardt,0,FINANCE
Cinedigm Corp. Analysts Are Cutting Their Estimates: Here's What You Need To Know,0,FINANCE
Clovis Oncology stock price target cut to $8 from $12 at Evercore ISI,0,FINANCE
Cumberland Pharmaceuticals stock price target cut to $9.00 from $12.25 at B. Riley FBR,0,FINANCE
"Dell, HPE targets trimmed on compute headwinds",0,FINANCE
Dish may not be key winner amid Intelsat woes - analyst,0,FINANCE
Disney downgraded as analyst says parks attendance could take 2 years to 'normalize' https://t.co/InJKourtW3,0,FINANCE
Downgrades 11/25: $AEO $COLM $DGII $EQT $ESS $EVRG $GTT $KRG $MANT $MDCO $NFLX $OMP $PEG $PRU $SBT $SITC $TAP $VIPS,0,FINANCE
Downgrades 4/7: $MLND $MSGN $MTLS $O $OC $OVV $PEB $PK $PLYA $QEP $RHP $RPAI $SAIA $SDC $SHOP $SKY $SLG $SM $TWLO… https://t.co/NGkYTADOSt,0,FINANCE
Dropbox on watch after stinging Spruce Point report,0,FINANCE
"Earnings Update: electroCore, Inc. Just Reported And Analysts Are Trimming Their Forecasts",0,FINANCE
Evercore downgrades bluebird bio and Clovis in premarket analyst action,0,FINANCE
"Fannie Mae, Freddie Mac downgraded to sell, as analyst cites 'unintended consequences' of CARES Act https://t.co/NhiYwphBQd",0,FINANCE
Forescout downgraded to neutral from buy at Monness Crespi Hardt,0,FINANCE
FormFactor cut on 'unsustainable' revenue outlook,0,FINANCE
Funko downgraded to hold from buy at Stifel Nicolaus,0,FINANCE
Funko stock price target cut to $10 from $25 at Stifel Nicolaus,0,FINANCE
GM stock price target cut to $30 from $32 at Deutsche Bank,0,FINANCE
Grubhub gains a bear on margin view,0,FINANCE
H&P downgraded at Argus as drilling industry weakness seen persisting,0,FINANCE
Hanesbrands stock price target cut to $13 vs. $16 at BofA Merrill Lynch,0,FINANCE
Helmerich & Payne started at sell with $34 stock price target at Deutsche Bank,0,FINANCE
Hexo stock price target cut to C$5 from C$6 at MKM Partners,0,FINANCE
Home Depot stock price target cut to $237 from $240 at Instinet,0,FINANCE
Intelsat downgraded to underweight from neutral at J.P. Morgan,0,FINANCE
Intelsat lower after Morgan Stanley target cut,0,FINANCE
Jefferies warns on L Brands,0,FINANCE
Kohl's stock price target cut to $48 from $52 at Deutsche Bank,0,FINANCE
Kohl's stock price target cut to $50 from $53 at Wedbush,0,FINANCE
L Brands stock price target cut to $16 from $20 at Wedbush,0,FINANCE
Lovesac stock price target cut to $28 vs. $33 at Canaccord,0,FINANCE
Lyft stock price target cut to $58 from $70 at Deutsche Bank,0,FINANCE
Macerich downgraded to underweight from sector weight at KeyBanc Capital,0,FINANCE
Marinus Pharma stock price target cut to $6 from $7 at Leerink,0,FINANCE
Methanex downgraded at TD Securities on valuation,0,FINANCE
Metro Inc. Just Missed Earnings And Its EPS Looked Sad - But Analysts Have Updated Their Models,0,FINANCE
Mid-America Apartment Communities downgraded to sector weight from overweight at KeyBanc Capital,0,FINANCE
Mitek Systems stock price target cut to $11 from $14 at Benchmark,0,FINANCE
Napco Security stock price target cut to $30 from $35 at Imperial Capital,0,FINANCE
Needham's Martin Defends Her Prediction That Netflix Subscriptions Will Fall,0,FINANCE
Netflix downgraded to ‘underperform’ at Needham,0,FINANCE
Netflix stock falls after Wells Fargo turns bearish,0,FINANCE
New Netflix bear steps out,0,FINANCE
"New York Opioid Case A Significant Risk For Pharma Stocks, Says Bearish BofA",0,FINANCE
Norwegian Cruise Line downgraded to strong sell from hold at CFRA,0,FINANCE
Novo Nordisk downgraded by UBS on concerns over drug launch cost,0,FINANCE
Oppenheimer cuts estimates on Yum China,0,FINANCE
Orbcomm price target lowered to $9 at Canaccord,0,FINANCE
O'Reilly Automotive stock price target cut to $405 from $415 at J.P. Morgan,0,FINANCE
Patterson-UTI Energy started at sell with $7 stock price target at Deutsche Bank,0,FINANCE
PS Business Parks downgraded to underweight from sector weight at KeyBanc Capital,0,FINANCE
Rio Tinto downgraded to neutral from overweight at J.P. Morgan,0,FINANCE
"Rosenblatt Projects 47% Downside In Apple Shares, Warns Of Drop In iPhone Production",0,FINANCE
Royal Caribbean downgraded to sell from buy at CFRA,0,FINANCE
Royal Caribbean stock price target cut to $100 from $135 at CFRA,0,FINANCE
Royal Caribbean's stock falls after CFRA swings to bearish on 'more dire' coronavirus assessment,0,FINANCE
Scandinavian Tobacco Group A/S Earnings Missed Analyst Estimates: Here's What Analysts Are Forecasting Now,0,FINANCE
Sherwin-Williams cut from Conviction Buy at Goldman on valuation,0,FINANCE
Sirius downgraded on valuation,0,FINANCE
Spotify Double Downgrade Reflects Prospect of Slower Revenue Growth https://t.co/jMJ3N4A06T,0,FINANCE
SunTrust latest to trim Nielsen target,0,FINANCE
Taco Bell parent Yum Brands downgraded to neutral from buy at BTIG,0,FINANCE
Take-Two downgraded on murky game slate,0,FINANCE
Take-Two Interactive stock price target cut to $124 from $133 at MKM Partners,0,FINANCE
Target Hospitality downgraded to perform from outperform at Oppenheimer,0,FINANCE
Taubman Centers downgraded to sector weight from overweight at KeyBanc Capital,0,FINANCE
"The Manitowoc Company, Inc. Just Reported Earnings, And Analysts Cut Their Target Price",0,FINANCE
Transocean started at sell with $3 stock price target at Deutsche Bank,0,FINANCE
Ultra Clean downgraded to hold from buy at Stifel Nicolaus,0,FINANCE
Wells Fargo Downgrades Netflix $NFLX to Underperform but sees as a takeover target. NFLX could get acquired: NFLX i… https://t.co/vuNpYwRDSg,0,FINANCE
Wells Fargo Downgrades Netflix On Spending Concerns,0,FINANCE
"Wells Fargo downgrades Netflix: 'If content is king, then cash is queen' https://t.co/niUwYR5YUD",0,FINANCE
Welltower stock price target cut to $90 from $95 at J.P. Morgan,0,FINANCE
WWE stock price target cut to $57 from $79 at Benchmark,0,FINANCE
$ALTG: Dougherty & Company starts at Buy,1,FINANCE
$AMD - AMD's Navi shows strong adoption - BofA https://t.co/WnCksfl1gX,1,FINANCE
$ANCUF: BMO Capital Markets ups to Outperform,1,FINANCE
$BHE: Lake Street starts at Buy,1,FINANCE
$CNC *S&P Raises Centene Corp. Rtg To BBB- From BB+; Outlk Stable*,1,FINANCE
$DE - Citi gives big boost to Deere PT https://t.co/MfhnyZe593,1,FINANCE
$EBAY - Guggenheim sees favorable catalysts for eBay https://t.co/1adfDkHeaw,1,FINANCE
$FCX - Freeport upgraded as Credit Suisse sees big buying opportunity https://t.co/d4TGqrNi7Y,1,FINANCE
$FLXN: BTIG Research starts at Buy https://t.co/MCyfTsXc2N,1,FINANCE
"$FNV - Franco-Nevada will not need more funding despite suspensions, analyst says https://t.co/pyARTEahWH",1,FINANCE
$GBT: Cantor Fitzgerald resumes at Overweight,1,FINANCE
$GM - Morgan Stanley sees GM doubling in bull case scenario https://t.co/uNK2xzGQuq,1,FINANCE
$GOOS: Barclays starts at Overweight,1,FINANCE
$HAS - Hasbro gains after UBS upgrade https://t.co/taTMaip1uM,1,FINANCE
"$JD - New https://t.co/BDnqOJSFq5 bull praises acceleration, margin profile https://t.co/Swtzl0mjnF",1,FINANCE
$JD: Barclays ups to Overweight,1,FINANCE
$KHC - JPMorgan constructive on Kraft Heinz https://t.co/Sp4I2ehAVw,1,JPM
$KIM: Compass Point ups to Neutral,1,FINANCE
$LOW - Lowe's racks up another positive rating despite recession risk https://t.co/ekx4f6aqIK,1,FINANCE
$LRCX - Lam target boosted on 'compelling' setup https://t.co/TBgKmZH6pM,1,FINANCE
$LULU: Barclays starts at Overweight https://t.co/MCyfTsXc2N,1,FINANCE
"$MU $WDC - Bull sees 2020 upsides for MU, WDC https://t.co/65zGfs82xI",1,FINANCE
$NBY Rated buy https://t.co/xWbLXU1yOY,1,FINANCE
$NFLX - SunTrust expecting Netflix to post strong user growth https://t.co/6z62FXsUom,1,FINANCE
$NVDA - Nvidia set for gaming tailwinds - BofA https://t.co/l3m78pJzrW,1,FINANCE
$OCN - BTIG sees 'material improvement' to Ocwen book value https://t.co/8MMo05uiM6,1,FINANCE
$OYST: Cowen starts at Outperform,1,FINANCE
$RAPT: BMO Capital Markets starts at Outperform,1,FINANCE
$RNG - Evercore starts RingCentral at Outperform https://t.co/rfNcO3sw2k,1,FINANCE
$SBAC $SBAC $AMT - MoffettNathanson boosts SBAC to Buy https://t.co/8k4l0c5x89,1,FINANCE
$SNAP - Loop turns bullish on Snap ad growth https://t.co/TekdZS48et,1,FINANCE
$STXS: Lake Street starts at Buy,1,FINANCE
$TENB - Cowen sees upside in TENB's Indegy purchase https://t.co/Ve7bTreR7Y,1,FINANCE
"$UBER $LYFT - Uber, Lyft can raise prices to profit - Barclays https://t.co/1xx084l36h",1,FINANCE
$WABC: Maxim Group ups to Buy,1,FINANCE
$WRI: Compass Point ups to Buy,1,FINANCE
$ZS - New Zscaler bull sees 'sustainable' growth; shares +4% https://t.co/4fx811IVG5,1,FINANCE
"Activision, Take-Two charts look 'constructive' as Wells Fargo gets bullish on video game plays: Trader $ATVI $TTWO… https://t.co/1s0WRleA2n",1,FINANCE
Adobe stock price target raised to $315 vs. $290 at Wedbush,1,FINANCE
Adobe stock price target raised to $318 vs. $310 at Instinet,1,FINANCE
Aegis Capital positive on Netflix usage trend,1,FINANCE
"After a 60% drop in 6 months, Bank of America says buy pot stock Canopy",1,FINANCE
Akero Therapeutics started at buy with $36 stock price target at Canaccord Genuity,1,FINANCE
Align Technology stock price target raised to $305 from $290 at Stifel Nicolaus,1,FINANCE
Allergan upgraded to buy from neutral at UBS,1,FINANCE
Altria stock price target raised to $54 from $50 at Stifel Nicolaus,1,FINANCE
Amneal Pharma price target raised to $6 vs. $4 at SunTrust Robinson Humphrey,1,FINANCE
"An analyst at Loop Capital upgrades $LYFT  to buy from hold, citing higher revenue growth potential.  https://t.co/2blCalNe9P",1,FINANCE
Analyst: AT&T Is The Top Telecom Pick For 2020,1,FINANCE
Analysts Mostly Bullish On Newly Public Insurance Firm BRP Group,1,FINANCE
Analysts See 18% Gains Ahead For The Holdings Of The First Trust Dow Jones Internet Index Fund ETF,1,FINANCE
Ansys stock price target raised to $265 from $235 at Benchmark,1,FINANCE
Anthem stock price target raised to $330 from $300 at SunTrust RH,1,FINANCE
Applied Industrial Technologies stock price target raised to $70 from $65 at KeyBanc Capital,1,FINANCE
arGen-X stock price target raised to $255 vs. $203 at Instinet,1,FINANCE
Armata Pharmaceuticals started at buy with $8 stock price target at Maxim Group,1,FINANCE
Arrow Electronics stock price target raised to $87 vs. $84 at SunTrust Robinson Humphrey,1,FINANCE
"Asset Management One Co. has a bullish call on Treasuries. One for the long, long run https://t.co/8go8ZhMvdc",1,FINANCE
Audentes Therapeutics stock price target raised to $40 from $34 at Evercore ISI,1,FINANCE
Audentes Therapeutics upgraded to outperform from in line at Evercore ISI,1,FINANCE
Axcelis Technologies stock price target raised to $32 from $24 at Benchmark,1,FINANCE
Baird bullish on beat-up Canada Goose,1,FINANCE
Baird likes drug wholesalers in premarket analyst action,1,FINANCE
Baird returns to Wingstop bull camp,1,FINANCE
Baker Hughes started at buy with $32 stock price target at Deutsche Bank,1,FINANCE
Bank of America stock price target raised to $49 from $48 at Oppenheimer,1,FINANCE
Barclays analysts says Uber and Lyft are well-positioned to achieve profitability https://t.co/emLga0CBm1,1,FINANCE
"Bausch Health upgraded to overweight from neutral at JPMorgan, price target raised to $38 from $32",1,JPM
Bed Bath & Beyond reiterated as buy at BofA Merrill Lynch,1,FINANCE
Belden stock price target raised to $56 vs. $54 at SunTrust Robinson Humphrey,1,FINANCE
Benchmark says this roof supplier is a Buy,1,FINANCE
Bernstein turns bullish on VMware's valuation,1,FINANCE
Berry Petroleum upgraded to sector weight from underweight at KeyBanc Capital,1,FINANCE
Best Buy stock price target raised to $105 from $86 at Oppenheimer,1,FINANCE
Biogen stock price target raised to $392 from $320 at Instinet,1,FINANCE
Biogen stock price target raised to $410 from $350 at SVB Leerink,1,FINANCE
Boeing stock price target raised to $427 from $406 at CFRA,1,FINANCE
"BofA Upgrades WestRock After Containerboard Conference, London Pulp Week",1,FINANCE
"Bouygues SA Just Beat Analyst Forecasts, And Analysts Have Been Updating Their Predictions",1,FINANCE
BTIG expects Domino's to boost buybacks,1,FINANCE
BTIG sees 'material improvement' to Ocwen book value,1,FINANCE
"Bull sees 2020 upsides for MU, WDC",1,FINANCE
Cabot upgraded to buy from neutral at UBS,1,FINANCE
"Canada Goose upgraded to outperform from neutral at Baird, price target C$53",1,FINANCE
Capital Southwest initiated at outperform at Raymond James with $23.50 price target,1,FINANCE
Celanese stock price target raised to $120 vs. $111 at BofA Merrill Lynch,1,FINANCE
CF Industries stock price target raised to $56 vs. $52 at BofA Merrill Lynch,1,FINANCE
CF Industries upgraded to buy vs. neutral at BofA Merrill Lynch,1,FINANCE
Ciena stock price target raised to $47 vs. $43 at Instinet,1,FINANCE
Citi gives big boost to Deere PT,1,FINANCE
Citi reels in PT on Nu Skin,1,FINANCE
"CITRON SAYS IT'S LONG ON LUCKIN COFFEE

MW vs CItron",1,FINANCE
CNH Industrial upped to Buy at Deutsche Bank on valuation,1,FINANCE
Copa Holdings stock price target raised to $130 from $103 at Deutsche Bank,1,FINANCE
Costco price target raised to $330 vs. $320 at BofA Merrill Lynch,1,FINANCE
CSX stock price target raised to $90 from $72 at Deutsche Bank,1,FINANCE
CSX upgraded to buy from hold at Deutsche Bank,1,FINANCE
CVS Health stock price target raised to $90 from $85 at SunTrust RH,1,FINANCE
CyrusOne upgraded to overweight from sector weight at KeyBanc Capital,1,FINANCE
Diamondrock Hospitality upgraded to sector weight from underweight at KeyBanc Capital,1,FINANCE
DLH Holdings maintained as buy with $7 price target at Canaccord,1,FINANCE
Domtar upgraded to market perform at BMO Capital,1,FINANCE
Dow stock price target raised to $52 vs. $46 at BofA Merrill Lynch,1,FINANCE
"Earnings Update: Here's Why Analysts Just Lifted Their Aemetis, Inc. Price Target To US$2.25",1,FINANCE
Earnings Update: Here's Why Analysts Just Lifted Their Milestone Scientific Inc. Price Target To US$2.00,1,FINANCE
"Earnings Update: Here's Why Analysts Just Lifted Their Skyworks Solutions, Inc. Price Target To US$104",1,FINANCE
Eastman Chemical stock price target raised to $85 vs. $82 at BofA Merrill Lynch,1,FINANCE
Edgewell stock price target raised to $41 from $33 at CFRA,1,FINANCE
Elastic upgraded to buy from hold at Canaccord Genuity,1,FINANCE
"Enbridge upgraded to buy from neutral at UBS, price target lifted to C$54 from C$50",1,FINANCE
"Energizer Holdings upgraded to neutral from underweight at JP Morgan, price target lifted to $51 from $41",1,FINANCE
Energizer shakes off JPMorgan's bear call,1,JPM
Equity Lifestyle Properties upgraded to outperform at BMO Capital,1,FINANCE
Estee Lauder stock price target raised to $238 from $202 at Raymond James,1,FINANCE
Etsy initiated as buy with $55 price target at SunTrust Robinson Humphrey,1,FINANCE
FedEx stock price target raised to $168 from $163 at BofA Securities,1,FINANCE
FleetCor stock price target raised to $325 from $310 at CFRA,1,FINANCE
Ford's electric SUV impresses Credit Suisse,1,FINANCE
Fortinet stock price target raised to $115 from $104 at BMO Capital,1,FINANCE
Fortinet stock price target raised to $120 from $110 at Monness Crespi Hardt,1,FINANCE
"Glenmark Pharmaceuticals Limited Just Beat Analyst Forecasts, And Analysts Have Been Updating Their Predictions",1,FINANCE
Goldman adds Workday to conviction list; shares +1%,1,FINANCE
"Goldman Says 36,000% Rally in Brazilian Retailer Has Room to Run",1,FINANCE
GrubHub stock price target raised to $40 from $34 at Oppenheimer,1,FINANCE
GrubHub stock price target raised to $60 from $30 at Susquehanna,1,FINANCE
Hasbro upgraded on earnings growth potential from Entertainment One acquisition,1,FINANCE
"Hasbro upgraded to buy from neutral at UBS, price target $117",1,FINANCE
Heat Biologics started at buy with $1 stock price target at Maxim Group,1,FINANCE
"Home Depot upgraded to outperform from neutral at Credit Suisse, price target raised to $235 from $225",1,FINANCE
Humana stock price target raised to $363 from $319 at Deutsche Bank,1,FINANCE
Huntsman named Conviction Buy at Goldman in chemical sector shuffle,1,FINANCE
Intel stock price target raised to $62 vs. $60 at SunTrust Robinson Humphrey,1,FINANCE
Intercept Pharmaceuticals maintained as buy with $165 price target at Canaccord,1,FINANCE
Invitae Corp. maintained as buy at Benchmark,1,FINANCE
J.C. Penney stock price target raised to $1.00 from 80 cents at B. Riley FBR,1,FINANCE
Jabil stock price target raised to $47 from $36 at CFRA,1,FINANCE
Jefferies analysts lifted Tesla $TSLA shares to buy while paring the price target 19%. https://t.co/BJhXfQuRTd,1,TSLA
JPMorgan likes Bausch Health in premarket analyst action,1,JPM
JPMorgan out bullish on Uber's upside potential,1,JPM
Kilroy Realty upgraded to overweight from sector weight at KeyBanc Capital,1,FINANCE
L3Harris started at buy with $280 stock price target at Benchmark,1,FINANCE
Lagging MLP upgraded at Goldman as new projects seen lifting cash flows,1,FINANCE
Ligand Pharmaceuticals started at buy with $135 stock price target at Benchmark,1,FINANCE
Lovesac maintained as buy at Canaccord,1,FINANCE
Lululemon stock price target raised to $260 vs. $222 at Susquehanna,1,FINANCE
Lyft stock gets an upgrade due to competitive positioning,1,FINANCE
LyondellBasell sock price target raised to $107 vs. $99 at BofA Merrill Lynch,1,FINANCE
Magnolia Oil & Gas started at overweight with $14 stock price target at KeyBanc Capital,1,FINANCE
Mesa Air reiterated as outperform at Cowen,1,FINANCE
Microchip Technology stock price target raised to $113 vs. $106 at SunTrust Robinson Humphrey,1,FINANCE
Mizuho raises Intel on aggressive price cuts,1,FINANCE
Molina Healthcare stock price target raised to $165 from $155 at SunTrust RH,1,FINANCE
Morgan Stanley analyst Joseph Moore upgraded NVIDIA (NASDAQ: $NVDA) from Equalweight to Overweight with a price tar… https://t.co/NVjiO6Brwb,1,FINANCE
Morgan Stanley bullish on Eldorado Resorts ahead of Caesars combination,1,FINANCE
Morgan Stanley joins mortgage sector bulls,1,FINANCE
Morgan Stanley Raises Fortinet's Price Target After Bullish Analyst Day,1,FINANCE
Morgan Stanley upgrades NVIDIA $NVDA from Equal-Weight to Overweight and announces $259 price target.,1,FINANCE
"Morgan Stanley upgrades Nvidia to buy, predicting 2020 will be 'a return to solid growth' https://t.co/9gTGxKbSGj",1,FINANCE
"Munster Doubles Down, Says Apple Has 40% Upside This Year",1,FINANCE
New bull sees 22% upside for Splunk,1,FINANCE
New for subscribers:  Morgan Stanley adds Amazon to its list of favorite stocks. Here are the rest... https://t.co/QbgS6IQXRt,1,FINANCE
Newmont Goldcorp stock price target raised to $41.50 from $39.50 at B. Riley FBR,1,FINANCE
NLight target raised on Nutronics deal,1,FINANCE
Nokia stock price target raised to $6.00 from $5.50 at MKM Partners,1,FINANCE
Nuvasive upgraded to outperform vs market perform at Leerink,1,FINANCE
"Nvidia Has One Of The Best Opportunities To Maintain High Multiple, Morgan Stanley Says In Upgrade",1,FINANCE
Nvidia stock climbs after Morgan Stanley turns bullish,1,FINANCE
NXP Semiconductors stock price target raised to $139 vs. $128 at SunTrust Robinson Humphrey,1,FINANCE
Olin Corp. stock price target raised to $23 vs. $22 at BofA Merrill Lynch,1,FINANCE
"One analyst says TD could unlock ""significant value"" by selling its minority stake in Ameritrade after its purchase… https://t.co/swy7IVNnQE",1,FINANCE
Onto Innovation stock price target raised to $50 from $40 at Benchmark,1,FINANCE
Owens Corning upgraded at Wells after raising residential insulation prices,1,FINANCE
"Owens Corning Upgraded On Strong Insulation, Roofing Potential",1,FINANCE
Oyster Point Pharma initiated at overweight with $26 price target at JP Morgan,1,FINANCE
"Paul Tudor Jones Sees the Potential for a Stock Market Explosion, to the Upside",1,FINANCE
PennMac Financial rises to record as Piper gets more bullish,1,FINANCE
Piper likes DexCom in premarket analyst action,1,FINANCE
"Pixelworks, Inc. Just Reported And Analysts Have Been Lifting Their Price Targets",1,FINANCE
PPG Industries stock price target raised to $113 vs. $105 at BofA Merrill Lynch,1,FINANCE
Prothena upgraded to outperform from in line at Evercore ISI,1,FINANCE
Purple Innovation initiated at overweight with $12 price target at KeyBanc Capital,1,FINANCE
Quanterix maintained as outperform with $35 price target at Leerink,1,FINANCE
Results: KLA Corporation Beat Earnings Expectations And Analysts Now Have New Forecasts,1,FINANCE
RPM International stock price target raised to $79 vs. $75 at BofA Merrill Lynch,1,FINANCE
S&P Global stock price target raised to $322 from $274 at Stifel Nicolaus,1,FINANCE
Sanderson Farms stock price target raised to $159 from $150 at J.P. Morgan,1,FINANCE
Schlumberger started at buy with $42 stock price target at Deutsche Bank,1,FINANCE
Selvaag Bolig ASA Just Beat Earnings Expectations: Here's What Analysts Think Will Happen Next,1,FINANCE
"SoftBank will have the ""last laugh"" with WeWork deal, one Bernstein analyst says https://t.co/qmfAPKICdp",1,FINANCE
Sonoma Pharma maintained as buy with $9 price target at Benchmark,1,FINANCE
Splunk upgraded to overweight at Morgan Stanley,1,FINANCE
"Starbucks Stock Is a Buy, According to This Investment Bank",1,FINANCE
Starbucks upgraded to overweight at J.P. Morgan after meeting with executives,1,FINANCE
"Stifel Upgrades Parker-Hannifin On Potential Synergies, Industry Recovery Prospects",1,FINANCE
"Stifel Upgrades Wendy's, Bullish On Breakfast And Digital Prospects",1,FINANCE
"Syanptics raised on forecast, margin strength",1,FINANCE
Synaptics stock price target raised to $40 from $32 at J.P. Morgan,1,FINANCE
"Synopsys upgraded to overweight from neutral at JPMorgan, price target raised to $160 from $157",1,JPM
TE Connectivity stock price target raised to $95 vs. $94 at SunTrust Robinson Humphrey,1,FINANCE
Teekay Tankers upped two notches to Buy at BAML,1,FINANCE
Texas Instruments stock price target raised to $125 vs. $122 at SunTrust Robinson Humphrey,1,FINANCE
Twitter stock price target raised to $36.50 from $34.50 at Wedbush,1,FINANCE
Twitter stock price target raised to $38 from $36 at SunTrust RH,1,FINANCE
Twitter stock price target raised to $47 from $34 at Susquehanna,1,FINANCE
"Twitter, Inc. Just Reported And Analysts Have Been Lifting Their Price Targets",1,FINANCE
U.S. Well Services initiated at buy with $3.50 price target at Stifel,1,FINANCE
Uber stock price target raised to $45 from $34 at MKM Partners,1,FINANCE
Uber stock price target raised to $49 from $47 at BofA Securities,1,FINANCE
Uber stock price target raised to $50 from $45 at Oppenheimer,1,FINANCE
Uber stock price target raised to $52 from $50 at Wedbush,1,FINANCE
Uber stock price target raised to $54 from $50 at Deutsche Bank,1,FINANCE
UBS raises Peloton’s price target to $40,1,FINANCE
UBS upgrades Hasbro on strong sales of Frozen II dolls into Black Friday https://t.co/23HWM60K7q,1,FINANCE
UDR upgraded to overweight from sector weight at KeyBanc Capital,1,FINANCE
Unisys stock price target raised to $21 from $18 at Sidoti & Co.,1,FINANCE
UnitedHealth stock price target raised to $338 from $303 at CFRA,1,FINANCE
Upgrades 11/25: $ARWR $CACI $CF $DECK $DKS $ENR $EQM $ETRN $FE $HAS $HLX $JD $KIM $LYFT $NTR $NVDA $ORAN $PROS $SNAP $WEN $WING $WRI $ZS,1,FINANCE
Upgrades 4/7: $AMT $BHP $BK $CHH $ENI $EQNR $ETR $EXR $FCX $HOLX $HSIC $LOW $LSI $MAR $MAS $MGP $MHK $MXL $NGG $NWE… https://t.co/jXZNb22Cwb,1,FINANCE
Vertex Pharmaceuticals stock price target raised to $248 from $240 at BMO Capital,1,FINANCE
Vertical Research expects Allison Transmission to break out,1,FINANCE
Voyager Therapeutics started at outperform with $26 stock price target at Oppenheimer,1,FINANCE
Walt Disney stock price target raised to $143 from $141 at Imperial Capital,1,FINANCE
"Wells Fargo analyst Dori Kesten lifted her rating on Marriott $MAR to overweight, noting that the hotel chain's sha… https://t.co/9TLXzYZjUs",1,FINANCE
Wells still bullish on T-Mobile after unsurprising CEO change,1,FINANCE
Westlake Chemical stock price target raised to $65 vs. $64 at BofA Merrill Lynch,1,FINANCE
WestRock stock price target raised to $48 from $42 at BofA Merrill Lynch,1,FINANCE
WestRock upgraded to buy from neutral at BofA Merrill Lynch,1,FINANCE
Why Credit Suisse Sees the S&P 500 Gaining 10% in 2020,1,FINANCE
Williams Cos. initiated as buy with $27 price target at SunTrust Robinson Humphrey,1,FINANCE
"Workday added to Goldman's conviction list, stock gains",1,FINANCE
Zendesk stock price target raised to $85 from $75 at Stifel Nicolaus,1,FINANCE
Zendesk targets raised after 'solid' results,1,FINANCE
$LB - MKM Partners puts a number on Victoria's Secret https://t.co/VSzHLqLBgE,2,FINANCE
$WING - Baird returns to Wingstop bull camp https://t.co/KfPaweOVgo,2,FINANCE
Analysts React To FCC Decision On Intelsat C-Band Spectrum Auction,2,FINANCE
Arex Capital ramps up pressure on Zagg,2,FINANCE
Aviation Capital Group Assigned ‘Baa2’ Rating by Moody’s https://t.co/kEKxNfJEgZ https://t.co/5hasUcG1ON,2,FINANCE
"Benzinga's Top Upgrades, Downgrades For December 17, 2019",2,FINANCE
"Benzinga's Top Upgrades, Downgrades For November 25, 2019",2,FINANCE
BRP Group started at hold with $18 stock price target at Jefferies,2,FINANCE
"BTIG resumes coverage on range of healthcare stocks, neutral on AbbVie",2,FINANCE
Bull camp empty on Sally Beauty,2,FINANCE
CA$10.60 - That's What Analysts Think Vecima Networks Inc. Is Worth After These Results,2,FINANCE
"Chicken Soup for the Soul Entertainment, Inc. Third-Quarter Results: Here's What Analysts Are Forecasting For Next Year",2,FINANCE
"Citron Research, owned by the prominent short seller Andrew Left, placed a $5 price target on $PTON  https://t.co/a5WT4knuVf",2,FINANCE
"Coin Toss: Morgan Stanley Raises Tesla Bull Case To $500, Keeps Bear Case At $10 https://t.co/hjXizuPs7Z",2,FINANCE
GDS Holdings Limited Just Released Its Third-Quarter Earnings: Here's What Analysts Think,2,FINANCE
Global Automotive Tensioner Market 2019-2023 | Growing Adoption of Start-Stop System to Boost Growth | Technavio… https://t.co/xST0VP6IgS,2,FINANCE
"Here are the biggest analyst calls of the day: Johnson & Johnson, Canopy Growth, Intelsat & more",2,FINANCE
"Here are the biggest analyst calls of the day: Netflix, Nvidia, Lyft, Molson Coors, Snap & more",2,FINANCE
"Here are the biggest analyst calls of the day: Netflix, Nvidia, Lyft, Molson Coors, Snap & more https://t.co/jzxbhHJwOu",2,FINANCE
II-Vi Inc. initiated as neutral at Susquehanna,2,FINANCE
LivePerson started at neutral with $40 stock price target at J.P. Morgan,2,FINANCE
Miller Value Partners Likes These Two Stocks; Bearish on One,2,FINANCE
MKM Partners puts a number on Victoria's Secret,2,FINANCE
Morgan Stanley has a new favorite pick in the chip space,2,FINANCE
MPLX initiated as hold with $28 price target at SunTrust Robinson Humphrey,2,FINANCE
Oppenheimer calls out transformation of big-box retailer,2,FINANCE
"Pipestone Energy Corp. Just Reported, And Analysts Assigned A CA$2.55 Price Target",2,FINANCE
Royal Caribbean Cruises Ltd. Full-Year Results Just Came Out: Here's What Analysts Are Forecasting For Next Year,2,FINANCE
"Spirit Airlines, Inc. Just Released Its Full-Year Results And Analysts Are Updating Their Estimates",2,FINANCE
"Stock Market Update: NVIDIA shares upgraded, Netflix downgraded",2,FINANCE
TJX Q3 FactSet consensus 66 cents,2,FINANCE
"Top Analyst Upgrades and Downgrades: AbbVie, Biogen, Boeing, Etsy, Gilead, GoPro, Micron, Newmont, Peloton, Pfizer, Valero, Zynga and More",2,FINANCE
Twilio Inc. Full-Year Results Just Came Out: Here's What Analysts Are Forecasting For Next Year,2,FINANCE
Upgrades 2/4: $AMAL $CM $CMCSA $ELF $GDOT $LFUS $MLI $RRR $TD $TXRH $VLY $WW Downgrades 2/4: $ABG $AWK $CHKP $DEO… https://t.co/xscOdKUhfo,2,FINANCE
US$50.08: That's What Analysts Think Weibo Corporation Is Worth After Its Latest Results,2,FINANCE
Valaris started at hold with $4 stock price target at Deutsche Bank,2,FINANCE
William Blair sees rivals pressing Viasat,2,FINANCE
Aggressive Fed boost fails to stop sell-off #Samp;P500 #economy #MarketScreener https://t.co/p8lniQQTZt https://t.co/VsHuUI8mgj,0,FINANCE
Bank of Ireland cuts key profit target as low rates take toll https://t.co/pWzgfDXDm3,0,FINANCE
Bank of Nova Scotia : Scotiabank CEO expects 'somewhat elevated' loan losses for 3-4 quart... #BankofNovaScotia… https://t.co/OAXfDtrtAk,0,FINANCE
Breakingviews - Fed's ultra-loose efforts will cast long shadow https://t.co/nktomiS4jW https://t.co/A5r5dgKIhX,0,FINANCE
European banks slash $280bn from main US businesses https://t.co/Gwahc0Sc0F,0,FINANCE
Europe's banks were only halfway through cleaning up more than $1 trillion of loans that turned sour in the last cr… https://t.co/a5XeRxCEVl,0,FINANCE
"Eurozone banks' returns were already hurting before COVID-19, ECB says https://t.co/hDvBAwFDeG",0,FINANCE
Fed Liquidity Drain Spoils Virus-Surge-Inspired Stock Buying-Panic | Zero Hedge https://t.co/wnLxXP4sHu,0,FINANCE
Fed policymakers working to limit damage as pandemic puts U.S. economy on pause https://t.co/QwCihVGWly https://t.co/ZRbeFgfAdo,0,FINANCE
Fed Report : Small-Business Sector Highly Vulnerable to Coronavirus Crisis--Update #FedReport #economy… https://t.co/AjGZqiRl5b,0,FINANCE
"Fed Warns Virus Poses ‘New Risk’ to Global Growth, Markets",0,FINANCE
Fed's Bullard: China to 'slow noticeably' in first quarter due to virus https://t.co/i1jKKq9kNi https://t.co/4Ug71D7IN6,0,FINANCE
"Fed's corporate credit measures to limit buybacks, dividend https://t.co/4FrdSvMV8T",0,FINANCE
Fed's Williams: Risks to U.S. economy still to the downside,0,FINANCE
"Former Fed chief Bernanke sees bad year, no quick recovery #economy #MarketScreener https://t.co/YaN7qVv5aq https://t.co/zn3oEbjuL7",0,FINANCE
"Janet Yellen says a V-shaped economic recovery ""is possible,' but she is ""worried that the outcome will be worse"" https://t.co/11FIumVTXC",0,FINANCE
Lagarde Says ECB Running Out of Room to Fight Global Threats,0,FINANCE
"Lagarde Says ECB's Options Limited by Low Rates, Low Inflation",0,FINANCE
New #IMFBlog shows that long-lasting credit booms that featured rapid construction growth never ended well.… https://t.co/gMBiUS6z7J,0,FINANCE
Overall Fed Temporary Liquidity Continues to Shrink #economy #MarketScreener https://t.co/UjqUoGk3L9 https://t.co/OVGpDhlZOb,0,FINANCE
Schweizerische Nationalbank : Switzerland Loses Grip on World's Lowest Borrowing Costs -- ...… https://t.co/fuN3T0obd5,0,FINANCE
Some officials worried about the bank's decision to drop self-imposed limits on the ECB's bond purchases https://t.co/elfM7nRACS,0,FINANCE
"Thailand has a limited space to deliver a “strong dose” of monetary policy, central bank governor says as he cautio… https://t.co/WR3CYfD3hy",0,FINANCE
The Federal Reserve's rescue of the overnight lending market appears to be having an unintended side effect: it's j… https://t.co/8Ko2fxHj7W,0,FINANCE
UAE stimulus to help bank liquidity but may increase problem loans - Moody's #economy #MarketScreener… https://t.co/8rGhax4y8C,0,FINANCE
UPDATE 2-China cbank warns high financial risks amid rising economic headwinds,0,FINANCE
"Yellen Blames ""Enormous Debt And Buybacks"" For Coming Default Wave; Morgan Stanley Says It's All The Fed's Fault  https://t.co/Ed0jVBpmhZ",0,FINANCE
"Fed Chair Powell: 'no reason' rising wages, job gains can't continue https://t.co/cCUifiy1YG https://t.co/pjXZLMl9Jf",1,FINANCE
"Federal Reserve Chairman Jerome Powell said the U.S. economy is 'resilient,' even as he cited the potential threat… https://t.co/jdypDu2LhY",1,FINANCE
Fed's 'bazooka' soothes dollar funding squeeze https://t.co/ZHKV5YcU5L https://t.co/gB2rZSnrcF,1,FINANCE
Fed's Daly says U.S. economy well placed to weather storms https://t.co/46F3sPCsXW https://t.co/Hn3cXkJQhp,1,FINANCE
Fed's Daly says US job market still has room to run https://t.co/nQOWWsXkh7,1,FINANCE
Fed's Kaplan: Inflation Will Be Muted For Some Time (Radio),1,FINANCE
Fed's Mary Daly says current interest rates put economy 'in a good place to weather the storms',1,FINANCE
"Fed's Mester, upbeat on outlook, say central bank can watch and wait on interest rates",1,FINANCE
Fed's Rosengren says he is 'optimistic' on economy,1,FINANCE
Fed's Rosengren says U.S. unlikely to have economic downturn in 2020,1,FINANCE
World Bank's Malpass upbeat on prospects for progress on debt relief #economy #MarketScreener… https://t.co/tILUoEQkYC,1,FINANCE
"Commercial and industrial loans at all commercial banks fall to $2.345 trillion, down $7 billion from a week earlie… https://t.co/IO6JFnTMWX",2,FINANCE
Czech interest rates could stay where they are for another year as global risks cloud the outlook for the export-or… https://t.co/bDhYKopjCM,2,FINANCE
ECB bought record debt volumes last week in crisis fight #economy #MarketScreener https://t.co/08TD4PqNna https://t.co/5ct4SutY3Q,2,FINANCE
Fed Chairman Jerome Powell says central bank 'watching carefully' as firms brace for wave of missed mortgage paymen… https://t.co/mBzYyHmCrW,2,FINANCE
Italy's top bank unveils new lending measures as firms battle cash crunch https://t.co/ioNcxm5GzF https://t.co/7PFLksQXJP,2,FINANCE
"The Fed may lower the rate on its support facility for money market funds, strategists say https://t.co/FrLrivydji",2,FINANCE
$ECONX: Federal Reserve will establish facility to facilitate lending to small businesses via the Small Business... https://t.co/OCCUO9DX7c,2,FINANCE
$XLF $FAS $FAZ - Fed revives TALF to bolster ABS market https://t.co/0rRXf0aqLC,2,FINANCE
$XLF $FAS $FAZ - The Fed to establish term financing for small business loans https://t.co/4nTXbSxrHN,2,FINANCE
.@WorldBank Group asks #G20 leaders to suspend debt repayments from poorest countries. This will help focus critica… https://t.co/VMcZWh4sop,2,FINANCE
Asset Allocation Committee Outlook 2Q2020 | Contagion. https://t.co/3SLpGWc3KL #economy #markets #investing,2,FINANCE
"Australia central bank pumps liquidity, proposes bond buys to ease financial conditions https://t.co/JkbAPjX6Yv https://t.co/GFYiDHmP2U",2,FINANCE
"Australia plans an additional A$66 billion ($38.2 billion) in stimulus for the coronavirus-stricken economy, includ… https://t.co/7O2gkIusAO",2,FINANCE
Bank of Israel expands its crisis QE with $13.6 billion in bond buying https://t.co/xEMWn1vjAO,2,FINANCE
Brazil's central bank stepped in to prop up the currency https://t.co/yQBoa6mTqi,2,FINANCE
Central Bank actions will contribute to easing the economic impact of the pandemic - Governor Gabriel… https://t.co/UhzEj1icQ3,2,FINANCE
ECB makes it easier for banks to tap credit amid coronavirus crisis https://t.co/aUORNC7SON https://t.co/rrzy3Yv56J,2,FINANCE
ECB to ease collateral requirements for banks looking to borrow #economy #MarketScreener https://t.co/rlYmLpiGKA https://t.co/9v3IP9D10o,2,FINANCE
"eib: #MustRead➡️EIB Bank Lending #Survey for #CESEE shows optimistic opinion of the region, positive profitability… https://t.co/jtZoHHCmeB",2,FINANCE
"Fed, saying aggressive action is needed, starts unlimited QE https://t.co/pbo30sSQ9Z",2,FINANCE
Fed's Quarles says 2-3 weeks away from getting loans to mid-sized U.S. businesses through its newly created Main St… https://t.co/3R4DyktUJ0,2,FINANCE
"Fed's Quarles: ""Main Street"" loans like two to three weeks off as details finalized https://t.co/pUobuzSFBj https://t.co/ZTGR5dNCBo",2,FINANCE
Governments and central banks globally have pledged a dizzying $3 trillion-and counting. But companies are struggli… https://t.co/YrbmCS9ZX9,2,FINANCE
"IMF encouraged by recovery in China, but pandemic could resurge https://t.co/UCjDmDNwoP https://t.co/Rua86ZJmMO",2,FINANCE
Instant View: Fed launches unprecedented range of credit support https://t.co/3WQX0rnURD https://t.co/YAnONEz11p,2,FINANCE
Italy announces guarantees for bank loans worth over 400 billion euros https://t.co/xmvuhapL8v https://t.co/lOpNKjwNeJ,2,FINANCE
Mexico cuts its key rate for a 5th time amid economic stagnation https://t.co/HqpKAGRDt7 https://t.co/Jx7BHGv88y,2,FINANCE
Mexico's central bank cut its key interest rate for a fifth straight decision https://t.co/xnfKe4SFXt,2,FINANCE
Mexico's central bank cuts interest rates to three-year low https://t.co/0N0vaHBnQj,2,FINANCE
"Powell Admits ""Low Rates Are Not A Choice Any More"", Says QE Will Be Used In Next Downturn | #FreeZeroHedge https://t.co/RFVxk9uMth",2,FINANCE
Powell: Fed will use 'QE' aggressively to fight next recession https://t.co/me3x7SJac6,2,FINANCE
SNB's sight deposit holdings rise by second-highest level in 12 months https://t.co/aUsTEz08h3 https://t.co/rMaW0F4suE,2,FINANCE
"The Bank of Korea is taking unprecedented action in the face of coronavirus-not about the rate decision itself, but… https://t.co/CmxUuSBiab",2,FINANCE
The Fed moved to bolster a new small-business lending program by allowing banks to turn those loans over to the U.S… https://t.co/Y2piO9HcrP,2,FINANCE
The Fed's foray into corporate bonds and certain credit ETFs helping restore order between the two markets https://t.co/lkJuQCQEKV,2,FINANCE
The U.K. is tapping fintechs and the Queen's Bank for its emergency lending program https://t.co/sJJTyjCVMa,2,FINANCE
FOMC dot plot indicates a long pause https://t.co/F6wezJ7rlP,2,FINANCE
"""In my time at the Fed, I've seen how changes in business and consumer confidence impact the economy as a whole,"" P… https://t.co/rZgYHFXsKk",2,FINANCE
"""It's not really time yet to stimulate spending,"" former Fed Chair Ben Bernanke said today, adding that it will ""ha… https://t.co/iYSEFhCzGY",2,FINANCE
"""The Committee also directs the Desk to continue conducting term and overnight repurchase agreement operations at l… https://t.co/1W8onnWjru",2,FINANCE
"""the Committee directs the Desk to continue purchasing Treasury bills at least into the second quarter of 2020 to m… https://t.co/b1GHWeY0dy",2,FINANCE
"""The Fed Can Lend To Anybody"": Watch Live As Bernanke Holds Virtual Discussion On US Economy https://t.co/oCbErkJi7h",2,FINANCE
"""What we clearly see again is unelected central banks, having failed at their mandates, to pivot to politics to try… https://t.co/U4Ft0573Ro",2,FINANCE
$RINF $IVOL - Fed's Daly discusses shifting focus to higher inflation https://t.co/4xmIHceCvh,2,FINANCE
.@TimLampkin of @higherpurposeco says that being a part of the St. Louis Fed’s Community Development Advisory Counc… https://t.co/spGCRWBKVo,2,FINANCE
@TimLampkin of @higherpurposeco says that being a part of the St. Louis Fed’s Community Development Advisory Counci… https://t.co/Ex5SCguwe4,2,FINANCE
A Rate Cut From Russia?,2,FINANCE
A WSJ primer on the central bank's novel $600 billion direct-loan program https://t.co/43O0vIETta,2,FINANCE
An emerging priority for Powell Fed: The plight of the poor https://t.co/jP1T0yjdQ4 https://t.co/2DQRic3UvN,2,FINANCE
"Applications for participation in the Fed's Commercial Paper Funding Facility must be submitted by Thursday, the Ne… https://t.co/DvwRfmIJXr",2,FINANCE
"Argia Sbordone shared findings from ""Anchoring of Inflation Expectations"" at today’s joint New York Fed-European Ce… https://t.co/yXvQvWPXZm",2,FINANCE
"Bank of Canada can buy corporate, municipal bonds if necessary #taux #MarketScreener https://t.co/38OhHeNmWA https://t.co/cowCcOVS13",2,FINANCE
"Bank of Canada gets authority to buy corporate, municipal debt https://t.co/j9DJUMtl3D",2,FINANCE
Bank of Canada’s Poloz Sees Era of Low Global Interest Rates,2,FINANCE
Bank of England activates emergency liquidity measure https://t.co/FvgTR5d5eg https://t.co/FZWcMjZddZ,2,FINANCE
Bank of England Governor Mark Carney offers his backing to a key plank of UK Prime Minister Boris Johnson's economi… https://t.co/r5qQSOrsPG,2,FINANCE
"Bank of England Mark Carney is hanging up his hat. So what's next for the central bank leader?

@flacqua sits down… https://t.co/xxqMzXupmE",2,FINANCE
Bank of Ireland : Gov Co - 7 KB #BankofIreland #Stock #MarketScreener https://t.co/lPLIZQTwme https://t.co/iFkjaIFL5u,2,FINANCE
Bank of Ireland : Notification of Significant Shareholding - 99 KB #BankofIreland #Stock #MarketScreener… https://t.co/f4rdA0nB11,2,FINANCE
Bank of Ireland : Pillar 3 Disclosures #BankofIreland #Stock #MarketScreener https://t.co/V8GNASXXiY https://t.co/An3gEqsXmw,2,FINANCE
Bank of Ireland : to make branch network changes in response to COVID-19 #BankofIreland #Stock #MarketScreener… https://t.co/2rKs52jf1Y,2,FINANCE
Bank of Jamaica : 14-Day Repo Auction Results #BankofJamaica #economy #MarketScreener https://t.co/UE7vS1tv6o https://t.co/efXjAe32Fg,2,FINANCE
Bank of Jamaica 14-Day Repo Auction Results -10 February 2020 #Stock #MarketScreener https://t.co/wBnwfayNhV https://t.co/bQ3CSymjTi,2,FINANCE
Bank of Jamaica 30-day CD Auction Press Release - 24 February 2020 #Stock #MarketScreener https://t.co/iRuPoA3LTD https://t.co/MjLqnkV6mj,2,FINANCE
Bank of Japan : Accounts (March 20) #BankofJapan #Stock #MarketScreener https://t.co/Di0sVY7MoH https://t.co/GoCJarxay0,2,FINANCE
Bank of Japan : Statistics on Securities Financing Transactions in Japan (Jan. 2020) #BankofJapan #economy… https://t.co/sD0oDaY7rX,2,FINANCE
Bank of Japan : The Results of BIS International Locational Banking Statistics and Interna... #BankofJapan #Stock… https://t.co/z2dSe5N09a,2,FINANCE
Bank of Mexico Makes Fifth Consecutive Rate Cut -- Update #economy #MarketScreener https://t.co/NfkbjZjf6D https://t.co/otogWpgEnu,2,FINANCE
Bank of Nova Scotia : Acting Administrator Pilkerton's Statement on USMCA Agreement #BankofNovaScotia #Stock… https://t.co/jGxhlOVCTF,2,FINANCE
Bank of Queensland : Trading Halt #BankofQueensland #Stock #MarketScreener https://t.co/P7JUKMwkZ1 https://t.co/AYwhOiYQbV,2,FINANCE
Banks To Make Risk-Free Killing On Small Business Bailout: Fed Will Buy Payroll Loans Issued By Banks https://t.co/ujsbBPAq9K,2,FINANCE
BoE's Haldane: We have not yet hit peak globalisation #economy #MarketScreener https://t.co/BAMp44H0w2 https://t.co/yUYhes88V2,2,FINANCE
BOJ Seen Staying on Hold This Week After Abe Stimulus: Survey,2,FINANCE
Brazil Caps Record-Breaking Easing Cycle With Final Rate Cut,2,FINANCE
Canadian Banks Have Succulent Yields. https://t.co/QaD9D53X7f #economy #business #trading,2,FINANCE
Central Bank of Philippines : Bangko Sentral ng Pilipinas Convenes the Financial Education...… https://t.co/mFmcU9A7EI,2,FINANCE
Central banks must evolve to help governments fight coronavirus https://t.co/mfSJuTKUDm,2,FINANCE
"Chair Powell presents the Monetary Policy Report to the Senate Committee on Banking, Housing, and Urban Affairs:… https://t.co/TAfePghHQO",2,FINANCE
Chairman Jerome Powell speaks after Fed leaves interest rates unchanged https://t.co/lA3GN9o7em,2,FINANCE
"China still has room for conventional monetary expansion, but its ability to deal successfully with a crisis depend… https://t.co/jR2R3VLkOo",2,FINANCE
China to Price Existing Loans With New Benchmark Lending Rates #taux #MarketScreener https://t.co/PELmoyfWz4 https://t.co/Nq8pxwGr8U,2,FINANCE
China’s Rate Cut Also An Insurance Policy As Hong Kong Crisis Worsens,2,FINANCE
Chinese Media Stunner: China Will Be The Next Country To Cut Rates To Zero https://t.co/MQl6OREX0H,2,FINANCE
Christine Lagarde Can Face Down the ECB Skeptics,2,FINANCE
Cleveland Fed President Says Coronavirus Requires Careful Monitoring #economy #MarketScreener… https://t.co/YbgcgoxZPk,2,FINANCE
Commerzbank told to speed up restructuring by ECB https://t.co/DfFV4bgnfi,2,FINANCE
Coronavirus fears raise market expectations for Fed rate cut in March https://t.co/Z33zqdljVu by @bcheungz https://t.co/XwHo1ZlMR2,2,FINANCE
Czechs’ Unexpected Rate Hike Lifts Koruna to Seven-Year High,2,FINANCE
Dealers gobble up funding in Bank of Canada's first BAPF operation #economy #MarketScreener https://t.co/YmwzTi5reu https://t.co/uQPDBGe66r,2,FINANCE
"Derby's Take: Even Post-Coronavirus, Swollen Fed Balance Sheet Will Remain https://t.co/5uPrJkM8xc",2,FINANCE
Did The Fed's QEternity Just Kill A Fiscal Stimulus Deal?  https://t.co/a8f6L67zgl,2,FINANCE
ECB keeps rates unchanged,2,FINANCE
ECB's house price headache too big to solve,2,FINANCE
ECB's new chief Christine Lagarde has a deal for bank policymakers - cut out the open dissent and she'll spend more... https://t.co/q8kkm1J7Cz,2,FINANCE
Egypt's central bank governor appointed for second term -state media #economy #MarketScreener… https://t.co/D6r5mixdx5,2,FINANCE
Emerging-economy central banks from India to Brazil still enjoy the firepower to shore up the global economy https://t.co/cTVUGNf4vM,2,FINANCE
EU bank regulators lay out tougher doomsday stress test https://t.co/4DMWnZSihp,2,FINANCE
European Central Bank keeps key deposit rate at -0.5%,2,FINANCE
"Expect next round of virus stimulus by May, and somewhere in the $1.5 trillion neighborhood - FBN, citing Wall Stre… https://t.co/TIHDm8kJnl",2,FINANCE
Explainer: How the Fed's latest move will get money to Main Street #economy #MarketScreener https://t.co/x3pgUHAqsa https://t.co/NtM1SzX2fR,2,FINANCE
Exploration deepens into central bank digital currencies,2,FINANCE
"Fed Adds $72.8 Billion to Markets, Balance Sheet Moves to $4.07 Trillion--Update #economy #MarketScreener… https://t.co/am5nGCnG5b",2,FINANCE
Fed Aims a Half-Trillion Dollar Liquidity Hose at Year-End Risks,2,FINANCE
"Fed bombards credit markets with limitless pledge, but investors barely respond https://t.co/KfTfB94OD1",2,FINANCE
"Fed Chair Jerome Powell says  “Low rates are not really a choice anymore, they are a fact of reality' https://t.co/IblPVbnP0s",2,FINANCE
Fed Chairman Jerome Powell puts lawmakers on notice that fiscal policy may need to play a bigger role countering do… https://t.co/gQ6Eee8hhs,2,FINANCE
Fed Chairman Powell thought it was 'terrific' that a senator defended him against Trump https://t.co/VyMW1XR0OM,2,FINANCE
"Fed Has Given Economy a Cushion and Should Cut Mid-Year, Economist Swonk Says",2,FINANCE
"Fed Intervenes With $45.55 Billion Weekend Repo, But Overall Liquidity Ticks Down https://t.co/luXKbrLrXC",2,FINANCE
"Fed is ‘super-glued’ to its seat until after the election, economists say after stellar jobs report https://t.co/WgE7fNtuQu",2,FINANCE
Fed is now effectively the 'lender of last resort' to Main Street not just Wall Street https://t.co/acyqwv78jZ,2,FINANCE
"Fed is watching virus effects, flags 'elevated' business debt in report",2,FINANCE
Fed Monitoring Coronavirus Outbreak and Risks for Broader Disruptions -- 4th Update #economy #MarketScreener… https://t.co/KnkPKhBHHM,2,FINANCE
Fed nominee Judy Shelton faces bipartisan concerns in Senate https://t.co/av7l6k1mk7,2,FINANCE
Fed nominee Shelton gets bipartisan grilling in Senate https://t.co/lJXCmNEKuU,2,FINANCE
Fed policymaker says more evidence needed for rate cut https://t.co/bmwrgql7zj,2,FINANCE
Fed Preparing to Purchase New Small Business Payroll Loans https://t.co/iz5xKoWFwC,2,FINANCE
"Fed Provides More Liquidity; Phase 1 Trade Deal, But No Corroboration On Jobs Report",2,FINANCE
Fed Pumps $70.2 Billion in Short-Term Liquidity Into Markets #currency #MarketScreener https://t.co/H1YtUn9FoK https://t.co/Nrvkw9LLnm,2,FINANCE
Fed Repo Action Oversubscribed in Clamor for Year-End Funds,2,FINANCE
"Fed report: #OpportunityOccupations, jobs that don’t require a 4-yr #collegedegree & pay above the national annual… https://t.co/Elr1SXOcDD",2,FINANCE
Fed says it will provide financing against new 'payroll protection' loans #economy #MarketScreener… https://t.co/A4ierJsls4,2,FINANCE
"Fed says Powell met with Trump, Mnuchin on Monday at White House",2,FINANCE
Fed sets up facility to create secondary market for new small business loans https://t.co/nu8LLQC4rJ,2,FINANCE
Fed to beat a faster retreat from repo market https://t.co/jEGsYl2DvM,2,FINANCE
Fed to establish facility to facilitate lending to small businesses via SBA's PPP by providing term financing backe… https://t.co/41GvG98U17,2,FINANCE
Fed Unveils Major Expansion of Market -2- #economy #MarketScreener https://t.co/Flf1QDVuCH https://t.co/yzwBwPp89h,2,FINANCE
Fed Unveils Major Expansion of Market Intervention -- 4th Update #economy #MarketScreener https://t.co/2bnBJUcxTD https://t.co/0RgMApfhO8,2,FINANCE
"Fed warranty: will keep rates unchanged until 2021, or until there is a 5% drop in stocks, whichever comes first",2,FINANCE
Fed: Powell stressed policy dependent on incoming information,2,FINANCE
Fed’s Jerome Powell steered divided committee toward policy shift in effort to bolster economy  https://t.co/3PucAE0bbf,2,FINANCE
Federal Reserve Bank of St. Louis President James Bullard said that the U.S. should declare a three-month break for… https://t.co/cAhdYJWnk9,2,FINANCE
Federal Reserve Board announces termination of enforcement actions with Discover Financial... #Stock… https://t.co/sMoeOMo1N8,2,FINANCE
Federal Reserve Chairman Jerome Powell came close to acknowledging that the central bank may not have the firepower… https://t.co/jl7rxYgzcW,2,FINANCE
Federal Reserve Continues To Step Up. https://t.co/aCj2ASpOba #stocks #markets #economy,2,FINANCE
Federal Reserve just saved the stock market from the worst of the coronavirus pandemic -it may be time to invest ag… https://t.co/nRWrlgdlEZ,2,FINANCE
Federal Reserve lowers community bank leverage ratio https://t.co/SXUmdUzINW https://t.co/dyT4UYvJT2,2,FINANCE
Federal Reserve Shows Specifically How Much Uncertainty Has Hurt the Stock Market,2,FINANCE
Federal Reserve System publishes annual financial statements: https://t.co/TjqI5AXBCq,2,FINANCE
Federal Reserve to backstop Payment Protection Program loans https://t.co/YTnMrTby81 by @bcheungz https://t.co/HiWgPrK4Su,2,FINANCE
Fed's Bullard: Don't take the economy's temperature until July 1 https://t.co/qqv1J5MgAd,2,FINANCE
Fed's Kaplan says revisiting some stress testing rules could help ease repo  pressures,2,FINANCE
Fed's Kaplan Sees Risks to Outlook as 'Fairly Balanced',2,FINANCE
"Fed's Kaplan Talks Economic Outlook, Trade and Credit Spreads",2,FINANCE
Fed's Mester says policymakers want to prevent 'lasting damage' to the economy https://t.co/VYMW1cZvaW https://t.co/Mut4kwmdby,2,FINANCE
Fed's Mester says she opposed recent series of rate cuts but called it a 'close call',2,FINANCE
"Fed's Mester sees 'downside risk' from coronavirus, but does not want to cut rates https://t.co/P6XtdRcjNI",2,FINANCE
"Fed's Mester sees U.S. economy performing well, coronavirus a 'big risk' #economy #MarketScreener… https://t.co/fHOfgB9n6R",2,FINANCE
"Fed's Mester would have preferred no rate cuts in July, September",2,FINANCE
Fed's Powell disputes notion that federal welfare programs are dissuading Americans from seeking work https://t.co/IpK9Fa1fOO,2,FINANCE
Fed's Powell to update on economy Thursday in webcast statement #economy #MarketScreener https://t.co/w8Mog9t66T https://t.co/liSE7rRvh4,2,FINANCE
Fed's Powell: U.S. economy 'resilient' but coronavirus a risk #economy #MarketScreener https://t.co/du44jHD8eC https://t.co/Y8Cv1f4Ksm,2,FINANCE
Fed's Rosengren urges patience in considering policy changes,2,FINANCE
Fed's Williams says interest rates policy is in a good place but 'not locked-in',2,FINANCE
Finance ministers and central bank governors from the Group of 20 nations joined an emergency call on Monday https://t.co/61CFPU3q2M,2,FINANCE
"Financial conditions are in the driver seat for investors and the Fed rate decisions, says Jeffrey Rosenberg of Bla… https://t.co/hDyPx6PZca",2,FINANCE
Former Federal Reserve chairwoman Janet Yellen thinks America's banks should slam the brakes on dividends to make s… https://t.co/66zg0Sd0of,2,FINANCE
Futures traders are no longer fully pricing in a quarter-point cut from the Federal Reserve next year after the U.S… https://t.co/iiGPzuKrF6,2,FINANCE
Helicopter money is a valid tool for central bankers https://t.co/M0nfifXDoS,2,FINANCE
Helicopter Money Might Be the ECB’s Best and Worst Options,2,FINANCE
Hellenic Exchanges : Transactions by Eurobank Equities (regulated information - Law 3556/2... #HellenicExchanges... https://t.co/xpZ379riaL,2,FINANCE
Hellenic Exchanges : Transactions by National Bank of Greece (regulated information - Law ... #HellenicExchanges… https://t.co/BpeiSxTRq5,2,FINANCE
"Here is what the People’s Bank of China is really up to
https://t.co/FUmGGvzCam",2,FINANCE
Honduras - DRM Development Policy Credit with a Catastrophe Deferred Drawdown Option (Cat DDO) #economy… https://t.co/ZsxtwAt8FS,2,FINANCE
IMF African Department Director Abebe Aemro Selassie will be on @CNBCAfrica today at 5pm Lagos Time (12pm DC Time)… https://t.co/xMWhTEke42,2,FINANCE
IMF and World Bank consider #Somalia eligible for debt relief on initial assessment. This is an important milestone… https://t.co/mnGkqZxsWb,2,FINANCE
IMF to continue new-loan talks with Ukraine in coming weeks #economy #MarketScreener https://t.co/z7E36jR1i8 https://t.co/MQQ8AxnaGI,2,FINANCE
"In ""Unprecedented"" Move To Ease Conditions, ECB Cuts Collateral Haircuts By 20%, Will Accept Greek Debt As Collater… https://t.co/SU2jKATE3I",2,FINANCE
"In first #MENA emergency financing, the IMF approved US$745 million to support #Tunisia's efforts to address the hu… https://t.co/j5dfvZCBza",2,FINANCE
India Unveils Steps for Bad Loan-Laden Banks to Boost Credit,2,FINANCE
Indonesia’s central bank sounded a more cautious tone on interest rates https://t.co/XvYExp61ZH,2,FINANCE
Inflation remains low and Fed Chairman Jerome Powell has as good as ruled out a rate increase unless price growth p… https://t.co/EMQ6vAOo55,2,FINANCE
Interest rate conditions of the Magyar Nemzeti Bank effective from 8 April 2020 #economy #MarketScreener… https://t.co/LtgoxFiEBO,2,FINANCE
"It may seem odd for the Federal Reserve to buy ETFs, but it's not unprecedented for a central bank -œ Japan did it f… https://t.co/Tm7u3av8zC",2,FINANCE
"It was 7 years ago that Jerome Powell said ""we look like we are blowing a fixed-income duration bubble right across… https://t.co/eJHWtlyGo4",2,FINANCE
"Italian banks ready new measures as economy stops, but debt goes on https://t.co/ZMrEl3ZDOL https://t.co/AB8Hpn3BLN",2,FINANCE
"James Bullard, President of the Federal Reserve Bank of St. Louis, discusses the Federal Reserve's ""planned tempora… https://t.co/NEVONwysvh",2,FINANCE
Japan panel warns against fiscal complacency amid low rates #taux #MarketScreener https://t.co/bgHBLjLZaW https://t.co/6F4t7RytXF,2,FINANCE
Jerome Powell told lawmakers Tuesday that the Fed will never declare victory on one of its mandates: full employment https://t.co/lnEGDrhUln,2,FINANCE
Kenya Cuts Rates After Scrapping Loan-Price Cap to Boost Growth,2,FINANCE
Kenya’s central bank lowers interest rates for the first time in 16 months https://t.co/7SQ003stA9,2,FINANCE
Kenya’s central bank lowers interest rates for the first time in 16 months https://t.co/yQpS4kMTOD https://t.co/ExAA5O8fT1,2,FINANCE
Komileva: Central Banks Far from Normalizing,2,FINANCE
Lagarde Says All the Blame Can’t Be Dumped on ECB Negative Rates,2,FINANCE
Latin America Price Surprise Fails to Move the Dial on Rate Bets,2,FINANCE
Lawmakers interviewed gave Fed Chairman Jerome Powell high marks for his unwillingness to be drawn into a spat with... https://t.co/hHopJ74bbw,2,FINANCE
"Liquidity Warning: Fed Shrinks Overnight Repos By $20BN, Term Repos By $10BN | Zero Hedge https://t.co/NP2ocBHkvr",2,FINANCE
LIVE NOW: Press conference with #FOMC Chair Powell: https://t.co/sh1FXgYlwr and https://t.co/FJa6TbkDMt,2,FINANCE
LIVE: Fed Chair Jerome Powell delivers remarks at the decade's last FOMC meeting https://t.co/4wAYSuWpHF,2,FINANCE
"LIVE: Fed Chair Jerome Powell speaks on today's decision to hold rates ▶️

https://t.co/Wfg74SaImY",2,FINANCE
"Market participants submitted bids for nearly twice what was on offer in the Fed’s 42-day term repo operation, whic… https://t.co/qIqTKdQtpk",2,FINANCE
Mexico's central bank defends autonomy as AMLO concern lingers https://t.co/9CKZZc3uxq,2,FINANCE
"Monetary policy is in the 'right place', Fed's Williams says",2,FINANCE
"Monetary Policy Statement - March 24, 2020 (24.03.2020) #Stock #MarketScreener https://t.co/BkGvDXrRZL https://t.co/DaEOwqXxuI",2,FINANCE
Monetary Policy: Das’ Draghi Encore Comes With Risks,2,FINANCE
"Monetary Policy: RBI Returns To A More Active Credit Policy To Boost Retail,  MSME Credit",2,FINANCE
MPC Decision: MPC Keeps Rates On Hold Amid ‘Highly Uncertain’ Inflation Outlook,2,FINANCE
N.Y. FED'S 42-DAY REPO OP. OVERSUBSCRIBED; $49.05B OF BIDS,2,FINANCE
New BoE governor makes plea to Brussels on City access https://t.co/5X7rXAAsHG,2,FINANCE
New developments added to @FedFRASER's COVID-19 timeline in the latest week: second historic rise in unemployment i… https://t.co/o4yYfNRbhA,2,FINANCE
"New staff study by Kenneth Garbade examines the efforts of the Federal Open Market Committee to first control, and… https://t.co/seVxzGnVOu",2,FINANCE
New York Fed opens registration for commercial paper funding facility https://t.co/K5ZI55Mei5 https://t.co/eUnLPyar0E,2,FINANCE
New York Fed to further reduce repo support https://t.co/weKgRz0LMd https://t.co/UR8cWv9xZN,2,FINANCE
New York Fed to start publishing SOFR averages in March https://t.co/O0sIXhkddG,2,FINANCE
"New Zealand’s central bank doesn’t expect its new bank capital rules to present a headwind for the economy, which l… https://t.co/YXwseGIYHw",2,FINANCE
Next BoE governor makes City access plea to Brussels https://t.co/3HVBMfL9Ze,2,FINANCE
Norway's central bank governor warns politicians against meddling too much with the country's massive sovereign wea… https://t.co/H7bqZcQjoi,2,FINANCE
Now available: Weekly data on the Assets and Liabilities of Commercial Banks in the United States: https://t.co/Q478LdiYLB #FedData,2,FINANCE
"NY Fed Offers First Year-End Repo, Adds $93.5 Bln in Cash Banks Seek Liquidity
https://t.co/twaYHd2PDZ
@mdbaccardax",2,FINANCE
Off the 'QT': Does Federal Reserve nominee Judy Shelton have a balance sheet problem? https://t.co/masWFSb9oB https://t.co/RyPS7DYCC3,2,FINANCE
"Once we have more clarity about the new coronavirus outbreak, expect interest rates to rise, says Quicken Loans CEO… https://t.co/OOv4bsPKpX",2,FINANCE
Orr May Signal Readiness to Cut Rates as Virus Hits New Zealand's Economy,2,FINANCE
Parkmead : Bank of Jamaica 14-Day Repo Auction Announcement -25 November 2019 #Parkmead #Stock #MarketScreener… https://t.co/cMHuPB7ZFM,2,FINANCE
"Patrick Harker, President of the Philly Fed, is due to speak now.",2,FINANCE
PBOC Tells Property Speculators That ‘Homes Are For Living In’,2,FINANCE
PBOC Will Resolve Risks Gradually as Downward Pressure on Chinese Economy Has Increased #economy #MarketScreener… https://t.co/wMzcC38OfV,2,FINANCE
Peter Conti-Brown On The CARES Act And The Expanding Fed-Treasury Relationship In Response To COVID-19.… https://t.co/5rEILyYuNC,2,FINANCE
"Powell's 'half-full' U.S. glass sturdy but still at risk for spills as Fed meets
https://t.co/HPxoBCxi3B https://t.co/NQqEENkR6e",2,FINANCE
President Trump meets with Fed Chairman Powell to discuss economy,2,FINANCE
Press release on the Monetary Council meeting of 7 April 2020 #economy #MarketScreener https://t.co/vSMuCNmMuE https://t.co/13ghOSot3X,2,FINANCE
Property Lenders Surge After India Central Bank Eases Cash Rules,2,FINANCE
QE Infinity: So It Begins. https://t.co/HppY8KK3fV #business #stocks #stockmarket,2,FINANCE
Rate futures surge as coronavirus seen pushing Fed to ease https://t.co/Fi8x6k42Ap https://t.co/MPjtg6wicr,2,FINANCE
Read the latest FOMC statement https://t.co/VCPbCo6m61,2,FINANCE
"Regional Fed leaders favored holding rates steady for now, but that any worsening of novel coronavirus could affect… https://t.co/tcZzqWkz52",2,FINANCE
Rise of the intangibles is pushing down on central bank rates - BoE's Haskel https://t.co/3gYMZ51yzI https://t.co/yFeH07V30c,2,FINANCE
Robert Kaplan Says Fed Should Hold Barring ‘Material’ Change in Outlook,2,FINANCE
"Russia Delivers Sixth Straight Rate Cut, Signals Further Easing",2,FINANCE
"Russian and Romanian Rate Decisions, Commodity Chaos: Eco Day",2,FINANCE
Saudi Arabian Monetary Agency : SAMA Licenses HalalaH and BayanPay Companies #SaudiArabianMonetaryAgency #economy… https://t.co/mCmqEEmaP0,2,FINANCE
SBI Cuts MCLR-Based Lending Rates By 5 Basis Points Across Tenors,2,FINANCE
Sizing Up the Fed's Historic Coronavirus Crisis Intervention #Samp;P500 #economy #MarketScreener… https://t.co/o4qzaZPUeG,2,FINANCE
South African Reserve Bank : Regulatory relief measures and guidance to the banking sector...… https://t.co/kXm8dScZTn,2,FINANCE
St. Louis Fed President Jim Bullard recommends declaring a  “National Pandemic Adjustment Period' and discusses thre… https://t.co/o942U7BKPI,2,FINANCE
"Stock market live updates: Former Federal Reserve Chair Janet Yellen said the economy is in the throes of an ""absol… https://t.co/2xqOHCLmEe",2,FINANCE
Stock Market Update: President Trump meets with Fed Chair Powell,2,FINANCE
"Sweden's Riksbank underscores its commitment to zero interest rates, despite cutting its inflation forecast https://t.co/cqDzr8JVZ9",2,FINANCE
"Swedish central bank set to keep rates steady on Feb. 12, and through 2021: Reuters Poll",2,FINANCE
Thailand's central bank faces a fresh battle to contain the baht's strength,2,FINANCE
The Bank of England is launching an extra weekly liquidity facility after banks' demand for cash soared at its regu… https://t.co/N8q2VXLg5u,2,FINANCE
"The Bank of Israel extends its pause in interest rates, surprising most economists https://t.co/8lydT0Ph6e",2,FINANCE
The ECB dived into the fight to save the economy with 34 billion euros of bond purchases last week https://t.co/JNSEDvs9lt,2,FINANCE
The ECB ramped up its government bond buying program even before it boosted quantitative easing by an extra $805 bi… https://t.co/bYKZM2CTjP,2,FINANCE
The ECB will accept junk-rated Greek government bonds as collateral as part of wide-ranging measures to ease lender… https://t.co/8Kx1J07gTl,2,FINANCE
"The ECB will probably decide to take better account of home costs in its inflation measure, but there's unlikely to… https://t.co/Kg9elTbD90",2,FINANCE
The Fed and the Treasury will start buying debt issued by banks that lend through the government's small businesses… https://t.co/ZE7SV2CCmR,2,FINANCE
The Fed and Treasury Department are planning to launch a program to buy loans that financial firms make through the… https://t.co/DUUAXs3yzq,2,FINANCE
"The Fed announced a massive second wave of initiatives to support the U.S. economy, many specifically targeting com… https://t.co/6wgz15jypX",2,FINANCE
"The Fed announced new programs to help markets, the NYSE begins trading remotely today, and Trump activated the Nat… https://t.co/6QWlnqOWDy",2,FINANCE
The Fed Faces a Housing Conundrum,2,FINANCE
The Fed is going all in to try and ramp up the economy. Will it be enough? Insights via @CMEGroup https://t.co/BpEqm1utJ9,2,FINANCE
The Fed is going all in to try and ramp up the economy. Will it be enough? Insights via @CMEGroup https://t.co/RxmrkDKQOa,2,FINANCE
The Fed is going to buy ETFs. What does it mean? https://t.co/t0Gh4NVwfQ,2,FINANCE
The Fed Is Now Buying Investment Grade Bond ETFs Like LQD  https://t.co/ZQC24DFN3L,2,FINANCE
"The Fed is on hold for now, but it might not take much to change that",2,FINANCE
The Fed may be about to get a lot more involved in the bond market (via @bopinion) https://t.co/WxC8AWRRaS,2,FINANCE
The Fed plans to lend directly to companies outside the banking system. Former Fed Governor Narayana Kocherlakota s… https://t.co/WIJjtKBYJD,2,FINANCE
The Fed Says 'Helicopter Money' Is Here. https://t.co/JRqmtSRtbf #stocks #business #stockmarket,2,FINANCE
The Fed sidesteps a bickering Congress with sweeping rescue plan https://t.co/SBxYPhDR2q,2,FINANCE
The Fed took the lid off QE. Here's how the central bank has been responding to the coronavirus crisis… https://t.co/z51VeD10Tb,2,FINANCE
The Fed will create a new facility to help speed support to small businesses through the government's coronavirus s… https://t.co/M22EUfsoP9,2,FINANCE
The Fed will launch a barrage of programs aimed at helping markets function more efficiently in the wake of the cor… https://t.co/kSh6hJKgyo,2,FINANCE
The Fed’s interventions are aimed at ensuring that the financial system has enough liquidity and that short-term bo… https://t.co/cwaCeyj97h,2,FINANCE
The Federal Reserve assured the nation that the Central Bank has an essentially limitless ability to provide liquid… https://t.co/43Z7zVmKtL,2,FINANCE
The Federal Reserve Bank of New York added liquidity to financial markets Thursday in what is effectively a short-t… https://t.co/XWjrSLEXbj,2,FINANCE
The Federal Reserve is signaling it will do whatever it takes to save the coronavirus-ravaged American economy from… https://t.co/EB9feds0vx,2,FINANCE
"The Federal Reserve is wading into the $3.9 trillion municipal-bond market. 

But the central bank still has more l… https://t.co/CVR76uG6LQ",2,FINANCE
The Federal Reserve on Monday announced a massive second wave of initiatives to support a shuttered U.S. economy https://t.co/24MqL6jTmM,2,FINANCE
The Federal Reserve on Monday once again stepped in to shore up the lending market as it rolled out an array of pro… https://t.co/9U9ndPky3a,2,FINANCE
The Federal Reserve on Monday rolled out an extraordinary array of programs to backstop an economy reeling from res… https://t.co/uCAEJ41Rzs,2,FINANCE
"The Federal Reserve took more extraordinary measures to keep the economy from seizing up, but it can't soften the b… https://t.co/SsvXAyhVr3",2,FINANCE
The Fed's Emergence as a Power Player Poses New Risks to Its Independence #economy #MarketScreener… https://t.co/hwe3xwwGma,2,FINANCE
"The IMF has three main roles: economic policy advice, lending, and capacity development. How did we serve our 189 m… https://t.co/XreOyj15Bu",2,FINANCE
The IMF is providing emergency financial assistance to member countries facing the economic impact of the #COVID19… https://t.co/Vu7rLIfpN7,2,FINANCE
The IMF may launch a new program that could back up the Fed's campaign to keep dollars flowing in the global economy https://t.co/wOOa8e7wX6,2,FINANCE
The IMF says that Uganda will spend as much as a fifth of government revenue on interest payments https://t.co/upwkLxCclO,2,FINANCE
"The man about to become Britain's top central banker says the U.K. should be free to change its own rules, ahead of… https://t.co/K7CYXMDfaf",2,FINANCE
"The New York Fed said it will shrink its repurchase agreement operations further, starting with Friday's overnight… https://t.co/eAhxhyAocY",2,FINANCE
"The NY Fed said it accepted $25 billion in bids, from a total of $49 billion placed at the central bank  https://t.co/qmdK6LGP1t",2,FINANCE
The quarterly handoff in Treasury shorts is riskier than normal https://t.co/BlFNMTJ4Pw,2,FINANCE
The Russian government tapped its sovereign wealth fund to purchase the central bank's 50% holding in the country's… https://t.co/XNbtGWFcog,2,FINANCE
"The St. Louis Fed is proud to assist @USTreasury in presenting Your Guide to America’s Finances, an annual snapshot… https://t.co/1VqagVX5ok",2,FINANCE
The stricken Bank of Jinzhou will unload $21 billion of assets to the central bank for less than a third of theirÃ‚Â r… https://t.co/xGuCP9lBlH,2,FINANCE
The target for the overnight interbank funding rate is decreased by 25 basis points #Stock #MarketScreener… https://t.co/pUpRxfyNco,2,FINANCE
"The U.S. should declare a 3-month break for nonessential businesses, says St. Louis Fed president https://t.co/vsE3wjGyHk",2,FINANCE
"The worst scramble for cash is happening in an opaque corner of the market, where the Fed has little control, write… https://t.co/1ZddVnhX3j",2,FINANCE
"Today, the IMF Executive Board approved a disbursement of €176.5 million to #NorthMacedonia. This financial suppor… https://t.co/hloz3ZRGNH",2,FINANCE
Traders are now trying to get ahead of the Fed's purchases https://t.co/UTF5phTB1V,2,FINANCE
Traders Maintain Amount of Fed Easing Seen in 2020 After Jobs,2,FINANCE
Trump doubles down on lower rates at Powell meeting,2,FINANCE
"Trump says he talked about interest rates, dollar strength with Powell",2,FINANCE
Tunisia eyes IMF talks in March on sixth review of loan deal -minister #economy #MarketScreener… https://t.co/9eio1gEMyk,2,FINANCE
Turkey is trying to stop emergency loans intended to boost its economy during the coronavirus slowdown from fueling… https://t.co/EcSwShpQGl,2,FINANCE
Two Regional Fed Chiefs Lay Out Aggressive Coronavirus Response -- Update #economy #MarketScreener… https://t.co/9OUm67AaSL,2,FINANCE
Two top BOE officials suggested that the UK financial system's rules may have to diverge from the EU's after Brexit https://t.co/85NEJl6fLm,2,FINANCE
"U.S. banks cram for Fed risk test, with ripple effects in repo #economy #MarketScreener https://t.co/Hvz8lXjRl0 https://t.co/Dg0f2nRHHP",2,FINANCE
"U.S. Fed buys $427 million of mortgage bonds, sells none https://t.co/ezA4AiwOlC https://t.co/z4h3yRWGTj",2,FINANCE
U.S. to Block Iran's Request to IMF for $5 Billion Loan to Fight Coronavirus -- Update #economy #MarketScreener… https://t.co/n3Crpty48r,2,FINANCE
"U.S. Treasury, Fed working on 'Main Street,' municipal loan facilities - Mnuchin #economy #MarketScreener… https://t.co/xlHUAdkJG9",2,FINANCE
UK banks' dollar demand rises to $3.555 billion: BoE repo operation https://t.co/D5YDDpaj13 https://t.co/licT21042C,2,FINANCE
UK watchdog gauging how virus affects plan to retire Libor https://t.co/B1wWDKFasL https://t.co/3ZDXFQvGtE,2,FINANCE
US Fed admits Libra has potential to ‘rapidly’ achieve mass adoption,2,FINANCE
US Treasury To Ask For $200 Billion More In Small Business Loans https://t.co/MpQKXdG9Xt,2,FINANCE
Vital conversations happen all around the Eighth Federal Reserve District. One of the ways we listen is through our… https://t.co/tsLMen6MSn,2,FINANCE
Watch Fed Chairman Jerome Powell's news conference live https://t.co/AbOHHqlbeA,2,FINANCE
Watch Live: Fed Chair Powell Avoid Admitting QE4 Has Begun & Repocalypse Is Imminent https://t.co/BlKwurqscz,2,FINANCE
WATCH: Fed Chair Powell holds a press conference following the FOMC's unanimous decision to leave interest rates un… https://t.co/od2QG12LGo,2,FINANCE
"'We know that there will be very likely some effects on the United States', said the Fed chairman Jay Powell about… https://t.co/eAeVR5GUm2",2,FINANCE
Well laid plans at the Federal Reserve keep getting blown off course by the trade war (via @RichMiller28 &… https://t.co/ESn0p1N19h,2,FINANCE
What the Fed meeting minutes could say about interest rates that Powell didn't say,2,FINANCE
What to look for when Fed Chair Powell meets with Congress this week,2,FINANCE
Will the Fed provide any stimulus to the U.S. economy? Look to the equities market for clues. Insights via @CMEGroup https://t.co/zk1s08F1zW,2,FINANCE
"With coronavirus ravaging the US economy, the Federal Reserve may have to get creative. CNN Business'… https://t.co/wqKtHN3mVC",2,FINANCE
"With latest moves, Fed becomes creditor in chief for U.S. business #economy #MarketScreener https://t.co/LjIQ3iMwmv https://t.co/CY4JHRFSxb",2,FINANCE
World Bank could deploy $150 billion over 15 months in coronavirus battle - Malpass #economy #MarketScreener… https://t.co/lU5FmuUBUa,2,FINANCE
World Bank Suggests Creating ‘Brand Northeast’,2,FINANCE
"Yellen says the Fed doesn't need to buy equities now, but Congress should reconsider allowing it https://t.co/ms6Y9qvmUK",2,FINANCE
Zimbabwe Central Bank Reverses Policy and Halves Key Rate to 35%,2,FINANCE
"""I’ve owned the Apple Card for 3 months…this is why it sucks."" https://t.co/ngzSpdvFPK",0,FINANCE
"""That's Not Safe! Somebody's Going To Die!"": Senator Markey Slams Tesla Autopilot At Commerce Committee Hearing https://t.co/PHvFLxKnQu",0,FINANCE
"""We Totally Failed As A Business"": Unicorn Scooter Impales Investors After Company Goes Hooves-Up https://t.co/otp1fQAFgj",0,FINANCE
"$300,000 Pilot Jobs Drying Up in China After Boeing Grounding",0,FINANCE
$AAL - American halts flights to Mainland China https://t.co/zQIKTbqqUk,0,FINANCE
$AMGN - Partial response in Amgen brain cancer study https://t.co/6sAXBkTCST,0,FINANCE
$AXAS - Abraxas Petroleum: Poor Liquidity Points To A Chapter 11 May Be On The Horizon. https://t.co/bdKkXTKDOL… https://t.co/PG849ZPziP,0,FINANCE
$AXAS - Abraxas Petroleum: Poor Liquidity Points To A Chapter 11 May Be On The Horizon. https://t.co/bdKkXTKDOLâ€¦ https://t.co/PG849ZPziP,0,FINANCE
$BA - 737 MAX crisis claims job of Boeing's top communications official https://t.co/FwntvthN9F,0,FINANCE
$CAT - Caterpillar sees more weak demand ahead as firms defer capital decisions https://t.co/CzAxE8TDL1,0,FINANCE
$CBAY: CymaBay Therapeutics halts clinical development of Seladelpar based on initial histological findings observe… https://t.co/v8K1pQPrsK,0,FINANCE
$CORV - FDA advisory committee thumbs down on Correvio's Brinavess for AF https://t.co/vLfvDUDw9v,0,FINANCE
$CTSO: CytoSorbents says temporarily pausing enrollment of REFRESH 2-AKI study at the recommendation of its Data... https://t.co/6ibg4NhPh1,0,FINANCE
$LJPC - La Jolla Pharma to reassess development of LJPC-401 https://t.co/sJITlHYGuz,0,FINANCE
$LK - Citron and Muddy Waters at odds over Luckin Coffeee https://t.co/gkLLQ0bBQA,0,FINANCE
$UBER - Uber CEO comments on London license loss https://t.co/ppLtG1r4lP,0,FINANCE
$UN $UL - Unilever U.S. recalls some chicken products https://t.co/jLN7s2LAd7,0,FINANCE
"“Vaping is taking us backward,” CVS Health CEO Larry Merlo says. “Something has to be done.” https://t.co/CwxbCtXvWW https://t.co/NBv10IejXx",0,FINANCE
2020 Will Be Another Year of Pain for Tanger,0,FINANCE
"After Growing 16% In 2 Years, Why Did Lowe’s Number Of Stores Decrease?",0,FINANCE
Airbus : Boeing deliveries halved in first eleven months of 2019 #Airbus #Stock #MarketScreener… https://t.co/5Ux2IqpCAP,0,FINANCE
Apple closing all China stores and offices,0,FINANCE
"Apple saw China iPhone units fall in November, Credit Suisse says",0,FINANCE
"As a reminder, JPMorgan remains the riskiest bank with the highest GSIB score of any bank and a 4.0% surcharge. https://t.co/8jTxnywzqM",0,JPM
"As Liquidation Threat Looms, Jet Airways Bidders Still Not Ready",0,FINANCE
Axonics launches $110M equity offering; shares down 3% after hours,0,FINANCE
BlackRock admonishes Siemens for environmental actions,0,FINANCE
Boeing deliveries halved in first eleven months of 2019 https://t.co/aNHnf3f89F https://t.co/LHeC37Q814,0,FINANCE
Boeing Forced to Halt 737 MAX Production,0,FINANCE
Boeing to suspend 737 Max production in January,0,FINANCE
"Boeing, suppliers slip as Wall Street counts MAX halt costs",0,FINANCE
"Boeing's halt to 737 MAX production could ding U.S. economy, jobs",0,FINANCE
Breaking - United $UAL suspends flights to China as coronavirus outbreak continues,0,FINANCE
Bristol-Myers' Opdivo + Yervoy disappoints in melanoma study,0,FINANCE
Bumble Bee files for bankruptcy after $25 million fine for tuna price fixing https://t.co/nLaDnUUmKh,0,FINANCE
"Bumble Bee Foods filed for bankruptcy, blaming its ""recent and significant legal challenges."" https://t.co/kFYH8KrLKA",0,FINANCE
Burberry says coronavirus hurting luxury demand,0,FINANCE
Burberry Says Viral Epidemic Devastates China Sales,0,FINANCE
BW Group trims its stake in DHT Holdings,0,FINANCE
California department to reject Sezzle's application for lending license in state,0,FINANCE
Canadian National Laying Off Workers,0,FINANCE
Carmakers close Chinese factories because of coronavirus,0,FINANCE
China’s Coronavirus Set To Dampen Economic Growth In The United States,0,FINANCE
Coronavirus reports hang over cruise line sector,0,FINANCE
CORRECT: Tapestry estimates 2020 negative impact of $200 mln-$250 mln from coronavirus outbreak in China,0,FINANCE
"CORRECTED-Nissan recalls nearly 400,000 vehicles over braking system defect (Nov. 16)",0,FINANCE
Credit Suisse's Top Investor Wants Chairman to Follow CEO Out,0,FINANCE
Delta and American airlines halt flights to China in response to coronavirus https://t.co/XtxOndVRIg,0,FINANCE
"Delta has decided to temporarily suspend all flights from the US to China from February 6 through April 30, due to... https://t.co/vJLfdbPhvV",0,FINANCE
Disney+ faces backlash over 'The Simpsons' aspect ratio,0,FINANCE
DNA testing company Veritas Genetics is suspending American operations and cutting all U.S. staff after a financing… https://t.co/LZZNsdU41T,0,FINANCE
Efforts to save South African Airways by placing it into bankruptcy protection hit a snag https://t.co/ptXgcTsac7,0,FINANCE
Electrolux to incur $70 million charge for U.S. overhaul,0,FINANCE
Expedia's Problems Run Deeper Than SEO Headwinds,0,FINANCE
Facebook under fire as political ads vanish from archive: FT https://t.co/4gXYZZSiWR https://t.co/NIfMVvmsj3,0,FINANCE
Factbox: Automakers close factories in China due to virus outbreak,0,FINANCE
Finnair cancels 276 flights as unions join solidarity strike #FinnairOyj #Stock #MarketScreener… https://t.co/j4PMDAs2cI,0,FINANCE
"Ford Recalls More Than 500,000 Pickups for Fire Risk",0,FINANCE
Ford risks Mustang fan backlash with SUV: They'll need to pry gas-powered Mustangs from 'my cold dead fingers',0,FINANCE
Frozen Wells Fargo Bonuses Show a Peril for Bankers After Crisis,0,FINANCE
"FTC's Look Into Facebook A 'Negative Development,' Says RBC's Mahaney",0,FINANCE
Gilead's Second CAR-T Treatment Suffers the Same Issues as Yescarta,0,FINANCE
Goldman partner embroiled in 1MDB scandal exits bank - FT https://t.co/uiXjEqyc6e https://t.co/cV1UlIMIB4,0,FINANCE
"Gulfport Energy to stop share buybacks, cut jobs; Houston to leave board",0,FINANCE
Harvest Health becomes latest cannabis company to scale back a previously-agreed deal,0,FINANCE
"Hexo's Q1 Report Could Be Ugly, Says Cantor Fitzgerald",0,FINANCE
Honda may keep Wuhan plants closed longer due to outbreak: Nikkei,0,FINANCE
"Hong Kong Airlines to cut 400 jobs, ask employees to take unpaid leave: SCMP",0,FINANCE
"Hong Kong Airlines to cut 400 jobs, operations as coronavirus hits travel",0,FINANCE
"Hyundai Motor, Kia Motors to keep Chinese factories idled until February 16",0,FINANCE
IFA Irish Farmers Association : HAND IN LETTERS OF PROTEST TO MEAT INDUSTRY IRELAND AND MI... #IFA #economy… https://t.co/xxnZ8OgPnG,0,FINANCE
"In a sharply worded letter, HP told Xerox it has “significant concerns about both the near-term health and long-ter… https://t.co/xYlMfujdGg",0,FINANCE
"ING's Fourth-Quarter Results Were Quite Challenging, Says CFO",0,FINANCE
J.C. Penney Again at Risk Of NYSE Delisting,0,FINANCE
Jaguar Land Rover to cut output at two UK factories,0,FINANCE
La Jolla Pharma to reassess development of LJPC-401,0,FINANCE
La Jolla Pharmaceutical to reassess continued development of LJPC-401 based on clinical results,0,FINANCE
Lifeblood of Amazon merchants threatened as coronavirus infects Chinese workers,0,FINANCE
Loonie dips as Bank of Canada official points out uncertainties,0,FINANCE
L'Oreal CEO says coronavirus will hamper sales in coming weeks,0,FINANCE
L'Oreal Expects Short-Term Virus Hit,0,FINANCE
Lowe's says it will shut 34 stores in Canada,0,FINANCE
Luckin Coffee and Yum China hit again by coronavirus anxiety,0,FINANCE
"Macy's says weather, soft tourism and weak performance at lower-tier malls weighed in Q3",0,FINANCE
"Mitsubishi postpones SpaceJet delivery again, books $4.5 billion special loss",0,FINANCE
"Nike to record $425 mln charge as it transitions brand business in Brazil, Argentina, Chile, Uruguay to distributor partnerships",0,FINANCE
Nike Warns Coronavirus Is Presuring Sales in China,0,FINANCE
Nintendo Switch Shipments to Japan Delayed by Coronavirus,0,FINANCE
Nissan orders deep spending cuts - Reuters,0,FINANCE
Novartis to cut 150 jobs at Shanghai site in shift to commercial development,0,FINANCE
NTSB calls on Boeing to redesign thousands of 737s,0,FINANCE
NTSB chair criticizes Uber's safety culture,0,FINANCE
Nutrien : to Shut Down Rocanville Mine for Two Weeks Due to CN Strike #Nutrien #Stock #MarketScreener… https://t.co/7RnmPSYg3X,0,FINANCE
Oracle’s Need for ‘Steep’ Sales Climb Leaves Street Cautious,0,FINANCE
"Participation Of BSNL, MTNL In Spectrum Auction May Lead To Conflict Of Interest: Department Of Telecom ",0,FINANCE
Peter Thiel Divides Facebook Internally Over Ad Policy (Radio),0,FINANCE
PG&E loses half of financial backing for bankruptcy plan,0,FINANCE
Pizza Hut's Struggling Turnaround Weighs on Yum Brands Results,0,FINANCE
Protest forces AngloGold to suspend Guinea gold production,0,FINANCE
Qualcomm Projects Uneven Sales Growth on Pickup of 5G,0,FINANCE
Royal Mail Labor Trouble Throws Long-Term Targets Into Jeopardy,0,FINANCE
Royal Mail Labor Troubles Put Long-Term Targets in Jeopardy,0,FINANCE
Russia's Rusal faces tough market for aluminium even after sanctions dropped,0,FINANCE
"S. African Airways Cuts Foreign, Local Routes to Stay Afloat",0,FINANCE
Saputo Canadian Closures Show How Much Dairy Industry Is Hurting,0,FINANCE
Sell-siders on board with Bristol-Myers Squibb's Q4 & outlook,0,FINANCE
SoftBank Group Corp.’s massive investment in WeWork triggered a multi-billion-dollar writedown and a rare apology f… https://t.co/PogaY0B09Z,0,FINANCE
"Some gamers accessing Google's new cloud gaming platform, Stadia, through a Chromecast Ultra dongle are reporting trouble… https://t.co/t6dCbMr0C3",0,FINANCE
Sparkle fades as coronavirus risks wiping out luxury goods growth,0,FINANCE
"Steel Giant to Axe 3,000 Jobs as Crisis Rips Through Europe",0,FINANCE
Swiss investor adviser Ethos calls for Credit Suisse overhaul after spying,0,FINANCE
Tesla Cybertruck debut drew ridicule online after the newly-unveiled model’s armored glass windows cracked like spi… https://t.co/3h9ch5lK1r,0,FINANCE
Tesla Zealotry on Street Fades as Focus Shifts to Fundamentals,0,FINANCE
Tesla's Return to Profitability Is Not Sustainable,0,FINANCE
"Teva, Bausch Could Be Next to File for Bankruptcy",0,FINANCE
"The reveal of the Tesla $TSLA #Cybertruck didn't go quite as expected... but moving on, there's a few specs you sho… https://t.co/wYnwjcjnEF",0,TSLA
"The Supreme Cannabis Company, Inc. Consensus Forecasts Have Become A Little Darker Since Its Latest Report",0,FINANCE
Thiel driving FB division on political ads - WSJ,0,FINANCE
"Three of the largest US airlines -- Delta, American and United -- have canceled more flights between the United Sta... https://t.co/fY9qG2bXpa",0,FINANCE
TikTok looks to diversify users as U.S. pressure mounts,0,FINANCE
"Toyota keeps China plant output stopped through February 16 as virus hits supply, logistics",0,FINANCE
"Toyota, Honda Extend China Shutdowns as Virus Gathers Pace",0,FINANCE
Trading on the News Adds a Risk Premium to Shares of American Micro Devices,0,FINANCE
Trans Mountain expansion costs soars to C$12.6B - report,0,FINANCE
TSB to axe at least 15% of branches in cost-cutting drive https://t.co/8c17g12zuC,0,FINANCE
"TSB to close 82 branches, slash costs in strategy overhaul https://t.co/RWpUxn2xTH https://t.co/TUTUh0Au4G",0,FINANCE
"TSB to cut 82 branches in strategy overhaul, up to 400 may go https://t.co/D9inDP0OOQ https://t.co/w2h4hTfFyz",0,FINANCE
"Tullow to Cut 40% Jobs in Kenya, Focus on Investment Decision",0,FINANCE
Uber co-founder Travis Kalanick has sold $1.5 billion worth of the company's stock this month https://t.co/ZLtMcVtFcp,0,FINANCE
Uber co-founder Travis Kalanick sold $1.5 billion of the company's stock this month https://t.co/L5f47o9NnD,0,FINANCE
Uber Loses License In London,0,FINANCE
Uber Loses London License (Again) ,0,FINANCE
Uber may be about to lose the right to operate in London https://t.co/PWXX1xSAOj,0,FINANCE
"UBER SAYS AWARE OF APP NOT LOADING, WORKING TO RESOLVE IT",0,FINANCE
Uber's license will not be renewed in London over safety concerns https://t.co/n6NCmvWaGt,0,FINANCE
'Unfit' Uber loses London license over safety failures,0,FINANCE
'Unfit' Uber stripped of London license #economy #MarketScreener https://t.co/wgqFijpV50 https://t.co/clmEwq2cJK,0,FINANCE
Unilever : Recalls Some Lipton and Knorr Products Due to a Poultry Supplier's Recall #Unilever #Stock… https://t.co/FxpwjQYkXh,0,FINANCE
United joins Delta and American in suspending flights between the U.S. and mainland China. United's flight suspensi... https://t.co/5ZtcJXzf7O,0,FINANCE
UPDATE 1-Bristol-Myers misses main goal of late-stage skin cancer trial,0,FINANCE
UPDATE 1-CymaBay Therapeutics scraps liver disease studies; shares plunge,0,FINANCE
UPDATE 1-FDA declines to approve Adamis Pharma's Zimhi to treat opioid overdose,0,FINANCE
Vans parent VF Corp. says 60% of China owned and partnered stores are closed over coronavirus,0,FINANCE
"Vans parent VF Corp. says 60% of China stores are closed over coronavirus, to update guidance in May",0,FINANCE
Vietnam's budget carrier VietJet Aviation JSC will suspend all of its fights to China February 1 amid the novel cor... https://t.co/nWRl3RDuIy,0,FINANCE
Walmart Inc.’s Jet subsidiary is ending its fresh-food delivery business just a year after introducing the service… https://t.co/MpzLxKX3cW,0,FINANCE
Walmart Pulls The Plug On Jet.com 'City Grocery Experience',0,FINANCE
Walmart's Jet is ending its fresh-food delivery business just a year after introducing the service in New York City https://t.co/Y8sI7u2mmB,0,FINANCE
"WATCH: Cosmetics maker Coty, faced with weak sales, is expected to start an auction process in December and consume… https://t.co/qSW2swob2C",0,FINANCE
WeWork Layoffs: 10 Things to Know About the Upcoming Job Cuts,0,FINANCE
WeWork set to lay off thousands - NYT,0,FINANCE
WeWork’s Path to Survival Is Narrow and Perilous,0,FINANCE
What went wrong at Tesla's Cybertruck launch? Hear from Bloomberg's Ed Ludlow @EdLudlow who was there https://t.co/chEHrylNx7,0,FINANCE
"Why I'm Cutting Netflix -- and Millions of Americans Might, Too",0,FINANCE
Why London Has Banned Uber — Again,0,FINANCE
$PBR - Petrobras expects lower April production; makes oil discovery https://t.co/kSkaXkxlze,0,FINANCE
$PSX $VLO $HFC - Phillips 66 cuts rates at Bayway refinery on weak cracks - S&P Global https://t.co/0sOtRQG5t5,0,FINANCE
$XOM - Exxon's Baton Rouge refinery cuts production on low demand - Reuters https://t.co/xRIss6avLy,0,FINANCE
Exxon is cutting billions of dollars in investments to keep its financial footing during the worst oil-price rout i… https://t.co/QoPqAc2J9a,0,FINANCE
"WATCH: Exxon Mobil, the largest U.S. oil producer, said it will cut planned capital spending by 30% this year https://t.co/pewe0L13xG",0,FINANCE
"Freddie Mac Prices $731 Million Multifamily K-Deal, K-F74  https://t.co/c31iovNuJy",0,FINANCE
$AAPL - Apple forecasts 100M+ 5G iPhone sales - report https://t.co/QhkaVvX1fZ,1,AAPL
$AQST FDA approves Aquestive's ALS treatment https://t.co/7g7ZbrkoqF via @YahooFinance,1,FINANCE
$AQST: Aquestive Therapeutics confirms FDA approval for Exservan Oral Film for the treatment of amyotrophic lateral… https://t.co/PIRPvqJ4s7,1,FINANCE
$BA $EADSY $EADSF - Boeing reports 30 orders of 737 MAX in November https://t.co/zOOFn8b2ip,1,FINANCE
$CNK - Cinemark Holdings (CNK) Presents At Southwest Ideas Investor Conference - Slideshow. Get more updates here:… https://t.co/vdvcgOsGLP,1,FINANCE
$DIS $SNE - Disney now sees $110M-$120M for 'Frozen II' https://t.co/I59tzaKreO,1,FINANCE
$DMPI DelMar Pharmaceuticals Presents Positive Interim Data of VAL-083 Demonstrating Favorable Outcomes...… https://t.co/5WbTTriTwV,1,FINANCE
$HEPA Hepion Pharmaceuticals Successfully Advances to Next Dosing Level in Ongoing Multiple Ascending Dose Clinical Study of CRV431,1,FINANCE
$ICPT: Intercept Pharma announces FDA acceptance of New Drug Application for obeticholic acid seeking accelerated... https://t.co/31L0KiSWEZ,1,FINANCE
$IONS $AKCA $AKCA - Akcea and Ionis launches late-stage AKCEA-TTR-LRx study https://t.co/ybDZfFkp0Z,1,FINANCE
$LDOS - Leidos bull positive on DoE contract win https://t.co/KCDOa63aHE,1,FINANCE
$LMT - Lockheed Martin missile test goes off well https://t.co/gYVX1UzVqD,1,FINANCE
$OYST: Oyster Point Pharma reports positive top-line results from the Phase 1 ZEN Study https://t.co/3fKa6WS85r,1,FINANCE
$PAC - Grupo Aeroportuario Del Pacifico reports 10.1% rise in November traffic https://t.co/1tr3oiR6mE,1,FINANCE
$PTCT: PTC Therapeutics announces that the FDA has granted priority review for the New Drug Application for... https://t.co/EIQ7MgrPSc,1,FINANCE
$RADA - RADA Electronic announces $12.5M in new orders https://t.co/wEocrRMgtL,1,FINANCE
$SGEN - Seattle Genetics earns drug approval in Canada https://t.co/Q1co2SGurS,1,FINANCE
$TAK: Takeda Pharma presents long-term data for ALUNBRIG; demonstrates continued Superiority after two years https://t.co/RPW80FKq6S,1,FINANCE
$TEVA - Teva inks early-stage drug research deals https://t.co/yqK6GHv0Ff,1,FINANCE
$X $MT $TMST - U.S. Steel hikes HRC prices by $30/ton; steel stocks rise https://t.co/6iAnyB79Sa,1,FINANCE
"A Closer Look At Asbury Automotive Group, Inc.'s (NYSE:ABG) Impressive ROE",1,FINANCE
Ad Group Publicis Keeps Guidance in Sign That Worst May Be Over,1,FINANCE
AECOM recognized with national award for U.S. Federal small business program excellence,1,FINANCE
Airbus racks up strong January orders,1,FINANCE
Amani Gold : Secures Gold Dealers License in Tanzania #AmaniGold #Stock #MarketScreener https://t.co/fUr63A7aVB https://t.co/AHlEWGRAtq,1,FINANCE
Amazon Employees Surge Toward 1 Million,1,FINANCE
Amazon says it signed up new Prime service members in record numbers in the U.K. this week when it aired Premier Le… https://t.co/SM7E7PiVsL,1,FINANCE
Amazon to create 500 new jobs in Florida as it plans to open a distribution center,1,FINANCE
Amazon to create 500 new jobs in Florida as part of plans to open a fulfillment center in Auburndale,1,FINANCE
Amazon to create 500 new jobs in Mississippi as it builds a 2nd fulfillment center in the state,1,FINANCE
Amazon to create 500 new jobs in Mississippi as it builds new fulfillment center,1,FINANCE
AMD launches 7nm GPU for workstations; shares +4%,1,FINANCE
Analysis: Popeyes Chicken Sandwich Translates To Surge In Foot Traffic,1,FINANCE
Analysts positive on New Relic's investor event,1,FINANCE
Apple Averted An iPhone Fiasco With Phase 1 Trade Deal,1,FINANCE
Apple forecasts 100M+ 5G iPhone sales - report,1,FINANCE
Apple Just Put the Swiss Watch Industry to Shame,1,FINANCE
Apple's iPhone 11 'massive' success - Wedbush,1,FINANCE
ArcelorMittal More Optimistic on Steel Demand Outlook for 2020,1,FINANCE
ArcelorMittal sees 2020 steel pick-up as debt hits low,1,FINANCE
"As Uber, GrubHub and Postmates battle over cities, Doordash is thriving in the suburbs https://t.co/U7tr1vKX5x",1,FINANCE
Azul's January traffic rose 29.1%,1,FINANCE
"Baidu Leads the Way in Innovation with 5,712 Artificial Intelligence Patent Applications  https://t.co/btciiZtLpZ",1,FINANCE
"Blue Apron to offer 'diabetes-friendly' menus this month, stock rallies",1,FINANCE
Boeing reports 30 new orders for the troubled 737 Max in November https://t.co/jGejqEi0oT,1,FINANCE
Brazilian food delivery app iFood looks to grow in retail in 2020,1,FINANCE
Canopy Growth gets Health Canada license for beverage facility,1,FINANCE
"Canopy Growth Obtains Health Canada License For Beverage Facility, Now Has All 'Cannabis 2.0' Licenses",1,FINANCE
China EV startup Byton receives California distributor license,1,FINANCE
Cipla’s India Arm Will Show Market-Beating Growth In Next Few Quarters: CEO Vohra,1,FINANCE
Coca-Cola Breaks Down a Record Quarter,1,FINANCE
Conoco Plans Share Buyback That's Almost 50% of Market Value,1,FINANCE
"Consensus is Being Reached Over Eskom Debt, Cosatu Says",1,FINANCE
"CuriosityStream, a streaming service devoted to science and nature has quietly amassed 10 million subscribers, more… https://t.co/bh8ZZdSJWv",1,FINANCE
Dana extends buyback program,1,FINANCE
Deutsche Bank Plans Bigger Bonuses at Asset Management Division,1,FINANCE
Dunkin' Brands Accelerates Growth Into 2020,1,FINANCE
Electronic Arts Breaks Down a Record Quarter,1,FINANCE
Eli Lilly to create 100 jobs in Indianapolis as it adds capacity to its technology center campus,1,FINANCE
"Elon Musk says Tesla has 187,000 orders for its Cybertruck, less than 48 hours after the broken-glass reveal https://t.co/AtBQDgnjUP",1,FINANCE
"Elon Musk says Tesla has amassed more than 200,000 orders for its Cybertruck, even after two windows unexpectedly s… https://t.co/KL1H0oIjfL",1,FINANCE
"engage:BDR : 25 New Clients, Revenue Growth & Balance Sheet Improvements #engage:BDR #Stock #MarketScreener… https://t.co/bwNFFeO1w4",1,FINANCE
Extreme Networks board authorizes $100 mln share buyback,1,FINANCE
FDA accepts Bioepis' application for Avastin biosimilar,1,FINANCE
"FDA Approves Sarepta's Second DMD Drug, Analyst Projects $500M-Plus Opportunity",1,FINANCE
FDA OKs Zogenix's Fintepla for Dravet syndrome,1,FINANCE
Ford invests more in Michigan,1,FINANCE
"Ford to Add 3,000 Jobs at Michigan Plants, Invest $1.45 Billion",1,FINANCE
"Ford to invest $1.45 billion in two Detroit plants, add 3,000 jobs",1,FINANCE
Former ConsenSys executive says Bitcoin will increase ‘stability for the average person’,1,FINANCE
Grupo Aeroportuario reports 10% increase in January traffic,1,FINANCE
Hecla's Fourth Quarter Continues a Strong Second Half Of 2019,1,FINANCE
Highlight 2019: Ruyi Group Records Strong Development and Growth,1,FINANCE
"HollyFrontier OKs new $1 billion stock buyback program, to build new renewable diesel unit",1,FINANCE
"HollyFrontier outlines new biodiesel project, to buy back $1B in shares",1,FINANCE
HollyFrontier sets new $1 bln share repurchase program,1,FINANCE
How Nordstrom Is Benefiting From Direct-to-Consumer Brands,1,FINANCE
How Target has morphed into a model for avoiding the retail apocalypse https://t.co/pfetquaLsu,1,FINANCE
How the Rise of At-Home Fitness Services Could Benefit Lululemon Athletica,1,FINANCE
Imagination TV announces new share buyback program,1,FINANCE
"India Business Will Show Market-Beating Growth In Next Few Quarters, Says Cipla CEO",1,FINANCE
Invora™ Herbicide Receives EPA Federal Approval,1,FINANCE
"JUST IN: For the first time since January, orders for Boeing’s troubled 737 Max airplanes incrementally rose last m… https://t.co/myUZbIwzbP",1,FINANCE
Karuna Therapeutics 'cautiously optimistic' about schizophrenia drug results in next trial: CEO https://t.co/p4vsl99X3m,1,FINANCE
Kazia Announces Positive Interim Efficacy Data From GDC-0084 Phase Ii Studyin Glioblastoma Released at SNO Conferen… https://t.co/Bn7gXP51EJ,1,FINANCE
Kodak Is Having a Comeback Moment as Oscars Embrace Film,1,FINANCE
L’Oreal Expects to Outperform Rivals Amid Temporary Virus Hit,1,FINANCE
"Lincoln Eyes Growing Market for $50,000 Rides: Auto Show Update",1,FINANCE
Matinas Rides Amarin's Coattails as Vascepa Wins FDA Panel Vote,1,FINANCE
"McDonald's could be the key to $1 billion in sales for Beyond Meat, UBS says https://t.co/Yszf0Gfz93 by @heidi_chung https://t.co/ToTuDKhmBI",1,FINANCE
McDonald's could sell over 250 million Beyond Meat burgers in U.S. annually: UBS https://t.co/MzJGYLg3yr https://t.co/xutRTYhqcI,1,FINANCE
"Medical Properties Trust, Inc. Completes 2019 With Record $4.5 Billion in Acquisitions for 64% Growth Rate and Delivers Market-Leading Shareholder Returns",1,FINANCE
Merck and Bayer's vericiguat successful in late-stage heart failure study,1,FINANCE
Merck's Keytruda OK'd in Europe for first-line HNSCC,1,FINANCE
'Merge Magic!' helps Zynga top bookings estimates,1,FINANCE
Milestone’s Expansion Continues; Opens Big Spring Facility in Northern Midland Basin,1,FINANCE
"Musk suggests Tesla has 187,000 orders for Cybertruck - tweet #ElonMusk #baron #MarketScreener… https://t.co/cFon5dnm1m",1,FINANCE
Netflix Inc.’s internal data suggests the streaming giant hasn’t been hurt yet by the launch of rival services from… https://t.co/wz2tbKruNf,1,FINANCE
Nokia Results Beat Provides Some Relief to Tested Investors,1,FINANCE
NXP Semi will resume buybacks,1,FINANCE
Osram Has a Robust Start to Fiscal Year 2020,1,FINANCE
Palantir Wins New Pentagon Deal With $111 Million From the Army,1,FINANCE
Prothena (NASDAQ:PRTA) Is In A Good Position To Deliver On Growth Plans,1,FINANCE
"Ram is making moves in the truck wars, with U.S. sales roughly tripling in the last 10 years. Watch the full video… https://t.co/P5wtyDXN3p",1,FINANCE
Report: Apple's Fortunes In China Turn Around After iPhone 11 Launch,1,FINANCE
"Roku Leads In Subscriber Battle With Apple, Amazon",1,FINANCE
Saint-Gobain North America Announces Largest Renewable Energy Deal in Company’s 354-Year History,1,FINANCE
Sanofi eyes more growth this year as it narrows focus,1,FINANCE
SB Financial announces extension of share repurchase program,1,FINANCE
Scorpio Tankers' Bugbee buys 2K call option contracts for $450K,1,FINANCE
Seattle Genetics earns drug approval in Canada,1,FINANCE
"Smart Timing for a ""Grand Theft Auto"" Sequel Could Deliver Huge Gains for Take-Two Interactive",1,FINANCE
"SocGen CEO: Confident We Can Improve Net income, Profitability in 2020",1,FINANCE
Spotify Adds Most Subscribers Ever in Fourth Quarter,1,FINANCE
Spotify's More Confident Than Ever in Its Podcast Strategy,1,FINANCE
Stock Market Update: ConocoPhillips forecasts $50 billion free cash flow over ten years,1,FINANCE
StoneCo allayed some investor concerns over competition with solid growth https://t.co/2JD5cA71d1,1,FINANCE
"SunExpress exercising options to buy 10 additional Boeing 737 MAX 8 planes, valued at $1.2 bln",1,FINANCE
SurveyMonkey CEO: Our data shows Uber could raise prices because 'people are addicted' to app https://t.co/51xhXDlTSf,1,FINANCE
Swedish gearmaker Ericsson expects 2.6 billion 5G subscriptions by end of 2025 https://t.co/WLnBwVZiaq https://t.co/3vB1JqvJ2L,1,FINANCE
Takeda Announces 18-Month Data from Pivotal Phase 3 Trial of Dengue Vaccine Candidate Met All Secondary Endpoints… https://t.co/ljQtGsqLWy,1,FINANCE
Target has morphed into a model for how to avoid the retail apocalypse https://t.co/LY3p19otVo,1,FINANCE
"Tesla Cybertruck Hits 200,000 Orders Just Days After Botched Launch",1,FINANCE
"Tesla’s Cybertruck doesn’t look street legal, but pre-orders are pouring in https://t.co/pOSWuIscRN",1,FINANCE
Tinyclues Announces Major Growth in 2019,1,FINANCE
Toyota in Growth Mode Defies Slowdown in Global Vehicle Demand,1,FINANCE
"Tri Global Energy Maintains Lead in Texas Wind Energy Development Projects, Launches Expansion into New States",1,FINANCE
Twitter's First Billion-Dollar Quarter,1,FINANCE
U.S. grants Huawei 90-day extension of business license,1,FINANCE
"U.S. interest positive for Ericsson, says top owner Cevian",1,FINANCE
Uber To Profit From Better Pricing Environment: Singh (Radio),1,FINANCE
Uber's new roadmap to profitability draws Wall Street praise,1,FINANCE
Unilever sees Lipton as still attractive,1,FINANCE
UPS resorted to asking temp workers to use their own cars to keep up with a record-breaking holiday season https://t.co/PXeXSNB6UA,1,FINANCE
"Very Optimistic About 2020, Says Bank Albilad CEO",1,FINANCE
Visa R&D Arm Develops a Blockchain System That Could Replace Financial Data Aggregators,1,FINANCE
Volaris reports 18.4% growth in January traffic,1,FINANCE
Volkswagen reveals exotic-sounding ID. Space Vizzion electric wagon at Los Angeles Auto Show,1,FINANCE
Walmart announced that it plans to open 500 new stores in China over the next five to seven years. That would more… https://t.co/jRIRz4x6hi,1,FINANCE
Walmart has announced that it plans to open 500 new stores in China over the next five to seven years. That would m… https://t.co/u6Y0TKU2Ss,1,FINANCE
Walmart Marks A Five-Year Streak Of Quarterly Sales Gains And Turns To A Robotic Future,1,FINANCE
"Wearables Sales Surge, Bolstering Apple Stock",1,FINANCE
"Wetherspoon plans new pubs around Britain, creating 10,000 jobs https://t.co/2VCkehRW9s https://t.co/naZskECdpp",1,FINANCE
"Wetherspoons plan to create 10,000 jobs met with scepticism https://t.co/6UCEHfW6T1",1,FINANCE
What is Yandex? Here's a look at the company that's beating Google in Russia. https://t.co/zEFylkETf0 https://t.co/VOzL5jGbRK,1,FINANCE
Why Disney+ is the only service that can rival Netflix,1,FINANCE
Why Popeyes foot traffic soared in the third quarter: RPT,1,FINANCE
Why Profits From Amazon's Cloud Business Could Be About to Soar,1,FINANCE
Wynn Resorts confident on post-virus recovery,1,FINANCE
Wynn Resorts expected to bounce back strong,1,FINANCE
$CPST - Eagle Ford producer orders another Capstone C800S https://t.co/dhi3LiIgx7,1,FINANCE
$CVX - Chevron prepares to restart oil output on Saudi-Kuwaiti border https://t.co/j8kjIXSngt,1,FINANCE
Commodities trader Trafigura reports a record year in oil and metals https://t.co/8l4XoE7kMC,1,FINANCE
$KOS - Kosmos inks Greater Tortue LNG supply deal with BP https://t.co/0a3CT4hQP6,1,FINANCE
$NVEE - NV5 receives $34M LNG contract https://t.co/il2wdWhMGB,1,FINANCE
$PBR: Petrobras Brasileiro on new oil discovery in Campos Basin https://t.co/oBbU68VkXm,1,FINANCE
Brasileiro S A Petrobras : Petrobras on new oil discovery in Campos Basin  #Stock #MarketScreener… https://t.co/z4Cv2zQSqv,1,FINANCE
$AAPL - india confirms iPhone exports https://t.co/6ccIWkfSML,2,AAPL
$AGIO: Agios Pharma presents new phamacodynamic and response data from both cohorts of perioperative study of... https://t.co/BLj4lmvnRJ,2,FINANCE
$ALXN said that it will maintain an active dialogue with shareholders and welcomes constructive impact” https://t.co/nPMG69yiLb,2,FINANCE
$ALXN: Alexion Pharma issues statement in regards to discussions with Elliott Management https://t.co/YmM7bRuzgm,2,FINANCE
$ASMB - Assembly Biosciences (ASMB) Presents At Jefferies Global Healthcare Conference - Slideshow. Get more info o… https://t.co/MtfizeNa33,2,FINANCE
$AXL - American Axle & Manufacturing (AXL) Investor Presentation - Slideshow. Subscribe to Seeking Alpha for more:… https://t.co/QBilGNkYMD,2,FINANCE
"$BA - Boeing debuts first 737 MAX 10, largest version of embattled plane https://t.co/6OsMio0V0J",2,FINANCE
"$BA CORRECTION: 737 MAX 10 makes debut at Renton, Washington Factory - Bloomberg",2,FINANCE
"$BABA - Alibaba, Manchester United sign streaming pact https://t.co/720C8lT1zj",2,FINANCE
$BAYRY: Bayer AG submits application to EMA for use of rivaroxaban in children with venous thromboembolism https://t.co/zhjz5RLwZ8,2,FINANCE
$BIIB - Biogen (BIIB) Presents Aducanumab Phase 3 Topline Results - Slideshow. Read more and get updates on any sto… https://t.co/FOEG9uCja1,2,FINANCE
$BMY - Bristol-Myers Squibb (BMY) Presents At American Society Of Hematology Annual Meeting - Slideshow. Get more u… https://t.co/4zuofGIzKQ,2,FINANCE
$BMY - Bristol-Myers Squibb Prescribed For The Newborn Portfolio. Keep reading: https://t.co/MjOY8vsnmo #investing #markets #stocks,2,FINANCE
$BMY $XLRN - No Ad Com review for Bristol-Myers' luspatercept for MDS https://t.co/YTvakZMTT3,2,FINANCE
$BRKS - Brooks Automation (BRKS) Investor Presentation - Slideshow. Get more updates here: https://t.co/5agFZ1mXOh… https://t.co/1zs7gcr8uR,2,FINANCE
$CARA - Cara Therapeutics (CARA) Investor Presentation - Slideshow. Follow this and any other stock on Seeking Alph… https://t.co/OPyNnK4rN7,2,FINANCE
$COP - ConocoPhillips (COP) Investor Presentation - Slideshow. Keep reading: https://t.co/iSocNAQhv9 #investing #markets #finance,2,FINANCE
$CREG - China Recycling completes warrant exchange offer https://t.co/UYsq59ThYE,2,FINANCE
$CRSP - Crispr Therapeutics (CRSP) Investor Presentation - Slideshow. Keep reading: https://t.co/oloYgHLePX #business #investing #trading,2,FINANCE
$CS - Credit Suisse power struggle mounts - Bloomberg https://t.co/rn1V98jRFH,2,FINANCE
$CVX - Chevron CEO planning major cost-cutting initiative - Reuters https://t.co/22rLMaOW3N,2,FINANCE
$CWBHF - Charlotte's Web announces underwritten offering https://t.co/sztUW2bVmi,2,FINANCE
$DAN - Dana (DAN) Presents At Barclays Global Automotive Conference - Slideshow. Read more: https://t.co/Qjy5FqzFQy… https://t.co/pYliENEAnG,2,FINANCE
$DCP - DCP Midstream (DCP) Presents At RBC Capital Markets Midstream Conference - Slideshow. Read more and sign up… https://t.co/PIQchMtrNZ,2,FINANCE
$DVAX - Dynavax Technologies (DVAX) Investor Presentation - Slideshow. Keep reading: https://t.co/0PSKHmnw4g #finance #trading #stockmarket,2,FINANCE
"$DVN $DOW - Devon Energy, Dow to jointly develop Oklahoma shale acreage https://t.co/eCS90hUh92",2,FINANCE
"$EC: Ecopetrol plans to invest an expected $4.5-5.5 bln in 2020, 25% to 53% higher than the estimated 2019 figure... https://t.co/20Fue6Os6N",2,FINANCE
$EHTH - eHealth: Another Prescription For A Healthy Beat And Raise. https://t.co/y6x6CCuKH7 #trading #finance #markets,2,FINANCE
$ENB $ENB $CVE - Enbridge says Mainline plan opponents stalling for time https://t.co/tRuhfNl8if,2,FINANCE
$EPD - Enterprise Products Partners (EPD) Presents At RBC Capital Markets Midstream Conference - Slideshow. Follow… https://t.co/1mXgfJmOF2,2,FINANCE
$EPR - EPR Properties sells Charter School portfolio for $454M; lowers FFO guidance for 2019 https://t.co/M3AcW52osx,2,FINANCE
$FATE: Fate Therapeutics presents new preclinical data for FT819 https://t.co/3Y3QOyRYbZ,2,FINANCE
$FB - Facebook built app for real-time face recognition - report https://t.co/MFOuEHJp1Z,2,FINANCE
$FLOW - SPX Flow (FLOW) Presents At 7th Annual Industrials Conference - Slideshow. Follow this and any other stock… https://t.co/6HrSH9bKz0,2,FINANCE
$FOX $FOXA - Fox sells out Super Bowl ad slots early https://t.co/ZluO3PcXxY,2,FINANCE
$GEL - Genesis Energy (GEL) Presents At RBC Capital Markets Midstream Conference - Slideshow. Sign up for updates o… https://t.co/HLgr9igXC2,2,FINANCE
$GOOG - Alphabet's Loon closer to Kenya launch https://t.co/UbTp3i4Zte,2,FINANCE
$GOOG $GOOGL - Google Cloud Print ending next year https://t.co/YoXNBo5hQ2,2,FINANCE
$GS - Goldman teams with startup to explore quantum computing - WSJ https://t.co/imM34FiRog,2,FINANCE
$GTX - Garrett Motion (GTX) Presents At Barclays Global Automotive Conference - Slideshow. Get more info on Seeking… https://t.co/3atvLsDx1g,2,FINANCE
"$HPQ: HP sends letter to Xerox (XRX), reiterates rejection of proposal https://t.co/ndq3aAwthD",2,FINANCE
$IPPLF - Inter Pipeline to spend $935M on Heartland polypropylene plant https://t.co/7xumG0ldPI,2,FINANCE
$ISR - IsoRay to offer total solution in head and neck cancer https://t.co/IDVbpH0SkQ,2,FINANCE
$JELD - Jeld-Wen Holding (JELD) Presents At 7th Annual Industrials Conference - Slideshow. Keep reading:… https://t.co/HBFMzKUVj8,2,FINANCE
$KGC - Kinross Gold (KGC) Presents At 23rd Annual Western Institutional Investor Conference - Slideshow.... https://t.co/3GHkbeYsRj,2,FINANCE
$KRTX - Karuna Therapeutics (KRTX) Presents At Piper Jaffray Healthcare Conference - Slideshow. Read more and get u… https://t.co/rOH5m2Aw6q,2,FINANCE
$KZR Kezar Life Sciences Highlights Therapeutic Potential of Protein Secretion Inhibitors at the 61st American Soci… https://t.co/jFFu7R9I6T,2,FINANCE
$LASR - nLIGHT (LASR) Investor Presentation - Slideshow. Subscribe to Seeking Alpha for more:… https://t.co/08AyOeTPAD,2,FINANCE
$LDOS - Leidos wins DoE contract https://t.co/DACUA3kFd3,2,FINANCE
$LJPC: La Jolla Pharm says will reassess continued development of LJPC-401 (synthetic human hepcidin) based on... https://t.co/Su3WyKkyFN,2,FINANCE
$LK calls @BlackBox_Team https://t.co/f0cvVLxwvW,2,FINANCE
$LMT - Lockheed Martin (LMT) Presents At 7th Annual Industrials Conference - Slideshow. Subscribe to Seeking Alpha… https://t.co/T5tYeGIq7H,2,FINANCE
"$LSCC - Lattice unveils FPGA platform, products https://t.co/XvIDUz9rch",2,FINANCE
"$LYFT - Lyft Has 99 Problems, But This Ain't One. https://t.co/I9yToDTye5 #markets #stockmarket #stocks",2,FINANCE
$M - Macy's to test new concept https://t.co/GDPbKYfu65,2,FINANCE
$MCD $BYND - Sky-high projection on McDonald's P.L.T sales https://t.co/G9y6kNSm6A,2,FINANCE
$MMLP - Martin Midstream Partners (MMLP) Presents At RBC Capital Markets Midstream Conference - Slideshow. Get more… https://t.co/yQtP60wVl0,2,FINANCE
$MNTA - Momenta Pharma launches $200M stock offering https://t.co/twgG4AQ1jx,2,FINANCE
$MRNA trademark - WUHAN CORONA VAX https://t.co/0Dd4ke2Jar,2,FINANCE
$MSFT $WORK - MSFT's Teams joins Slack on Linux https://t.co/a3EPajypRW,2,MSFT
$OC - Owens Corning wins spot on Goldman's Conviction List https://t.co/LVtTiJR5T9,2,FINANCE
$OCUL - Ocular Therapeutix (OCUL) Presents At Jefferies Global Healthcare Conference - Slideshow. Sign up for updat… https://t.co/7etAotM3V4,2,FINANCE
$OKE - ONEOK (OKE) Presents At RBC Capital Markets Midstream Conference - Slideshow. Continue reading:… https://t.co/MCuoODzYHH,2,FINANCE
$OMCL: Omnicell highlights strategic priorities and long-term financial targets at investor & analyst day https://t.co/BVifWUzbXK,2,FINANCE
"$OPTT in the recent conference call, CEO said, No need to raise funds.",2,FINANCE
$ORN - Orion Group Holdings (ORN) Investor Presentation - Slideshow. Get more info on Seeking Alpha:… https://t.co/x6ZUXNNMNg,2,FINANCE
"$PHUN Mobile advertising company Phunware(PHUN) has landed President Trump's re-election campaign as a client, the… https://t.co/6JgNZIRAoe",2,FINANCE
$PJC - Piper Jaffray Companies (PJC) Investor Presentation - Slideshow. Subscribe to Seeking Alpha for more:… https://t.co/h5HaVMCEwe,2,FINANCE
$PLMR - Palomar Holdings (PLMR) Investor Presentation - Slideshow. Get more info on Seeking Alpha:… https://t.co/4E7LREWtAm,2,FINANCE
$POOL - Pool (POOL) Presents At 2019 Stephens Nashville Investment Conference - Slideshow. Keep reading:… https://t.co/5l8I5uc2Gu,2,FINANCE
$PRA - ProAssurance (PRA) Investor Presentation - Slideshow. Get more info on Seeking Alpha:… https://t.co/gdhx94cy81,2,FINANCE
$PRTA - Prothena (PRTA) Investor Presentation - Slideshow. Read more and get updates on any stock!… https://t.co/sUP1UgLUhE,2,FINANCE
$PURA - Puration updates on revenue target https://t.co/nevy68Z1Oy,2,FINANCE
$R - Ryder System (R) Investor Presentation - Slideshow. Keep reading: https://t.co/C8ZZUcOTeE #economy #finance #stocks,2,FINANCE
$REGN - Regeneron Pharmaceuticals (REGN) Presents At Jefferies Global Healthcare Conference - Slideshow. Subscribe… https://t.co/VGncSdz2a0,2,FINANCE
$RES - RPC (RES) Presents At Southwest Ideas Investor Conference - Slideshow. Follow this and any other stock on Se… https://t.co/xKaSMZtqMp,2,FINANCE
$RGEN - Repligen (RGEN) Investor Presentation - Slideshow. Get more updates here: https://t.co/kK62YD35wd #markets #stocks #investing,2,FINANCE
$RUTH - Ruth's Hospitality Group (RUTH) Investor Presentation - Slideshow. Read more: https://t.co/GvQdcldSVo #economy #stockmarket #stocks,2,FINANCE
$RVNC: Revance Therapeutics submitted a BLA to the FDA for DAXI in the treatment of moderate to severe glabellar... https://t.co/G43keJ8eQ2,2,FINANCE
$SAEX - SAExploration gets Nasdaq non-compliance letter https://t.co/AbMzoKMQWL,2,FINANCE
$SFTBF $SFTBY - SoftBank backs Brazilian e-commerce software startup https://t.co/Yjla5Ixrye,2,FINANCE
$SGEN: Seattle Genetics: Health Canada has approved the supplemental New Drug Submission that expands the use of... https://t.co/rHk5Gxvlyv,2,FINANCE
$SLCA - U.S. Silica (SLCA) Presents At 2019 Stephens Nashville Investment Conference - Slideshow. Read more and get… https://t.co/8MsW0aJ30K,2,FINANCE
$SM - SM Energy (SM) Presents At 2019 Stephens Nashville Investment Conference - Slideshow. Read more and get updat… https://t.co/w15JWT01on,2,FINANCE
$SPPI - Spectrum Pharmaceuticals (SPPI) Investor Presentation - Slideshow. Sign up for updates on Seeking Alpha!… https://t.co/EeU3d0DygX,2,FINANCE
$SRI - Stoneridge (SRI) Presents At 2019 Stephens Nashville Investment Conference - Slideshow. Read more and get up… https://t.co/yZF3pgAoWM,2,FINANCE
$SSL: Sasol comments on results for half year ending 31 December 2019 https://t.co/aXAt2U6hFn,2,FINANCE
$SYBX another good one for next week. Webcast Presentation at the Piper Jaffray 31st Annual Healthcare Conference. https://t.co/cSQmmvGkRN,2,FINANCE
$TACT - TransAct Technologies (TACT) Investor Presentation - Slideshow. Sign up for updates on Seeking Alpha!… https://t.co/3ntClA6ZLL,2,FINANCE
"$TCCO insane, halted again...... Just 1.85M shares float, exaclty like $MYSZ lets see if we get good news to see also a big pop. Im long.",2,FINANCE
$TECK $RGLD - Strike ends at Teck Resources' Andacollo mine in Chile https://t.co/1uMUHsrz32,2,FINANCE
$TEN - Tenneco (TEN) Presents At Barclays Global Automotive Conference - Slideshow. Follow this and any other stock… https://t.co/GIiv33HlVR,2,FINANCE
$TITN - Titan Machinery (TITN) Presents At 2019 Stephens Nashville Investment Conference - Slideshow. Get more info… https://t.co/n2mtTU4lCn,2,FINANCE
$TRGP - Targa Resources (TRGP) Presents At RBC Capital Markets Midstream Conference - Slideshow. Sign up for update… https://t.co/s6lPhegpvA,2,FINANCE
$TRLFF - True Leaf lands license for medical cannabis production https://t.co/uTR4ltiJma,2,FINANCE
"$TRNX Taronis Provides Summary of Shareholder Town Hall .. Taronis Fuels generated record fourth quarter unaudited,... https://t.co/iy6qCngjJz",2,FINANCE
$TRP - TC Energy (TRP) Investor Presentation - Slideshow. Subscribe to Seeking Alpha for more:… https://t.co/SjTmkjUpWn,2,FINANCE
$TRTN - Triton International Ltd. Issuing Its Fourth Preferred Stock For The Past Year. https://t.co/dKJNrLoymo... https://t.co/t98dnEuAdv,2,FINANCE
$TXN - Texas Instruments (TXN) Management Presents at UBS Global TMT Conference - Transcript. Continue reading:… https://t.co/F0LilKlKy8,2,FINANCE
$UCBJF $UCBJF $ABBV - UCB's bimekizumab tops Humira in late-stage psoriasis study https://t.co/LHT1Kd1aTu,2,FINANCE
$UNG $UGAZ $DGAZ - Freeport LNG launches commercial operations https://t.co/HLhVyhEFXZ,2,FINANCE
$VG - Vonage Holdings (VG) Investor Presentation - Slideshow. Sign up for updates on Seeking Alpha!… https://t.co/QVdBVi8ycw,2,FINANCE
$VIPS - Vipshop announces business cooperation with SF Holding https://t.co/ZovfVIdE2E,2,FINANCE
$VIVE - Viveve Medical prices unit offering https://t.co/10BKUtJ8Cy,2,FINANCE
$VMD - Viemed Healthcare (VMD) Investor Presentation - Slideshow. Follow this and any other stock on Seeking Alpha!… https://t.co/73LaruXZgL,2,FINANCE
"$VMW - VMware, Inc. (VMW) Presents at Raymond James Technology Investors Conference (Transcript). Follow this and a… https://t.co/VeYNnau4xL",2,FINANCE
$VNDA - Vanda Pharmaceuticals (VNDA) Presents At Stifel Healthcare Conference - Slideshow. Subscribe to Seeking Alp… https://t.co/7AISZPTUE0,2,FINANCE
$VSTM - Verastem submits marketing application in Europe for Copiktra https://t.co/mQYcMbts2u,2,FINANCE
$WERN - Werner Enterprises (WERN) Presents At 2019 Stephens Nashville Investment Conference - Slideshow. Get more u… https://t.co/QIHwSaT3Wn,2,FINANCE
$WINMQ $UNIT - Windstream works to block Uniti call for summary judgment https://t.co/ilBCnJChum,2,FINANCE
$WKHS Workhorse Says New Loan Will Cover Electric Truck Production $DUK $GM $UPS https://t.co/qrNMz6mxbT via @benzinga,2,FINANCE
$WTER - Alkaline Water (WTER) Presents At Southwest Ideas Investor Conference - Slideshow. Read more and get update… https://t.co/p9Mhc99pnP,2,FINANCE
$WXXWY - WuXi Vaccines to Build a $240M manufacturing facility in Ireland https://t.co/Xf71YnsM17,2,FINANCE
$ZIOP: ZIOPHARM presents clinical data for controlled IL-12; reinforced favorable safety profile and initial data https://t.co/oQuq157aoP,2,FINANCE
“I think it’s a time of great transformation in retail right now.” @stitchfix CEO Katrina Lake discusses how the co… https://t.co/gQgzOBNaUg,2,FINANCE
“Oh my f---ing god:” Elon Musk is stunned as Tesla truck's shatterproof windows break https://t.co/ErdHvY9jh5 via @luxury,2,FINANCE
 100 million investment: AGRANA opens second wheat starch plant at site in Pischelsdorf (...… https://t.co/6lZoMyTy3H,2,FINANCE
3 Different Share Sales From the Company and Insiders Weigh on Roku,2,FINANCE
3 Reasons OrganiGram Should Bounce Back Big Time in 2020,2,FINANCE
"3M is exploring a sale of its drug delivery systems unit, which could fetch about $1 billion https://t.co/vTe9IF8sz4",2,FINANCE
5 Things to Know About Canopy Growth's Q3 Report,2,FINANCE
737 MAX grounding benefits no one - Airbus,2,FINANCE
7-Eleven pilots first cashierless store,2,FINANCE
AbbVie : Form 8.3 -  #AbbVie #Stock #MarketScreener https://t.co/QPZhKPWGjF https://t.co/AS7H0SkVG8,2,FINANCE
About 200 Google employees demonstrated outside the company’s San Francisco office Friday to protest the internet g… https://t.co/FZoqyx7Q9D,2,FINANCE
Acreage Open Its First Cannabis Cultivation Facility In The Pacific Northwest,2,FINANCE
Actinogen Medical : ACW 2019 AGM Chairman's Address #ActinogenMedical #Stock #MarketScreener https://t.co/4Vmdlri3vj https://t.co/1oIlWv19U5,2,FINANCE
Activision Blizzard Plans to Release Several Video Game Remakes in 2020,2,FINANCE
Adocia Announces Its Financial Calendar for 2020,2,FINANCE
ADS CEO news takes analysts by surprise,2,FINANCE
Advocacy Group Fighting Restrictions On CDLs For The Hearing-Impaired,2,FINANCE
ADX Energy : General Meeting Results of Meeting #ADXEnergy #Stock #MarketScreener https://t.co/fjTDZA1DuU https://t.co/V1RPmQymMO,2,FINANCE
AEO Inc. Reaffirms Commitment to Sustainability,2,FINANCE
"AEP seeking wind, solar energy in PJM",2,FINANCE
Aeromexico reports Januaryr traffic results,2,FINANCE
"After 3 major tech investments this year, welcome to McDonald’s 2.0. https://t.co/RwK72Nm0sY",2,FINANCE
"After cutting 4,000 jobs, GM is hiring, but not for traditional gasoline-powered vehicles",2,FINANCE
Agati Fund : NTA Estimate - $0.1975 #AgatiFund #Stock #MarketScreener https://t.co/3FKyrRUzCE https://t.co/6Zu7vETcrU,2,FINANCE
Ahold Delhaize share buyback update,2,FINANCE
Air Astana says signs letter of intent for 30 Boeing 737 MAX,2,FINANCE
Airbus emissions-free regional jet in the making,2,FINANCE
Alacer Gold : Corrected - Significant Extension of Ardich Mineralization #AlacerGold #Stock #MarketScreener… https://t.co/URcTa4Cai4,2,FINANCE
Albemarle CEO sees strong long-term lithium demand,2,FINANCE
Alibaba closing books early in Hong Kong,2,FINANCE
Alibaba global offering prices at ~2.8% discount,2,FINANCE
Alibaba prices Hong Kong listing to raise as much as $12.9 billion,2,FINANCE
"Alibaba sets price for Hong Kong listing, making it the world's biggest so far this year",2,FINANCE
Alibaba to pioneer paperless listing in break with Hong Kong norm - CIO New Zealand,2,FINANCE
Alibaba will raise up to $12.9 bln in Hong Kong listing -sources,2,FINANCE
Alibaba's books close early in $13.4 billion Hong Kong listing: sources,2,FINANCE
Alibaba's books close early in $13.4 bln Hong Kong listing -sources,2,FINANCE
Alkem Labs Gets Three Observations From U.S. FDA For St. Louis Facility,2,FINANCE
Alkermes submits NDA for ALKS 3831 for schizophrenia and bipolar I disorder,2,FINANCE
Allbirds co-CEO Joey Zwillinger calls out Amazon for releasing a private-label shoe that looks nearly identical to… https://t.co/xg7CCdEjSQ,2,FINANCE
Alliance Trust : Net Asset Value #AllianceTrust #Stock #MarketScreener https://t.co/luL6V5KzTr https://t.co/DzrqfRpBru,2,FINANCE
"Allied Wallet Reaches 1,000 Live Merchants in Thailand",2,FINANCE
Altice USA places i24NEWS on AT&T nets,2,FINANCE
Altria to Host Webcast From the Consumer Analyst Group of New York Conference,2,FINANCE
"Amazon $AMZN, for the first time, directly links comments by @realDonaldTrump to the award of the contract to Micro… https://t.co/vuQvHTMP3M",2,FINANCE
Amazon and Goldman Sachs Wade Deeper Into Financial Services,2,FINANCE
Amazon Announces First Iowa Fulfillment Center,2,FINANCE
"Amazon Announces First-Ever ‘Amazon Future Engineer Teacher of the Year Awards,’ Awarding Seven All-Star Teachers $25,000 Prize Packages for Exemplar Work with Students Across the Country",2,FINANCE
Amazon Cites Speed in Cutting Off FedEx Ground for Holiday Shipping,2,FINANCE
Amazon Continues to Make Stealth Moves Into Healthcare,2,FINANCE
"Amazon Invests Over Rs 2,500 Crore Into Amazon Seller Services, Amazon Data Services India",2,FINANCE
Amazon pushes cloud revolution into its second phase https://t.co/ZzKVROnsl8,2,FINANCE
Amazon Says More Than 99.9% of Customer Page Views Do Not Receive a Patent Infringement Claim $AMZN https://t.co/dsZBJP6Wzt @benzinga,2,FINANCE
Amazon set to open new grocery stores next year,2,FINANCE
"Amazon sites could be added to ""Notorious Markets"" list https://t.co/D4yF7dMZzO https://t.co/2kkqzvUdVl",2,FINANCE
Amazon Teams Up With China Upstart for Black Friday Sale,2,FINANCE
Amazon To Open Chinese Store As US Consumer Fades Into Darkness https://t.co/wfxhGTKHwe,2,FINANCE
Amazon wants to expand its cashierless ambitions with supermarkets and pop-up stores https://t.co/S1wyJlzH5Z,2,FINANCE
Amazon's Record 2019 in 7 Metrics,2,FINANCE
American Airlines : Update on China Flights #AmericanAirlines #Stock #MarketScreener https://t.co/eAIZEfMItx https://t.co/mwyp2ShN5h,2,FINANCE
American Express offers sign-up bonuses to lure new merchants into accepting its cards,2,FINANCE
"Amipure, the Ultimately Clean K-Beauty Skin Care Brand Launches in the U.S.",2,FINANCE
Amplitude Healthcare Acquisition prices $100M initial public offering,2,FINANCE
Andaz Brand Debuts in Dubai With the Opening of Andaz Dubai The Palm,2,FINANCE
Anglo Australian Resources NL : Exploration Update for Mandilla Gold Discovery #AngloAustralianResourcesNL #Stock… https://t.co/QRvualHOf5,2,FINANCE
Anna and Elsa deliver $127 million for Disney in ‘Frozen II’ https://t.co/lz1rHMtp3P,2,FINANCE
Another Google Worker Says She Was Fired for Labor Advocacy,2,FINANCE
Antares Pharma inks deal with Idorsia Pharma,2,FINANCE
Apple breaks ground for Austin expansion,2,FINANCE
"Apple breaks ground on new $1 billion Austin campus, as President Trump is set to arrive for tour",2,FINANCE
"Apple canceled the premiere of ""The Banker"" from the AFI festival as it looks into unspecified ""concerns"" about the… https://t.co/AAkmr1m0mN",2,FINANCE
Apple Contractor Tells Employees to Stay Home as Coronavirus Cases Nearly Triple,2,FINANCE
Apple delaying the theatrical release of “The Banker” after one of the movie’s producers was accused of assault by… https://t.co/rqPyMuLZob,2,FINANCE
Apple has 'deep concerns' Chinese-born ex-employees could flee country with trade secrets https://t.co/lybSDAYibb v… https://t.co/quM3HRynDB,2,FINANCE
"Apple is using a new app to get volunteers for research on hearing, heart disease and women's health. https://t.co/h0lcGnHyqy",2,FINANCE
Apple plans event to honor apps and developers,2,FINANCE
Apple to Dodge $150-Per-IPhone Levy If Trump Delays Tariffs,2,FINANCE
"Apple's new Austin campus, which is expected to open in 2022, will initially house 5,000 employees, with the capaci… https://t.co/iyTNo40Aqp",2,FINANCE
Applied DNA Announces Issuance of U.S. Patent Protecting its CertainT® Platform in Man-Made Cellulosic Fibers and Materials,2,FINANCE
Arbor Realty Trust : Funds a $12.7M Freddie Mac SBL Portfolio in Northern New Jersey #ArborRealtyTrust #Stock… https://t.co/ISwt7PW94n,2,FINANCE
Arconic Inc. Board of Directors Approves Separation of Company,2,FINANCE
ARK Invest ETFs Focus on Disruptive Companies,2,FINANCE
Armour Energy : Kincora Project Work Program Update #ArmourEnergy #Stock #MarketScreener https://t.co/hopwye7dAZ https://t.co/UFH7dvJHa8,2,FINANCE
"As Boeing Halts Max Line, Airbus Can’t Make Jets Fast Enough",2,FINANCE
"As the streaming market grows more crowded, Comcast's CFO suggested that the cable giant is considering a different… https://t.co/YJMrc9d2RT",2,FINANCE
Ashok Leyland Ties Up With lClCl Bank For Vehicle Loans,2,FINANCE
Asset management giant Vanguard enters PE market with HarbourVest team-up,2,FINANCE
AssetOwl : AGM- Results of meeting #AssetOwl #Stock #MarketScreener https://t.co/bzvh8IVU6B https://t.co/i2CIzRydLj,2,FINANCE
Asterion nears final close for debut fund after raising €901m,2,FINANCE
Aston Martin Lagonda Global Holdings Plc secured a 500-million-pound ($656 million) lifeline to restore the balance... https://t.co/sWgwapaP3K,2,FINANCE
"At Ford, $37 billion in the bank and strapped for cash https://t.co/SDSQF3awn5",2,FINANCE
"At Hermès, a $67 Lipstick Could Hint at Big Ambitions",2,FINANCE
"AT&T CEO talks 'Friends' reunion, Elliott intervention",2,FINANCE
Atlas Arteria : successfully completes institutional offer #AtlasArteria #Stock #MarketScreener… https://t.co/WTUKVvQmYh,2,FINANCE
ATSG Launches New Website https://t.co/Jnonz0ecWt https://t.co/dAi0UQ2ZEY,2,FINANCE
Audax Renovables S A : The Company sells a wind farm located in the province of Cádiz #AudaxRenovablesSA #Stock… https://t.co/hLODFPbfns,2,FINANCE
Audi : customer team wins Formula E season opener #AUDI #Stock #MarketScreener https://t.co/EMsluCp49r https://t.co/jFm2rbyiHw,2,FINANCE
"AudioCodes : Nov 25, 2019 | AudioCodes Announces Royalty Buyout Agreement with the Israel ... #AudioCodes #Stock… https://t.co/VrDJVCbDaC",2,FINANCE
Aurora Cannabis : Jordan Cove Energy Project Planning Document Available for Public Review #AuroraCannabis #Stock… https://t.co/CorDTf09EK,2,FINANCE
AusQuest : Drilling Commences at Balladonia in WA #AusQuest #Stock #MarketScreener https://t.co/mnDFWyXcYW https://t.co/WzlahKg7bF,2,FINANCE
Austar Gold : Extension of voluntary suspension #AustarGold #Stock #MarketScreener https://t.co/vheerRsXzI https://t.co/5JFrjWs7u6,2,FINANCE
Australia's Jetstar to cut capacity in January as pilots dispute drags on,2,FINANCE
"Auto Expo 2020: Now, Volkswagen Says India’s Electric Vehicle Market Isn’t Viable Yet",2,FINANCE
Avaya and the International Avaya Users Group Honor Customer Innovation at Avaya ENGAGE 2020,2,FINANCE
Aveo : Schemes - Final Election Results #Aveo #Stock #MarketScreener https://t.co/rhxFZ6jXXD https://t.co/yPXDpS763e,2,FINANCE
Avita Medical : Change in substantial holding from MS #AvitaMedical #Stock #MarketScreener https://t.co/mYwLr0k9V2 https://t.co/h5gFaMEz3H,2,FINANCE
Axonics prices stock offering at $22,2,FINANCE
Axovant's AXO-AAV-GM1 an Orphan Drug in U.S. for GM1 gangliosidosis,2,FINANCE
B2B software investor Osage seeks $135m for Fund V,2,FINANCE
BAE Systems to Provide Intelligence Analysis for Defense Intelligence Agency,2,FINANCE
Bain Capital nears deal for Italian IT services firm Engineering: sources #economy #MarketScreener… https://t.co/U9Yj5ti8eN,2,FINANCE
BankFinancial Corporation Extends Share Repurchase Program  https://t.co/fCzGlh29Vj,2,FINANCE
"Barra Makes Case For GM to Lead the Future of Cars, But the Market Isn’t Buying",2,FINANCE
Barrick gearing for more asset sales while considering more copper,2,FINANCE
Battelle To Develop Coal-to-Foam Program,2,FINANCE
Baxter International : Gets NYSE Notice Regarding 10-Q Filing #BaxterInternational #Stock #MarketScreener… https://t.co/9j9axtYLE9,2,FINANCE
Bellerophon to reverse split shares 1:15,2,FINANCE
Beyond Meat enters France,2,FINANCE
Big lead for Airbus at Dubai Airshow,2,FINANCE
Biggest challenges CEO Bob Iger could face in 2020,2,FINANCE
Biggest ever Baltic private equity fund hits final close,2,FINANCE
BioArctic teams up with Eisai to further characterize Alzheimer's candidate BAN2401,2,FINANCE
BlackRock : Energy and Resources Income Trust Plc - Net Asset Value(s) #BlackRock #Stock #MarketScreener… https://t.co/ZB7ErkO8nJ,2,FINANCE
BlackRock Frontiers Investment Trust : Net Asset Value(s) #BlackRockFrontiersInvestmentTrust #Stock #MarketScreener… https://t.co/Af8ZoSZ6Km,2,FINANCE
BlackRock Income and Growth Investment Trust : Net Asset Value(s)  #Stock #MarketScreener https://t.co/80teyeCgQy https://t.co/of2ZX4atd8,2,FINANCE
BlackRock North American Income Trust : Net Asset Value(s)  #Stock #MarketScreener https://t.co/8w1inFr6iT https://t.co/zeDpRsHu3e,2,FINANCE
Blackstone chips in $400m for gene therapy JV with Ferring,2,FINANCE
Blackstone to invest $400 million in gene therapy venture with Ferring,2,FINANCE
Blackstone to Name Jain as Senior Managing Director in India,2,FINANCE
"Blackstone's Motel 6 Owes 2,000 Guests for Giving Names to Immigration Officials",2,FINANCE
Blades boss Wilder 'drained' by VAR controversies #economy #MarketScreener https://t.co/HNnogLdXMa https://t.co/C6htUkzpci,2,FINANCE
Boeing asked to redesign 737 planes after deadly 2018 flight: RPT,2,FINANCE
Boeing board meets as company considers 737 MAX production changes,2,FINANCE
Boeing close to winning order for 737 MAX from Turkey's SunExpress: sources,2,FINANCE
Boeing mulls trimming or suspending 737 MAX production - WSJ,2,FINANCE
Boeing scraps for deals at Dubai Air Show,2,FINANCE
Boeing to give Southwest board 737 MAX update this week,2,FINANCE
"Boeing unveils largest version of its embattled 737 Max plane, despite crisis https://t.co/khaAnu5uPW",2,FINANCE
Boeing Weighs Cutting or Halting 737 MAX Production: WSJ,2,FINANCE
"Boeing, Airbus kept in suspense over big Dubai jet deals",2,FINANCE
Boeing's Embattled Max Gets Key Win in First Post-Grounding Deal,2,FINANCE
Bombardier Global 7500 Aircraft Receives Prestigious 2019 Ontario Professional Engineers Award - GlobeNewswire,2,FINANCE
"Booz Allen Hamilton to Host Conference Call to Discuss Third Quarter Fiscal 2020 Results on Friday, January 31, 2020",2,FINANCE
"Botswana Sells Rights to Kill Elephants for $43,000 Per Head",2,FINANCE
Boyd Gaming pulls off financing move,2,FINANCE
BREAKING NEWS: AccendoWave Digital Drug Opioid Alternative Releases Home-Use Product https://t.co/O89txp8upn https://t.co/FlW06XoXQV,2,FINANCE
Brierley Unveils New Branding,2,FINANCE
Britain's Aston Martin talking to investors as reviews funding,2,FINANCE
"Britain's Aviva to retain Singapore, China operations",2,FINANCE
British Airways agrees pay deal to end strikes https://t.co/sJelgqJFhA,2,FINANCE
Brookside Energy : Next Sycamore Well Delivers Another Stunning Result #BrooksideEnergy #Stock #MarketScreener… https://t.co/5vgnXN1Yao,2,FINANCE
Burger King says it never promised Impossible Whoppers were vegan https://t.co/oZCnoupsYV https://t.co/lauoccNH0n,2,FINANCE
BW Talks with Verizon CEO Hans Vestberg (Podcast),2,FINANCE
ByteDance beats Baidu in digital ad revenue,2,FINANCE
Cadbury Candy Maker Sees ‘No Stopping of Growth’ in Demand,2,FINANCE
"Cadillac has big changes ahead, including new model names and electrification by 2030",2,FINANCE
Calgon Carbon Corporation Announces Global Price Increase for 2020  https://t.co/i7pooa6dWY,2,FINANCE
"Calyxt Achieves 2020 Soybean Contracted Acreage Goal of 100,000 Acres",2,FINANCE
Can Activision Blizzard Repeat Its Strong Year In 2020?,2,FINANCE
Can Ford Bounce Back in 2020?,2,FINANCE
"Canada's De Havilland inks order for 20 turboprops; bets on Middle East, Africa",2,FINANCE
Canadian National Railway on watch amid strike,2,FINANCE
Canadian provinces on board with AbbVie's Skyrizi,2,FINANCE
Cannabis company Acreage secures financing that will not dilute terms of Canopy deal,2,FINANCE
Cannabis company Neptune Wellness to amend and restate processing agreement with Canopy Growth,2,FINANCE
Capstone Turbine wins flare gas project order from Ecopetrol,2,FINANCE
Carpetright : Form 8.5 (EPT/RI) - Carpetright PLC #Carpetright #Stock #MarketScreener https://t.co/uLEuVewtTs https://t.co/J8n92NhB8i,2,FINANCE
Carvana Brings The New Way to Buy a Car™ to Utah,2,FINANCE
Cases Involving Rs 3.75 Lakh Crore Disposed Of At IBC Pre-Admission Stage,2,FINANCE
Caterpillar celebrates 90th NYSE anniversary,2,FINANCE
cbdMD’s CBD PM and CBD Freeze Awarded 2020 Product of the Year,2,FINANCE
"CDPQ teams with Piramal again, launches $300m Indian private credit platform",2,FINANCE
"Central GST Collection At Rs 3.26 Lakh Crore In FY20, Says Anurag Thakur",2,FINANCE
CFOAM : Update on the proposed strategic transaction with CONSOL #CFOAM #Stock #MarketScreener… https://t.co/MoqAVpJ7kj,2,FINANCE
ChargePoint and NATSO Launch Collaborative to Significantly Expand EV Charging Along Nation’s Highways and in Rural Communities,2,FINANCE
China Feihe : EXCHANGE NOTICE - RESUMPTION OF TRADING #ChinaFeihe #Stock #MarketScreener https://t.co/lmfATX6ZEX https://t.co/SOvZMfAhDb,2,FINANCE
China International Marine Containers : ANNOUNCEMENT OF POLL RESULTS OF THE SECOND EXTRAOR... #Stock… https://t.co/IqA6b94iSv,2,FINANCE
China Threatens Germany With Retaliation If Huawei 5G Is Banned,2,FINANCE
China Threatens Retaliation Should Germany Ban Huawei 5G,2,FINANCE
China Zheshang Bank : ARTICLES OF ASSOCIATION  #Stock #MarketScreener https://t.co/qt8NIXZAOS https://t.co/JkKXJv9cYl,2,FINANCE
"China's Chip Quest Is All Heart, Not Enough Brain",2,FINANCE
Chuck Akre's Biggest Transactions for the 3rd Quarter,2,FINANCE
Chuy's Holdings to trim underperforming stores,2,FINANCE
Citi launches high-yield online checking,2,FINANCE
Clipper Logistics : Form 8.5 (EPT/NON-RI) #ClipperLogistics #Stock #MarketScreener https://t.co/rNkBoMQKT1 https://t.co/M8aGFKBxvM,2,FINANCE
Clover : Results of 2019 CLV Annual General Meeting #Clover #Stock #MarketScreener https://t.co/U4JCQnvZcR https://t.co/PeFdXBAgq1,2,FINANCE
Co’s that have issued #guidance in the last 30 days https://t.co/AjoAUkKrVG $SJM $HIBB $ATKR $AES $IIIV $GPS $OOMA… https://t.co/Gv6PJfhehU,2,FINANCE
Cobalt Blue : Chairman's Address to Shareholders #CobaltBlue #Stock #MarketScreener https://t.co/GViLjGmUzH https://t.co/jb8sBXZ8YD,2,FINANCE
Cobham : Form 8.5 (EPT/NON-RI) #Cobham #Stock #MarketScreener https://t.co/OdUzXXcPZF https://t.co/cQYH9403XJ,2,FINANCE
Coca-Cola marrying one hit and one miss to create new flavor for Coke,2,FINANCE
Cofinimmo : BlackRock - Transparency notification #Cofinimmo #Stock #MarketScreener https://t.co/FB0q5gsYqs https://t.co/uPMHoDp7zw,2,FINANCE
Coima Res S p A : Acquisition of Microsoft's Headquarters in Milan Porta Nuova completed  #Stock #MarketScreener… https://t.co/L6AfpqzkWe,2,FINANCE
"Columbia Care, NewLake Capital Enter $35M Sale-Leaseback Agreement",2,FINANCE
Comtech Telecommunications Corp. Awarded $1.2 Million Contract for Military Ka-band TWTAs,2,FINANCE
Comtech Telecommunications Corp. Receives $1.3 Million Contract for Military Ku-band TWTA Systems,2,FINANCE
Consumer engagement drives Sydney gas network charges draft decision: AER #economy #MarketScreener… https://t.co/P4eS9yOemy,2,FINANCE
Bank Of Baroda To Exit Trinidad And Tobago,2,FINANCE
"Container Service Returning To Portland, Oregon",2,FINANCE
Continental Announces Investment of New Automotive Manufacturing Location in Texas,2,FINANCE
Continental pares back ahead of emissions crackdown,2,FINANCE
Continual Technological Advancements Land Innovator In FreightTech 25,2,FINANCE
Cool Planet to Explore Strategic Options With Carbon Negative Fuels Technology,2,FINANCE
CoolSys Opens New Southern California Training Center for Its Technicians,2,FINANCE
Corbus Pharma completes patient enrollment in mid-stage lenabasum study for CF,2,FINANCE
Cosmo Energy : FY2019 2Q Financial Results Explanatory Meeting -Q&A (PDF/297K)  #Stock #MarketScreener… https://t.co/61ShLibmmQ,2,FINANCE
"Costco is selling special avocados that stay ripe for twice as long, thanks to this Bill Gates-backed start-up. 🥑… https://t.co/pgAyWvKAm9",2,FINANCE
Coziron Resources : Multi-Commodity Potential at Shepherds Well Project #CozironResources #Stock #MarketScreener… https://t.co/cARGG7KToa,2,FINANCE
Credit Suisse Chairman Says He Has a Lot of Shareholder Support,2,FINANCE
Credit Suisse’s Top Investor Wants Chairman to Follow CEO Out,2,FINANCE
Credit Suisse's Giant Repair Job Is Only Just Beginning,2,FINANCE
Crowd Media : CEO's AGM Presentation #CrowdMedia #Stock #MarketScreener https://t.co/jLVjlZKLqQ https://t.co/1rg9EX36y6,2,FINANCE
Cybersecurity experts launch Crosspoint Capital Partners,2,FINANCE
CYL: Joint Venture with St Barbara on Drummartin project #StBarbara #Stock #MarketScreener https://t.co/XpAPQX0LAj https://t.co/GChQDreykw,2,FINANCE
Cynata Therapeutics : CYP Files Application to Commence Phase 2 CLI Clinical Trial #CynataTherapeutics #Stock… https://t.co/WcFhiKZF2S,2,FINANCE
Dallas’ Imaginuity Ranks 16th on 2019 Dallas 100 https://t.co/FxT5vSjvYX https://t.co/amRGOJDO5k,2,FINANCE
Damaged Tyson beef plant set to reopen,2,FINANCE
Danaos Corporation announces $55M equity offering,2,FINANCE
Danish Transport Giant Girds for ‘Chaotic’ U.K.-EU Negotiations,2,FINANCE
Data443 Announces New Trading Symbol  https://t.co/CcH9VQUzQq,2,FINANCE
David Rolfe Adds 2 Tech Stocks to Portfolio in 3rd Quarter,2,FINANCE
Delayed debut for all-electric Ferrari,2,FINANCE
Demonstrator contract for Franco-German fighter jet project expected by Jan,2,FINANCE
Dicerna inks deal with Novo Nordisk for liver-related cardio-metabolic diseases,2,FINANCE
Did Amazon finally have its iPhone moment? @JimCramer talks one-day shipping and what it meant for #StockoftheDay... https://t.co/zfeRpY7NNk,2,FINANCE
Dimerix : Holds Pre-IND Meeting on DMX-200 With FDA #Dimerix #Stock #MarketScreener https://t.co/O0AKK9FS38 https://t.co/vcut3h8fJJ,2,FINANCE
Direct Lenders Stay in Vogue as Fundraising Tops $23 Billion,2,FINANCE
Disney is giving us Baby Yoda toys for Christmas https://t.co/5sFXnLp63J,2,FINANCE
Disney Is Ready to Drop a Bomb on Netflix in This Huge Market,2,FINANCE
Disney sees $100M 'Frozen 2' debut; Rosenblatt boosts target,2,FINANCE
Disney Streaming Boss Kevin Mayer: App Architecture to Blame for Disney Plus Stumbles - Nasdaq,2,FINANCE
Disney+ to debut late March in France in exclusive deal with Canal+,2,FINANCE
DOMTAR CORPORATION COMMUNIQUE LES RÉSULTATS PRÉLIMINAIRES DE SON QUATRIÈME TRIMESTRE ET DE SON EXERCICE 2019,2,FINANCE
"Dragon Seats Enters Partnership to Provide Custom, Heated Benches for XFL’s DC Defenders",2,FINANCE
Dragonfly collaborates with Abbvie for autoimmune diseases and oncology,2,FINANCE
Duke Energy prices 25M equity offering,2,FINANCE
Dunkin' Teams with Beyond Meat Ambassador Snoop Dogg for Clothing Line,2,FINANCE
Duxton Broadacre Farms : Changes relating to buy-back - Appendix 3D #DuxtonBroadacreFarms #Stock #MarketScreener… https://t.co/6IoVwrIEHz,2,FINANCE
Dynatrace Announces Pricing of Follow-On Offering By Selling Stockholders https://t.co/RU85lpY5mQ https://t.co/JOOMOIKPeo,2,FINANCE
"EasyJet seeks to ""do the right thing"" offsetting emissions, critics say fly less",2,FINANCE
EBay eliminates sneaker selling fees for first time,2,FINANCE
ECA Marcellus Trust I Announces Receipt of Notice from NYSE Regarding Continued Listing Standards,2,FINANCE
Ecolab Named to CDP Water Security A List for Sustainable Water Management,2,FINANCE
Ekso launches upgraded cloud platform to support use of exoskeleton,2,FINANCE
Electric-Car Onset Leaves Lubricant Industry Facing Kodak’s Fate,2,FINANCE
Eli Lilly : Reyvow Migraine Treatment Available for Prescription Use #EliLillyand #Stock #MarketScreener… https://t.co/8l20k7DcPy,2,FINANCE
"Elon Musk says Tesla has 146,000 orders for its Cybertruck, less than 48 hours after the broken-glass reveal https://t.co/yzgK4mbBTB",2,FINANCE
elumeo : to close its site in Rome (pdf) #elumeo #Stock #MarketScreener https://t.co/3x3PYyHfKB https://t.co/ZUs0WizSz9,2,FINANCE
Embraer sells six jets at Dubai Airshow - Day 2,2,FINANCE
Emerson’s New Virtual Reality Simulation Improves Workforce Safety and Speeds Training,2,FINANCE
Emirates announces $16 billion order for 50 Airbus A350 planes,2,FINANCE
Emirates close to buying 30 Boeing 787 in fleet compromise deal -sources,2,FINANCE
Emirates Pares Back Wide-Body Airbus Order Amid Fleet Review,2,FINANCE
Encana shareholder to vote against move out of Canada,2,FINANCE
Encounter Resources : AGM Chair Address and Presentation #EncounterResources #Stock #MarketScreener… https://t.co/kptkwzjKfZ,2,FINANCE
Endologix Announces Preliminary Financial Results and Conference Call for Fourth Quarter and Full-Year 2019,2,FINANCE
Energy Pipeline Firm Takes $4 Billion Private Equity Buyout,2,FINANCE
E-Porsche auf Eispiste: Das Rennsport-Comeback des Porsche-Erben,2,FINANCE
EPR Properties sells Charter School portfolio for $454M; lowers FFO guidance for 2019,2,FINANCE
Equinor broadens scope of carbon targets to match rivals,2,FINANCE
Equinox Wins Silver Lake Funds to Help Take Aim at Peloton,2,FINANCE
Ericsson Pulls Out of Biggest Mobile Event Due to Virus,2,FINANCE
Ericsson Pulls Out of Biggest Mobile Industry Event Due to Virus,2,FINANCE
Ericsson withdraws from MWC on coronavirus worries,2,FINANCE
"Eskom, which accounts for two-fifths of South Africa’s greenhouse-gas emissions, leads the country’s biggest emitte… https://t.co/eC3HUwQDgf",2,FINANCE
"ESR Cayman : PARTIAL EXERCISE OF THE OVER-ALLOTMENT OPTION, STABILIZING ACTIONS AND END OF STABILIZATION PERIOD… https://t.co/za2DQn3iV7",2,FINANCE
"Estre Ambiental : to Hold its Annual General Meeting on December 20, 2019 #EstreAmbiental #Stock #MarketScreener… https://t.co/AFFuNakugw",2,FINANCE
Eudonet annonce un chiffre d’affaires récurrent en hausse de 32% pour l’année 2019,2,FINANCE
Europe Pushes on With Gigafactory Plan to Rival Tesla,2,FINANCE
Europe Pushes on With Gigafactory Plan to Rival Tesla and China,2,FINANCE
Exclusive: China's BAIC raising Daimler stake to unseat Geely as top shareholder - sources,2,FINANCE
Exclusive: China's mobile giants to take on Google's Play store - sources,2,FINANCE
"Exclusive: Fearing Huawei curbs, Deutsche Telekom tells Nokia to shape up",2,FINANCE
Executives at SoftBank are looking for a way to reduce the size of a $3 billion offer for WeWork stock as part of i… https://t.co/4kqz2W0yhz,2,FINANCE
Exelon : Initial Statement of Beneficial Ownership #Exelon #Stock #MarketScreener https://t.co/3h1IS0vjXb https://t.co/Oy6iFfT8bE,2,FINANCE
Expanded use of J&J's Darzalex OK'd in Europe,2,FINANCE
Ex-Stanhope Capital execs land $600m in launch of new firm Eighteen48 Partners,2,FINANCE
Extraordinary/ Special General Meeting::Voluntary #Shinvest #Stock #MarketScreener https://t.co/vuSekbMzhb https://t.co/dAHCFxPXHG,2,FINANCE
Exxon and Chevron Targeted by Climate-Activist Shareholder Group,2,FINANCE
"Facebook Bans All Content On Vaccine Awareness, Including Facts About Vaccine Ingredients https://t.co/uwwXUaxFCY",2,FINANCE
Facebook co-founder eyes direct listing for Asana https://t.co/d2k631l6Ac,2,FINANCE
Facebook Is Not Making A Key Public Relations Point,2,FINANCE
Facebook is resisting Attorney General William Barr's calls to delay rollout of encryption technology across its pl… https://t.co/k2SzZ2zsLi,2,FINANCE
Facebook rejects AG Barr's request to stop encryption plans for messaging apps https://t.co/Tkyy7abxUi,2,FINANCE
"Fake doctors, misleading claims drive OxyContin China sales",2,FINANCE
Fantasia : FURTHER INFORMATION IN RELATION TO THE CO-OPERATION AGREEMENT WITH SHENGYUAN  #Stock #MarketScreener… https://t.co/NkBhcbaRvs,2,FINANCE
Fat Prophets Pty : FPP Non-Renounceable Rights Issue #FatProphetsPty #Stock #MarketScreener https://t.co/JkAT9QHgBz https://t.co/dQoC6XqvKv,2,FINANCE
FDA extends action date for Blueprint's avapritinib,2,FINANCE
FDM : AFL-CIO Endorses USMCA After Successfully Negotiating Improvements #FDM #Stock #MarketScreener… https://t.co/Ja3PJ0uKZB,2,FINANCE
FDM : Beyer Statement On Announced USMCA Agreement #FDM #Stock #MarketScreener https://t.co/wCCSVghill https://t.co/ghfv2COBGO,2,FINANCE
FedEx pension plan will close to new hires as company bumps up 401(k) match,2,FINANCE
Fiat Chrysler is in the process of two crucial negotiations at the same time. It needs each set of talks to go well… https://t.co/6aU0faZuf3,2,FINANCE
Fiat looks to thread the needle with UAW deal,2,FINANCE
Fiera Milano : and allestimenti Benfenati sign a business partnership to maximise synergies #FieraMilano #Stock… https://t.co/qcUBTf8snL,2,FINANCE
Fletcher Building : Notice of on-market share buyback #FletcherBuilding #Stock #MarketScreener… https://t.co/Fvme3Y97pD,2,FINANCE
FMCSA Increases Random Drug Testing Rate To 50%,2,FINANCE
"For a time, Uber helicopter rides from Manhattan to JFK Airport were cheaper than its cars https://t.co/Q2f8n7dJQL",2,FINANCE
Forager Funds Management Pty : Indicative NAV COB 22/11/2019 #ForagerFundsManagementPty #Stock #MarketScreener… https://t.co/zNYWZlWYdu,2,FINANCE
Ford and McDonald's are turning coffee waste into car parts https://t.co/uIP4HPHyn9 https://t.co/qKnCKGMXrk,2,FINANCE
Ford confirmed its new electric SUV will be called the Mustang Mach-E ahead of a debut event in Los Angeles. More d… https://t.co/DDZ2cDhzRz,2,FINANCE
Ford is mortgaging its future on the value of its past,2,FINANCE
Ford Mustang Mach-E: The first all-electric Ford is here,2,FINANCE
Ford releases first electric car - a Mustang SUV,2,FINANCE
"Ford reveals new electric SUV, Mustang Mach-E",2,FINANCE
Ford to nearly halve its 2018 before interest and taxes loss in China https://t.co/SULE0vdZhE https://t.co/mZcVGtnFRN,2,FINANCE
"Form 8.3 - The Vanguard Group, Inc.: Just Eat plc #JEOL #Stock #MarketScreener https://t.co/8L1jtGW1Jo https://t.co/4MYhJInOKz",2,FINANCE
"Former Celadon Employees, Drivers Describe Chaos After Abrupt Bankruptcy Filing",2,FINANCE
Former PayPal CFO has bank account closed without warning,2,FINANCE
Fox Says Super Bowl Ads Sold Out at Record $5.6 Million Each,2,FINANCE
Fox Sports has sold out its inventory of Super Bowl ads https://t.co/wpGQ9cClj4,2,FINANCE
Foxconn delays return to Shenzhen facility,2,FINANCE
FPT Industrial signs MoU with Microvast,2,FINANCE
French Connection : Form 8.5 (EPT/RI) (pdf) #FrenchConnection #Stock #MarketScreener https://t.co/5nuRSLzSEC https://t.co/Gt8EWF8Omq,2,FINANCE
From the Beltway to Bondi — Our @Nasdaq employees around the world are committed to hours of service with… https://t.co/leYgfCIHxS,2,FINANCE
'Frozen 2' Sets Another Box Office Record For Disney This Year,2,FINANCE
Funko opens new store in Hollywood,2,FINANCE
Gaige Keep: A Former Marine Sergeant-Turned-Marketing Guru Sheds Light On Building A Personal Brand,2,FINANCE
Galileo Mining : Copper - Gold Drilling Underway at Norseman Prospects #GalileoMining #Stock #MarketScreener… https://t.co/QbtwRsIFEP,2,FINANCE
Galp Energia SGPS : Who Pays the Tax on Imports from China? #GalpEnergiaSGPS #Stock #MarketScreener… https://t.co/QnLyXcgLUr,2,FINANCE
Garmin : Response Team Rescues Imperiled Animals in the Backcountry #Garmin #Stock #MarketScreener… https://t.co/jjLkp0gVRG,2,FINANCE
Gartner Guides Light After Ending 2019 on a High Note,2,FINANCE
Gazprom proposes one-year gas transit deal with Ukraine,2,FINANCE
GE may not be crushed by Boeing's 737 Max production halt,2,FINANCE
General Motors to invest $1.5 billion in Missouri plant,2,FINANCE
Generate Capital raises $1bn of LP capital for infra investment,2,FINANCE
GHO Capital pulls in €975m to close Europe’s ‘largest healthcare fund’,2,FINANCE
Global Investments : Daily Share Buy Back Notice #GlobalInvestments #Stock #MarketScreener https://t.co/f9AFWThVVF https://t.co/sjBHtwCINn,2,FINANCE
Global Self Storage starts rights offering,2,FINANCE
Goldman expands company research as other retrench - Bloomberg,2,FINANCE
Goldman Sachs invests over $100M in ‘Launch with GS’,2,FINANCE
Goldman Sachs unveils internal campaign on use of gender identity pronouns #economy #MarketScreener… https://t.co/DlaISiZU1l,2,FINANCE
GoldON Resources : Grants Incentive Stock Options #GoldONResources #Stock #MarketScreener https://t.co/NSJSFEXYPN https://t.co/w9eP0xA6r1,2,FINANCE
"Goldrea Negotiating Land Package Deal in Dixie Lake, Ontario  https://t.co/rldbTOfhYL",2,FINANCE
Google Assistant launches personalized news playlists,2,FINANCE
Google employees demonstrated outside the company’s San Francisco office Friday to protest the internet giant’s rec… https://t.co/pgD27oIPWc,2,FINANCE
"Google has announced new limits on political advertising, but the decision raises broad questions about what types… https://t.co/ML0m6zOtF6",2,FINANCE
"Google launched its cloud gaming service Stadia this week, but is it any good? https://t.co/IElF2d1BUY",2,FINANCE
"Google Maps seeks business, transit reviews in new look as it turns 15",2,FINANCE
Google rolls out interpreter to mobile,2,FINANCE
Google wants Cloud dominance by 2023 - report,2,FINANCE
Google Workers Rising Up After Employees Are Fired,2,FINANCE
Grayscale Bitcoin Trust files registration statement with SEC,2,FINANCE
Great Wall Motor and BMW move forward with JV,2,FINANCE
"Greenlane Renewables Signs New $7.0 Million System Supply Contract with the Renewable Natural Gas Company, a Leader in Landfill Gas to RNG Projects",2,FINANCE
"Greenleaf Foods, SPC, and Purple Carrot Partner to Deliver New Plant-based Protein Options to Customers Nationwide",2,FINANCE
"Grifols : December 6, 2019 Grifols presents its latest Alzheimer's clinical trial data #Grifols #Stock… https://t.co/Dnt4oYb4SP",2,FINANCE
Grubhub founder: ‘I am not staying up at night dreaming about consolidation’,2,FINANCE
GS Acquisition : Vertiv Announcement Call Presentation #GS #Stock #MarketScreener https://t.co/AB1CLG5Hfa https://t.co/St0OvagWyy,2,FINANCE
GS Acquisition : Vertiv Investor Presentation #GS #Stock #MarketScreener https://t.co/IJRFVMfzWQ https://t.co/PyBD2UBrlD,2,FINANCE
GSX Techedu announces public offering by selling shareholders,2,FINANCE
Guggenheim Partners LLC : GGM November 2019 Section 19a-1 Letter #GuggenheimPartnersLLC #Stock #MarketScreener… https://t.co/k9wynCnbDb,2,FINANCE
H.I.G. Realty Partners Lends $33.1 million on Denver Metro Industrial/Flex Office Portfolio,2,FINANCE
"Halliburton layoffs driven by 'stark reality' of energy pricing, CFO says",2,FINANCE
Hallmark Pulls Gay-themed Ads,2,FINANCE
"Hallmark Pulls Kissing Brides, and Netflix, DeGeneres Push Back",2,FINANCE
Hallmark Pulls Wedding Ads Featuring Two Brides Kissing,2,FINANCE
Hancock Capital collects $380m for sixth mezzanine fund to follow debut co-invest vehicle close,2,FINANCE
Harbor Capital Advisors Launches Six New Harbor Funds https://t.co/hMB4nbWKhZ https://t.co/PffVsEZfXE,2,FINANCE
Has The Global Slowdown Affected Ford’s South America’s Volumes?,2,FINANCE
Hawaiian Airlines reports January traffic,2,FINANCE
Hawaiian Electric aims to be 100% renewable energy by 2045 Watch an energy focused #NYSESlice interview with… https://t.co/A4gAYCbTQo,2,FINANCE
Heard on the Street: Tiffany accepts a sparklier proposal https://t.co/CXZo603aGo,2,FINANCE
Here’s the Deal: A Sneak Peek at Amazon’s Biggest Cyber Monday Deals Weekend Ever,2,FINANCE
Here's How Disney+'s 28.6 Million Subscribers Compare to Netflix,2,FINANCE
Here's what @ElonMusk's '200K' tweet is likely hinting at when it comes to the Tesla $TSLA Cybertruck https://t.co/6Me6AP1CCJ,2,TSLA
Here's what WeWork must do to stay alive https://t.co/FCwWmKD3zq via @bopinion,2,FINANCE
Hermes GPE raises $603.5m for PEC IV alongside $1bn BTPS mandate,2,FINANCE
Herro Says He's Committed to Credit Suisse But Rohner Should Quit,2,FINANCE
Hexagon Resources : Shareholders Approve Rare Earth Investment #HexagonResources #Stock #MarketScreener… https://t.co/u3JbQwdgFt,2,FINANCE
"Hexo Reported Unlicensed Cannabis, Schedules It For Destruction",2,FINANCE
HIG continues busy fundraising year by closing $3.1bn mid-market buyout vehicle,2,FINANCE
Highlight: 'When you look at what Amazon has built... it's this infrastructure and this user base... that allows them t... https://t.co/VuiDadXgcf,2,FINANCE
Highwoods Properties : SCHEDULE 13G #HighwoodsProperties #Stock #MarketScreener https://t.co/bdcgJzRYno https://t.co/o3ZStbEDGQ,2,FINANCE
HKScan Corporation: SHARE REPURCHASE 25.11.2019 #Stock #MarketScreener https://t.co/OGGSEI9W1K https://t.co/QE44vMzmLn,2,FINANCE
"Horizon Media Study Finds Instagram’s Move to Hide Likes is Somewhat of a Collective Shrug, but with a Glimmer of H… https://t.co/gxnZp3H5lh",2,FINANCE
How Comcast and Charter Have Used Cellphone Services to Sell Wifi,2,FINANCE
How Huawei became a U.S. government target https://t.co/K1hHx6Uw5b,2,FINANCE
"How Much Does Costco Spend On Selling, General And Administrative Expenses?",2,FINANCE
How T-Mobile CEO John Legere Changed the Industry,2,FINANCE
Hoxton Ventures ups goal for sophomore fundraise after powering towards initial target,2,FINANCE
"HP Is Playing Hard To Get, But Its Rejection Could Lead To Proxy Wars",2,FINANCE
HP Sends Letter to Xerox  https://t.co/ceqjDE3fK7,2,FINANCE
HSBC Bank USA rolls out real-time payments to business clients,2,FINANCE
HSBC cashes in some chips on Rockwell Automation,2,FINANCE
HSBC Plans Third Overhaul in a Decade With Investors Seething,2,FINANCE
Huawei gets 90-day extension for doing business with U.S. companies,2,FINANCE
Huawei gets reprieve to do business with US companies: Exclusive,2,FINANCE
Huawei granted 90-day extension to do business with U.S. companies,2,FINANCE
"Hundreds of Nike employees march to protest its treatment of women, reports https://t.co/iuqjWaEFen",2,FINANCE
Hyderabad Metro Rail Becomes The Second-Largest Operational Metro Network In The Country,2,FINANCE
i3 Energy : Price Monitoring Extension #i3Energy #Stock #MarketScreener https://t.co/LbE6Xm8iZX https://t.co/ST9Mdc8Bmi,2,FINANCE
IBM Has Its Head In The Clouds,2,FINANCE
"IBM: one free cloud (and a free ton of copper) with every purchase of cloud

what happens to AWS margins now?",2,FINANCE
"ICYMI: Actually, Teslas are among the *least* stolen vehicles. https://t.co/xm4JaVF88s",2,FINANCE
IDG Energy Investment : VOLUNTARY ANNOUNCEMENT INVESTMENT REGARDING MOBILITY SERVICES PLAT... #IDG #Stock… https://t.co/32MT3bB1OC,2,FINANCE
IGL: Strategic Acquisition of Salmat Marketing Solutions #Salmat #Stock #MarketScreener https://t.co/I2ddCrNdik https://t.co/bgGx6OKoTE,2,FINANCE
Ilkka-Yhtymä Oyj: Johdon liiketoimet #Stock #MarketScreener https://t.co/Je2UYbTKuP https://t.co/CLCJGNePOA,2,FINANCE
Impossible Dream? Uber Aims At Profitability In 2020,2,FINANCE
"In a High-Stakes Labor Showdown, McDonald’s Has Allies in the White House",2,FINANCE
"In this #CNBCClassic clip, Jeff Bezos explained his ambitious vision for Amazon in a 1999 interview: ""There’s no gu… https://t.co/mxAWKJvdVb",2,FINANCE
India Asks IndiGo to Gradually Ground Unmodified A320neo Planes,2,FINANCE
India’s aviation regulator asks an airline to ground one unmodified Airbus A320neo for every new addition to its fl… https://t.co/9N4YSMliaG,2,FINANCE
"Insiders Know Best? What Employee Ratings Reveal About Aurora Cannabis, Canopy Growth, and Cronos Group",2,FINANCE
Instagram is willing to pay for celebrities’ IGTV production costs — as long as they avoid politics or elections https://t.co/kqBu6ZwK1g,2,FINANCE
Instagram Stories Already Generates 10% of Facebook's Ad Revenue,2,FINANCE
Intel : and MediaTek Partner to Deliver 5G on the PC #Intel #Stock #MarketScreener https://t.co/HlvJPpOWGC https://t.co/XlXcj71XjG,2,FINANCE
Intel : Autonomous Driving / Mobileye #Intel #Stock #MarketScreener https://t.co/tWTAmiT4c2 https://t.co/kmHBJumvdc,2,FINANCE
Intel and MediaTek Partner on 5G Laptops for 2021,2,FINANCE
Intel director acquires $5M in shares,2,FINANCE
"Internet Society Foundation Announces $300,000 in Grants for Projects That Promote the Benefits of the Internet",2,FINANCE
Interpublic CEO on competing with tech companies,2,FINANCE
Intertek : launches Cyber Assured #Intertek #Stock #MarketScreener https://t.co/uDrw45pqXr https://t.co/ahw2QkSvPe,2,FINANCE
InVivo Therapeutics launches equity offering,2,FINANCE
IPG Team Selected as Global Marketing Agency for LATAM Airlines  https://t.co/keAVow1kX2,2,FINANCE
"iPhone Maker Foxconn Makes Masks For Chinese Employees, Forces Them To Return To Work",2,FINANCE
IPhone Maker Foxconn Warns Staff to Keep Away From Shenzhen Base,2,FINANCE
Iridium Communications Extends Its Internet of Things Coverage Globally,2,FINANCE
IRS investigators scrutinize Bitcoin ATMs and kiosks,2,FINANCE
Is Amazon $AMZN grocery in the trial-and-error stage? https://t.co/wdNqRCAV1s,2,FINANCE
Italy’s newest attempt to rescue failed airline Alitalia has one main objective: rope in German carrier Lufthansa https://t.co/JyuSAwUSLc,2,FINANCE
J&J launches innovative study for expanded use of Invokana,2,FINANCE
J&J retests baby powder days after asbestos finding,2,FINANCE
J.C. Penney redesigns its denim brand for size inclusivity,2,FINANCE
Jacobs wins cyber crime and training contract,2,FINANCE
James A. Balfanz Named CEO of City Year  https://t.co/grrygcvywi,2,FINANCE
Japan’s Friendship Ties Programs JENESYS 2019 ASEAN Inbound Program 23rd Batch,2,FINANCE
Jarvis Securities : Director's Interest #JarvisSecurities #Stock #MarketScreener https://t.co/JWKcET9MXw https://t.co/ma4z6I1Bxb,2,FINANCE
Jasper Therapeutics Launches with $35 Million Series A Financing to Develop and Commercialize Innovative Conditioni… https://t.co/QiiqQYWBXX,2,FINANCE
Jatenergy : Letters to Securityholders - Rights Issue #Jatenergy #Stock #MarketScreener https://t.co/MX24abcdO4 https://t.co/fIU7fwFauZ,2,FINANCE
Jeff Bezos & Blue Origin satellite launch protest sustained by GAO,2,FINANCE
JEOL : Form 8.3 - https://t.co/erBSsYuL00 #JEOL #Stock #MarketScreener https://t.co/Lt8CXiXJDy https://t.co/yVehgWa695,2,FINANCE
JEOL : Form 8.5 (EPT/RI)- Just Eat plc AMENDMENT #JEOL #Stock #MarketScreener https://t.co/EzlnPgve80 https://t.co/Ymcgw5V8l8,2,FINANCE
JetBlue Founder Says New ‘Breeze Air’ on Track to Fly This Year,2,FINANCE
Jones Lang LaSalle Incorporated : JLL closes $15.15M sale of Charlotte-area retail buildin...… https://t.co/qyJtU6T2lW,2,FINANCE
JPMorgan restructures ETF sales,2,JPM
Juiced Bikes Scorpion Is An E-Bike With A Motorcycle Spirit,2,FINANCE
Just Eat advises shareholders not to accept Prosus offer https://t.co/J9oWmkpJtW https://t.co/728Y7yTIci,2,FINANCE
Just Eat rejects raised offer from Prosus https://t.co/XHrs4GAofC https://t.co/v10dKf23AA,2,FINANCE
Just Eat urges shareholders to shun Prosus and stick with Takeaway deal,2,FINANCE
Karankawa Wind Farm Achieves Commercial Operation,2,FINANCE
Karelian Diamond Resources : Notice of meeting #KarelianDiamondResources #Stock #MarketScreener… https://t.co/kMhX3UU9b3,2,FINANCE
KBR wins $23.7M contract,2,FINANCE
"KFC is offering what's sure to be the hottest commodity of the season: a hunk of flammable, chicken-scented bliss k… https://t.co/kCXhrwbWAp",2,FINANCE
KLX Energy to implement cost cuts amid 'abrupt deterioration',2,FINANCE
Korian and Omedys Develop the First Neighborhood Teleconsultation Network in France,2,FINANCE
"Kroger wants to bring in shoppers by offering the freshest greens -- so fresh your kale, parsley or cilantro will b… https://t.co/EDeNh3Igdt",2,FINANCE
L BRANDS MEETING WITH BANKS TO CONSIDER ALTERNATIVES: THE DEAL... to the Victoria Secret show?,2,FINANCE
"L&T, IdeaForge Sign Pact For Unmanned Systems",2,FINANCE
L1 Long Short Fund : Net Tangible Asset Backing #L1LongShortFund #Stock #MarketScreener https://t.co/1NANQdyHCU https://t.co/4wvBuRi1pL,2,FINANCE
Landmark Partners pulls in $296m for sophomore infra fundraise,2,FINANCE
Larry Ellison Hits the High Seas With Endeavor in Sailing Deal,2,FINANCE
Latrobe Magnesium : Community Briefing for Latrobe Valley Magnesium Plant #LatrobeMagnesium #Stock #MarketScreener… https://t.co/Ve0JkYHFVY,2,FINANCE
"Layoffs Loom as Canadian Rail Strike Hits Chemicals, Farmers",2,FINANCE
LCI Industries lands Polyplastic,2,FINANCE
"Lee Enterprises plans quarterly call and webcast December 12, 2019  https://t.co/ruv27WLIPv",2,FINANCE
Legrand : Total Number of Shares and Voting Rights https://t.co/qrhAoTn3Z5 https://t.co/jZh8h52WOX,2,FINANCE
LHV : Loans of existing Danske Bank clients were transferred to LHV Pank #LHV #Stock #MarketScreener… https://t.co/bUPHzBuSMf,2,FINANCE
LIC Chairman MR Kumar Says There’s Hardly Any Stress To Impact Insurer’s Valuation,2,FINANCE
Lithium Americas to give up control of Argentina project,2,FINANCE
Lithium Consolidated : AGM Voting Clarification #LithiumConsolidated #Stock #MarketScreener https://t.co/p7a4RAogT6 https://t.co/qru0JbYXod,2,FINANCE
Lockheed awarded $3.3B to support satcom network,2,FINANCE
Lockheed's LM-100J scores FAA certification,2,FINANCE
Looking Through The Smoke To Altria’s Future,2,FINANCE
"Loss of Trust Led to Thiam's Exit, Credit Suisse Says",2,FINANCE
Low & Bonar : Form 8.5 (EPT/RI) - Low & Bonar PLC #LowBonar #Stock #MarketScreener https://t.co/ju6ZpIZD4Z https://t.co/mIgY63sHYY,2,FINANCE
Lowe's scheduled to report Q3 results before Wednesday's open,2,FINANCE
LSU Quarterback Joe Burrow Wins Heisman Trophy in Landslide Vote,2,FINANCE
"LSU Quarterback Joe Burrow Wins Heisman Trophy, AP Reports",2,FINANCE
Luckin Coffee buzzing and looking to the future,2,FINANCE
Luckin Coffee's Impressive Growth And Retail Model Could Dethrone Starbucks In China,2,FINANCE
Lyft pulls electric scooters from major cities,2,FINANCE
Macquarie : Ceasing to be a substantial holder for ELD #Macquarie #Stock #MarketScreener https://t.co/VBoCq46a73 https://t.co/L2eqF8hx9E,2,FINANCE
"Made in the new Shanghai Gigafactory, these Teslas have a starting price of 355,800 yuan ($50,623), making them abo… https://t.co/P9PkKIpvwA",2,FINANCE
Magmatic Resources : Appendix 3B #MagmaticResources #Stock #MarketScreener https://t.co/0yolhdScTL https://t.co/UUAn1nIln4,2,FINANCE
"Mahathir Shows No Sign of Handover of Power, Choice of Successor",2,FINANCE
Maire Tecnimont (BIT:MT) Use Of Debt Could Be Considered Risky,2,FINANCE
MAJOR TRANSACTION: SINGAPORE MRT TEL CONCESSION AGREEMENT #Stock #MarketScreener https://t.co/Zr8li1uwiL https://t.co/8lfAflCGp8,2,FINANCE
Malaysia's Mahathir clarifies comments on AirAsia,2,FINANCE
Marathon Patent stockholders approve share issuance for miner purchases,2,FINANCE
Marchex to Attend at Roth Corporate Access Event https://t.co/l9kObTTJFR,2,FINANCE
Markel Takes the Long-Term View After Another Impressive Year,2,FINANCE
Markforged Achieves ISO 27001 Certification,2,FINANCE
Marrone Bio Innovations : Control Invasive Mussel Biofouling to Improve Plant Availability...… https://t.co/W6mG1AUeRz,2,FINANCE
Mazda issues recall over Takata airbag inflators again,2,FINANCE
McDonald : Statement of Changes in Beneficial Ownership #McDonalds #Stock #MarketScreener https://t.co/wenQ4xK31f https://t.co/UhFOTIt5dx,2,FINANCE
McDonald’s is expected to launch a crispy chicken sandwich in the beginning of next year and Telsey Advisory Group… https://t.co/VEzN1thrUs,2,FINANCE
McDonald's Tells Investors to Expect More Cash Returns,2,FINANCE
McEwen Mining plans stock offering; size not disclosed,2,FINANCE
McEwen Mining prices public offering at $1.325/unit,2,FINANCE
MDU Resources outlines five-year $2.9B capex plan,2,FINANCE
"MEC Resources : Takeovers Panel makes no interim order, meeting to proceed #MECResources #Stock #MarketScreener… https://t.co/4xZZdesCFj",2,FINANCE
MedAdvisor : Lapsing of Hook Options & Appendix 3Y #MedAdvisor #Stock #MarketScreener https://t.co/wvYCXWn47T https://t.co/NxsdR97hBR,2,FINANCE
Mediaset Espana Comunicacion S A : announces an Extraordinary Shareholders Meeting to be h... #Stock… https://t.co/PIweWD4Gm6,2,FINANCE
Memebox Rebrands to MBX and Names New Executive Team,2,FINANCE
Merit Medical : Launches ReSolve Mini&trade; Locking Drainage Catheter #MeritMedical #Stock #MarketScreener… https://t.co/vwM769hibZ,2,FINANCE
Metal Bank : Managing Director's Presentation to Shareholders #MetalBank #Stock #MarketScreener… https://t.co/xgnjVQORWf,2,FINANCE
Metminco : 1st Hole at Chuscal Intersects Impressive 350m Gold Interval #Metminco #Stock #MarketScreener… https://t.co/aUSyAHMHHg,2,FINANCE
"MGA Entertainment knows that LOL Surprise toys are creating massive amounts of plastic waste, and now they're tryin… https://t.co/HbsmDO26VD",2,FINANCE
MGE Energy Issues December 2019 &apos;Interim Report&apos;,2,FINANCE
MHI Selected for Inclusion in All Four GPIF ESG Investment Indices for a Second Consecutive Year,2,FINANCE
MICROmega : Sebata - empowerment transaction #MICROmega #Stock #MarketScreener https://t.co/DTjCG1iCeU https://t.co/slUU3Dauaa,2,FINANCE
"Micron Analysts Expect Lukewarm Q1, But Project Coming Inflection In Memory Pricing",2,FINANCE
"Microsoft is pushing back the launch of its new Surface Earbuds, meaning it will miss the crucial 2019 holiday shop… https://t.co/BNKhQQE930",2,FINANCE
Microsoft just launched its new #HoloLens2 augmented reality headset. While it's not quite ready for store shelves… https://t.co/xNW4bldQUc,2,FINANCE
Microsoft updates terms on data privacy amid EU probe,2,FINANCE
"Microsoft, Baker Hughes announce artificial intelligence partnership for oil and gas industry… https://t.co/xAwr4V7LSJ",2,FINANCE
Minsheng Education : (i) CAPITAL INVESTMENT OF 51% EQUITY INTEREST IN WENDA ELECTRONICS WH... #MinshengEducation… https://t.co/SIMCeMuhNH,2,FINANCE
MLM: Nornico Royalty Agreements to be assigned to AUZ #AustralianMines #Stock #MarketScreener… https://t.co/F1TFTWRqaJ,2,FINANCE
Mobile TeleSystems Public Joint Stock : MTS Unveils Refreshed Strategy at Investor Day  #Stock #MarketScreener… https://t.co/gqkWCVJInX,2,FINANCE
Molson Coors takes stake in beverage incubator,2,FINANCE
MongoDB : Form 10-Q #MongoDB #Stock #MarketScreener https://t.co/tLsvOzwqVv https://t.co/s5QRA9xSQt,2,FINANCE
Monmouth Real Estate boosts credit facility to $300M,2,FINANCE
Moskovskiy Kreditnyi Bank : CREDIT BANK OF MOSCOW will hold a conference call on 9M 2019 r...… https://t.co/iQAMBTdSxj,2,FINANCE
Mustang Sally will no longer be driving the iconic muscle car in 2019. Ford will use the name 'Mustang' for their n… https://t.co/tQQFgeNtTY,2,FINANCE
"NanoViricides : Annual Meeting of Shareholders to be Held on Saturday, December 7th, 2019 ... #NanoViricides #Stock… https://t.co/Ba3EqsY9YG",2,FINANCE
National Presto Industries : Form 10-Q #NationalPrestoIndustries #Stock #MarketScreener https://t.co/BWSEG4iQzw https://t.co/f6MP9CDJmp,2,FINANCE
NBC says it has topped $1 billion in national ad sales for 2020 Summer Olympics https://t.co/LCjUNDPRW7,2,FINANCE
Neptune amends and restates processing agreement with Canopy,2,FINANCE
Neptune Wellness and Canopy Growth agree to amend terms of cannabis processing deal,2,FINANCE
Nestle India Accused Of Making Rs 90 Crore Undue Profit By Not Passing On GST Rate Cut Benefits,2,FINANCE
Nestle Passes on Dessert as Its CEO Skips Straight to Coffee,2,FINANCE
Netflix is moving its Latin American headquarters to Mexico City and staffing up in the office https://t.co/DQ38ohiJ5u,2,FINANCE
"Netflix is spending $420 million to produce more local content in India, CEO Reed Hastings says https://t.co/hLvByYprxG",2,FINANCE
New Hope reports Q1 activities report,2,FINANCE
New Jersey-Docked Royal Caribbean Ship Screened for Virus,2,FINANCE
New McDonald's CEO rallies the troops,2,FINANCE
New Sports : FURTHER DELAY IN DESPATCH OF CIRCULAR #NewSports #Stock #MarketScreener https://t.co/J4c98CCFUC https://t.co/ZHr7Tl82R8,2,FINANCE
New U.S. airline expected to launch late this year,2,FINANCE
Newron nabs RPD tag in U.S. for sarizotan for Rett syndrome,2,FINANCE
Newsom rejects PG&E bankruptcy plan,2,FINANCE
NexOptic Shareholders Support all Resolutions at its Annual and Extraordinary General Meeting  https://t.co/4R4lQYA45E,2,FINANCE
"NHB Tweaks Rs 30,000 Crore Liquidity Infusion Facility For Housing Finance Companies",2,FINANCE
Nike employees protest treatment of women as company reopens building named for disgraced coach… https://t.co/rPPiUgm4r3,2,FINANCE
Nike executive on the future of retail and what's next for her company,2,FINANCE
Nike gets into the medical footwear game,2,FINANCE
Nike to take $425 million charge to move brand business in South America to distributors,2,FINANCE
"Nike will no longer sell its items directly to Amazon, as it looks to revamp its retail strategy by selling just to… https://t.co/QjsmkcJrap",2,FINANCE
"NIKE, Inc. Announces Strategic Distributor Partnerships In Brazil, Argentina, Chile and Uruguay",2,FINANCE
Nike's Alphafly will also avoid Olympic ban,2,FINANCE
Nintendo Is Playing the Long Game in China,2,FINANCE
NIO’s $100 Million Fundraise Falls Short for Cash-Needy Carmaker,2,FINANCE
"No, Boeing Isn’t Ruining Trump's 3% Growth Target",2,FINANCE
Noble Corp. notes little action in latest fleet status report,2,FINANCE
"Nodal Exchange Successfully Completes Migration of U.S. Power Open Interest from Nasdaq Futures, Inc.",2,FINANCE
Nomura : ING working on digital assets custody technology - sources #Nomura #Stock #MarketScreener… https://t.co/aGUZ5zHbeu,2,FINANCE
Nomura Instinet loses confidence in Extended Stay America,2,FINANCE
"Nordea Bank CEO on Earnings, Reorganization, Negative Rates",2,FINANCE
Nordstrom : Hiring for the Holidays #Nordstrom #Stock #MarketScreener https://t.co/hdLTJb6ngi https://t.co/iUZFqs0PBM,2,FINANCE
Northrop Grumman : to Advance Integrated Air and Missile Defense Battle Command System #NorthropGrumman #Stock… https://t.co/Do9RynComN,2,FINANCE
Northzone pulls in $500m for oversubscribed Fund IX close,2,FINANCE
Nostrum Oil & Gas : Form 8.5 (EPT/RI) - Nostrum Oil & Gas PLC  #Stock #MarketScreener https://t.co/mCzAsQ07aq https://t.co/DRiYCxZr2J,2,FINANCE
"Not appropriate to compare energy stocks to tobacco, Chevron CEO says",2,FINANCE
"Notable Insider Buys In The Past Week: Enterprise Products Partners, PBF Energy, Sage Therapeutics",2,FINANCE
Nova Leap Health Corp. to Present at the ii6 Summit in Toronto  https://t.co/I7ra07OEKW,2,FINANCE
Novartis completes certification of initial sites in Ontario for Kymriah,2,FINANCE
Novo Nordisk : Disclosure of transaction data #NovoNordisk #Stock #MarketScreener https://t.co/oyT5Qb1elj https://t.co/knhuhL46gH,2,FINANCE
NOVONIX : BTS WINS DISCOVERY AWARD FOR INNOVATION #NOVONIX #Stock #MarketScreener https://t.co/5LFiyMFnpZ https://t.co/FK3utLMx9e,2,FINANCE
NPN: NASPERS LIMITED - Statement regarding Just Eat PLC circular #Naspers #Stock #MarketScreener… https://t.co/Vgjjai5iVd,2,FINANCE
NTSB wants Boeing to redesign 737s after deadly 2018 Southwest accident,2,FINANCE
"Nu Oil and Gas : Holdings in Company Nov 25, 2019 #NuOilandGas #Stock #MarketScreener https://t.co/GQy3Z5SU7e https://t.co/GX24VxqKsR",2,FINANCE
"Number of movies on Netflix: 2014: 6,494 2019: 3,849 Number of TV titles: 2014: 1,609 2019: 1,784 https://t.co/B0H11sJAfM",2,FINANCE
"Number of shares and voting rights of ADOCIA as of November 30, 2019 https://t.co/v2s9T4YGb0",2,FINANCE
Nuro Self-Driving Car Scores Federal Regulator Approval(Radio),2,FINANCE
NYSE-Listed $PINS is making it easier to shop from small businesses with their new feature: The Pinterest Shop,2,FINANCE
Oaktree Specialty Lending NAV treads water in Q4,2,FINANCE
Ocean Grown Abalone : Results of Meeting #OceanGrownAbalone #Stock #MarketScreener https://t.co/c1IHVfDZdH https://t.co/DjXh9ai2EK,2,FINANCE
Ocean impact investment fund reaches $92m second close,2,FINANCE
Ocean Wilsons : 3Q19 Conference Call Transcript #OceanWilsons #Stock #MarketScreener https://t.co/GdpPjjdttw https://t.co/3pHhy9I1pZ,2,FINANCE
Oi S A : Material Fact - Reply to B3 Official Letter (276 Kb) #OiSA #Stock #MarketScreener https://t.co/sDkgnjdksi https://t.co/sCnZpVfe0L,2,FINANCE
ON Semiconductor to Demonstrate Intelligent IoT Technologies Including Advanced Audio Processing at CES 2020,2,FINANCE
One American CEO's tortuous path to surviving Trump's trade wars (via @brianreports) https://t.co/YaBXi1K287,2,FINANCE
OneWater Marine Inc. Prices Initial Public Offering,2,FINANCE
OneWater Marine prices initial public offering,2,FINANCE
OPG Power Ventures : Result of AGM & Appointment of Non-Executive #OPG #Stock #MarketScreener… https://t.co/5qR8q62Xqd,2,FINANCE
Orchard's OTL-200 nabs accelerated review in Europe for rare nerve cell disorder,2,FINANCE
Orsted : 195 A/S Notification Of Manager's Transaction #Orsted #Stock #MarketScreener https://t.co/sl8DGYFU97 https://t.co/xjBdiUR4dC,2,FINANCE
"Our Person in the News is Sundar Pichai, the new CEO of Google's parent company Alphabet. This week, the tech execu… https://t.co/2Dx45Bkcgf",2,FINANCE
Our Take On The Brink's Company's (NYSE:BCO) CEO Salary,2,FINANCE
"Over 92,000 Employees Of BSNL, MTNL Opt For VRS Scheme",2,FINANCE
Oyster Point Pharma Announces Positive Top-Line Results From the Phase 1 “ZEN” Study of Its Lead Nicotinic Agonist… https://t.co/BxjTFgnZOP,2,FINANCE
Pacific Star Network : Chairman's and CEO's Address to Shareholders #PacificStarNetwork #Stock #MarketScreener… https://t.co/IIwVxTvbxL,2,FINANCE
PagSeguro Digital : Form 13-D #PagSeguroDigital #Stock #MarketScreener https://t.co/BKLxy0c1Fj https://t.co/LlsrePMNUL,2,FINANCE
Panasonic and KOSÉ Set to Commence Verification Test for Personalized Proposals Utilizing Snow Beauty Mirror… https://t.co/yfyjGLjZui,2,FINANCE
Patrick Industries outlines succession plan,2,FINANCE
Pembina's Kinder Morgan deal cleared by Canadian competition regulator,2,FINANCE
"PennyMac Mortgage Investment Trust (NYSE: PMT) celebrates PMT's 10th anniversary of listing. Stanford L. Kurland, E… https://t.co/zWLarL2v0m",2,FINANCE
PepsiCo's New Coffee Drink Offers Twice As Much Caffeine,2,FINANCE
Perfect Corp. Reveals ‘2020 Global Color Trend Report’,2,FINANCE
Performance Food Group Company to Participate in the 2020 CAGNY Conference,2,FINANCE
Personal Assets Trust : Issue of Equity #PersonalAssetsTrust #Stock #MarketScreener https://t.co/YVEU1Yn7qp https://t.co/T8cTQ8XMba,2,FINANCE
"Personal Data Protection Bill Fails To Deliver On The Promise Of Privacy, Experts Say",2,FINANCE
Petratherm : Lapse of Unlisted Options #Petratherm #Stock #MarketScreener https://t.co/1S5teIM1R6 https://t.co/Fve14sBM45,2,FINANCE
Pfizer- A Stealth Blockbuster in Heart Drugs,2,FINANCE
PG&E boss says it wasn’t fully ready for California outages,2,FINANCE
PG&E Faces a Sprint to Fix Restructuring After Governor’s Rebuke,2,FINANCE
PG&E Faces a Sprint to Fix Restructuring After Governor's Rebuke,2,FINANCE
PG&E Is Dubious of Fire Victim’s Claim for a 500-Pound Emerald,2,FINANCE
PG&E Plays Its $13.5 Billion Hole Card,2,FINANCE
"PG&E, fire victims waive deadline for governor's OK of reorganization plan",2,FINANCE
Pharmaron Beijing : An announcement has just been published by the issuer in the Chinese s... #PharmaronBeijing… https://t.co/En8DrmZYTm,2,FINANCE
Ping An Securities : WITHDRAWAL OF PROPOSED SHARE CONSOLIDATION AND PROPOSED CHANGE IN BOA... #PingAnSecurities… https://t.co/wcKsyFyqDV,2,FINANCE
Pinterest launches a small business shop ahead of the holidays https://t.co/KJn0FHYIAQ,2,FINANCE
Pioneer Resources : Inferred Resource Estimate for Cade Lithium Deposit #PioneerResources #Stock #MarketScreener… https://t.co/35C6UqN55x,2,FINANCE
"PMC Bank Depositors Held After Protest, CM Assures Help To All ",2,FINANCE
"PNB Under-Reported Bad Loans By Rs 2,617 Crore In FY19",2,FINANCE
Popeyes says firing 7 employees for Wisconsin brawl was only first step,2,FINANCE
PORR : starts into 2020 with successful EUR 150 million hybrid issue #PORR #Stock #MarketScreener... https://t.co/ZaVCLMDGUg,2,FINANCE
Powerhouse Ventures : Chairman's Presentation to AGM #PowerhouseVentures #Stock #MarketScreener… https://t.co/A79D2GffH7,2,FINANCE
Powerlong Real Estate : PROPOSED SPIN-OFF AND SEPARATE LISTING OF POWERLONG COMMERCIAL MAN... #PowerlongRealEstate… https://t.co/iu7KuQFwEn,2,FINANCE
Prime Mining Comments on Recent Promotional Activity  https://t.co/ar4M0A11v5,2,FINANCE
Primoris scores $30M of industrial awards,2,FINANCE
"Private Equity Won Big on Lululemon, and It’s Not Done Yet",2,FINANCE
Pro Pac Packaging : 2019 Annual General Meeting Presentation #ProPacPackaging #Stock #MarketScreener… https://t.co/aoWpKrk3PR,2,FINANCE
Professional Holding prices initial public offering,2,FINANCE
Profile & Software A E : Announcement 9631/2019 (no English translation available)  #Stock #MarketScreener… https://t.co/paZCY9mp4a,2,FINANCE
Prosus N : Statement regarding Just Eat PLC (Just Eat) circular #ProsusNV #Stock #MarketScreener… https://t.co/CbQZdHJmTe,2,FINANCE
Prudential to Deepen Presence in China Market; Asia CEO Nicandrou,2,FINANCE
"Public Comment Period on a Proposed Publication of SOFR Averages and a SOFR Index Extended to January 10, 2020 → https://t.co/stAMV5WAIP",2,FINANCE
"Public Sector Banks Collect Rs 1,996 Crore As Minimum Balance Penalty In FY19",2,FINANCE
Publix Commits to $4 Billion in Food Donations to Alleviate Hunger,2,FINANCE
PutWrite Strategies Offer a Buffer Against Losses | NASDAQ https://t.co/WX1cg8svBO,2,FINANCE
"Qantas challenges Airbus, Boeing to offer better deal on ultra-long haul jets",2,FINANCE
Qantas Passengers Evacuated After Hydraulic Issue With Plane,2,FINANCE
Qualcomm forecasts 450 mln in global 5G phone sales in 2021,2,FINANCE
Qualcomm provides three-year targets,2,FINANCE
"Rak Bank CEO on Earnings, Margins, M&A",2,FINANCE
Rare Element Resources Successfully Completes Pilot Plant,2,FINANCE
Read the police report from the incident in which a Tesla Supercharger caught fire at a Wawa store in New Jersey ea… https://t.co/MK9NpSHC79,2,FINANCE
Real Gold Mining : UPDATE ON THE PROCEEDINGS REGARDING GUANGFA BANK ACCOUNTS #RealGoldMining #Stock #MarketScreener… https://t.co/aRmvOBbpUc,2,FINANCE
Record Year for the Iberchem Group With the Completion of Two Acquisitions in Flavors and 19% Growth in Revenues,2,FINANCE
"Record-Breaking ""Frozen 2"" Debut Propels Disney Past an Important Milestone",2,FINANCE
Red Hill Iron : Amended Appendix 3B #RedHillIron #Stock #MarketScreener https://t.co/RsiaN2QDD0 https://t.co/l74DHS967n,2,FINANCE
Reebok joins plant-based trend with vegan sneakers,2,FINANCE
REG Blending Partner Becomes Boston’s Official Heating Oil Provider,2,FINANCE
Reliance Global executes contract on 260-unit apartment property,2,FINANCE
Renascor Resources : Expiry of Unlisted Options #RenascorResources #Stock #MarketScreener https://t.co/zX9UuLOB1Z https://t.co/em7Rvh6Evk,2,FINANCE
Renault : New Espace Dimensions & Technical datas #Renault #Stock #MarketScreener https://t.co/SrLtTA4uCf https://t.co/NAYMtBoIVw,2,FINANCE
Renault : New Renault Espace - Press kit EN #Renault #Stock #MarketScreener https://t.co/LJGDhIY4Wq https://t.co/bqpAjq0NCk,2,FINANCE
Renishaw : Sir David McMurtry awarded James Watt Gold Medal #Renishaw #Stock #MarketScreener https://t.co/vz7lfPYFtt https://t.co/uI9jWfgViM,2,FINANCE
Replacing Pratt engines in IndiGo fleet by end of January a challenge - CEO,2,FINANCE
Report: 43% of investors interested in bitcoin are women https://t.co/RrvQys6ZVd by @readDanwrite https://t.co/q96etM9iQQ,2,FINANCE
Report: Emirates Pilots Unaware Engines Idle in 2016 Crash,2,FINANCE
Report: FreightCar America Closing Roanoke Plant,2,FINANCE
ResApp Health : 2019 Letter to Shareholders #ResAppHealth #Stock #MarketScreener https://t.co/N7U1dIMU1r https://t.co/W8BNTavukW,2,FINANCE
Researchers designed a thumb-sized patch — containing 50 million stem cells — that can be implanted onto a heart at… https://t.co/3SvlVbbpK3,2,FINANCE
Resonant prices underwritten equity offering,2,FINANCE
Response to SGX Queries #ChinaJishan #Stock #MarketScreener https://t.co/vIjUzZeHBo https://t.co/71R36VYZUe,2,FINANCE
Ress Life Investments A/S: Ress Life Investments A/S publishes performance and portfolio data for 2019 #Stock... https://t.co/xBufthvnya,2,FINANCE
Restaurant Brands International : Burger King says it never promised Impossible Whoppers w...â€¦ https://t.co/lglPK2jij4,2,FINANCE
Resumen: SFL publica los resultados de 2019,2,FINANCE
Retirement Portfolio With Many Sector And Global Funds. https://t.co/G0aDmuRZaR #stocks #finance #investing,2,FINANCE
Reunion Gold Announces Change in Fiscal Year-End  https://t.co/w6lAuHY5lY,2,FINANCE
Revealing The True Extent Of Exxon’s Natural Gas Blow Out,2,FINANCE
"RevoluGROUP Canada Inc. Correction RedCHAPINA DA For RevoluPAY®, Update RevoluVIP Car Rentals And Cruises  https://t.co/coBgIidf2f",2,FINANCE
Ridley : Managing Directors address to shareholders #Ridley #Stock #MarketScreener https://t.co/fjoLUsOYUK https://t.co/UXVKthM3qK,2,FINANCE
Rio Tinto’s Giant Mongolia Project Dealt Another Blow,2,FINANCE
RLH updates on asset sale,2,FINANCE
RoboSense erhält Zertifizierung nach IATF 16949,2,FINANCE
RoboSense Obtains IATF 16949 Certification,2,FINANCE
Roche Presents Spinal Muscular Atrophy Drug Data,2,FINANCE
Ronson Development : Report no 71 Purchase of own shares #RonsonDevelopment #Stock #MarketScreener… https://t.co/PLe8coXt0V,2,FINANCE
Royal Dutch Shell plc Transaction In Own Shares #RoyalDutchShell #Stock #MarketScreener https://t.co/DNVHVucNPD https://t.co/M7c24H5Rts,2,FINANCE
RPT-UPDATE 2-Alibaba to price shares at HK$176 in $12.9 bln Hong Kong listing - sources,2,FINANCE
RRD Partners with Microsoft Store to Boost In-Store Marketing Efforts,2,FINANCE
Ryanair Is a Polluting Airline. There's No Hiding That Fact,2,FINANCE
SAExploration gets Nasdaq non-compliance letter,2,FINANCE
Salarius Pharma files for equity offering,2,FINANCE
Salesforce Conference Interrupted by Immigration Protesters,2,FINANCE
Salesforce on watch as DreamForce event ramps up,2,FINANCE
Salesforce to use Amazon AI technology to improve call center services,2,FINANCE
"Salesforce, Amazon taking on RingCentral",2,FINANCE
"Samenvatting: Japanse NEDO en Panasonic behalen ‘s werelds hoogste conversie-efficiëntie van 16,09% voor grootste zonnecelmodule met Perovskite per gebied",2,FINANCE
San Jose Water Files Application for Investment in Advanced Metering Infrastructure https://t.co/epwLO7RJwJ,2,FINANCE
"Santana Minerals : Petrology Confirms Nickel, Cobalt and Copper Sulphides- Laos #SantanaMinerals #Stock… https://t.co/iFuAAs9x2O",2,FINANCE
Sappi : joins Cepi in the 4evergreen alliance to boost the contribution of fibre-based pac... #Sappi #Stock… https://t.co/k9qn8c1Ls2,2,FINANCE
SASA Polyester Sanayi A.Ş. Selects INVISTA PTA Technology,2,FINANCE
SASA聚酯选用英威达PTA技术,2,FINANCE
Schwab aims for more than survival with $26bn Ameritrade deal https://t.co/gjv4BA3ZiE,2,FINANCE
Schwab bulks up for fee war with $26bn TD Ameritrade deal https://t.co/LHKK0AMbRF,2,FINANCE
"Science, tech investor Kairos Ventures launches second fundraise of the year, could collect up to $250m",2,FINANCE
Sears' Eddie Lampert looks to regain full ownership of Sears Hometown and Outlet Stores,2,FINANCE
SeaSpine teams up with 7D Surgical to integrate product offerings,2,FINANCE
SEBI Issues Performance Benchmarking Guidelines For Alternative Investment Funds,2,FINANCE
Sensus Recognized for Innovation at Smart Utility Summit,2,FINANCE
SFL publiceert recordresultaten voor 2019,2,FINANCE
SGS : Helps Uruguay Customs Detect Major Drug Smuggling Operation #SGS #Stock #MarketScreener… https://t.co/d9Xs6eTJYD,2,FINANCE
Shelf Drilling : USDA's Recommendations for a Safe Thanksgiving #ShelfDrilling #Stock #MarketScreener… https://t.co/sLa64XAoNX,2,FINANCE
Shell pushes to power with plans for first big solar plant,2,FINANCE
Shell to continue search in renewables after losing Eneco tender https://t.co/QIPyFGvOWd https://t.co/H4xKLYjdvO,2,FINANCE
"Sherwin details $600M plan for new HQ, R&D center",2,FINANCE
Shree Minerals : Golden Chimney Exploration Update #ShreeMinerals #Stock #MarketScreener https://t.co/yzgeROuSyy https://t.co/6loiAtgU0u,2,FINANCE
Sienna Cancer Diagnostics : Key Terms of CEO/Managing Director Employment Contract #SiennaCancerDiagnostics #Stock… https://t.co/g0J3hXxRYg,2,FINANCE
"SIIC Environment : to Build 3,800 tonnes per day Waste Treatment Project in Shanghai, PRC #SIIC #Stock… https://t.co/sUL4Oigfu7",2,FINANCE
Sino Harbour : VOLUNTARY ANNOUNCEMENT-INCREASE IN SHAREHOLDINGS BY A SUBSTANTIAL SHAREHOLDER #SinoHarbour #Stock… https://t.co/96y1qXs4Fb,2,FINANCE
Skanska : Co-creating solutions to reduce the industry's carbon footprint #Skanska #Stock #MarketScreener… https://t.co/9nyStnrT3l,2,FINANCE
Skyworks : Statement of changes in beneficial ownership of securities #Skyworks #Stock #MarketScreener… https://t.co/LDfZBIMju4,2,FINANCE
Smart Cannabis Cultivators are Leveraging Natural Gas to Cut HVAC Costs up to 80%,2,FINANCE
Soapbox: A small business with some big partners,2,FINANCE
SocGen Pledges Higher Returns After Dropping Profit Target,2,FINANCE
SocGen Pledges Higher Returns After Signaling It May Miss Target,2,FINANCE
Societatea Energetica Electrica : Current report &ndash; BoD member renunciation &ndash; 1...… https://t.co/X5zMjjyNqM,2,FINANCE
"SoftBank combining Yahoo Japan, Line Corp",2,FINANCE
SoftBank launched a long-awaited $3 billion tender offer for WeWork stock https://t.co/gpotD3TlHu,2,FINANCE
SoftBank launches robotic vacuum in U.S.,2,FINANCE
Softbank leads $140 million funding round for Brazil start-up VTEX #economy #MarketScreener https://t.co/6SyhuFXK6o https://t.co/B8LV7okcVa,2,FINANCE
SoftBank Said to Go Ahead With WeWork Stock Tender Offer:Reuters https://t.co/ai9OYBibdD,2,FINANCE
SoftBank to Create Japan Internet Giant to Battle Global Rivals,2,FINANCE
SoftBank to go ahead with WeWork stock tender offer this week #economy #MarketScreener https://t.co/MQFbUV0mnl https://t.co/l4UmkBixZV,2,FINANCE
SoftBank unveils a $184 million initiative to accelerate AI research https://t.co/0tsvtEjk1R,2,FINANCE
SoftBank-backed Paytm raises $1 billion in fresh funding https://t.co/lYCXkrozmW https://t.co/988P07IWob,2,FINANCE
Software Acquisition prices $130M initial public offering,2,FINANCE
Sophos : Form 8.5 (EPT/RI)Sophos Group plc_Replacement #Sophos #Stock #MarketScreener https://t.co/hz8AM6PHyY https://t.co/PEDqE4XEWt,2,FINANCE
Sorrento Therapeutics : Simplified registration form #SorrentoTherapeutics #Stock #MarketScreener… https://t.co/lhFzM5cjVe,2,FINANCE
Sotherly Hotels Inc. Announces Relocation of Corporate Headquarters  https://t.co/xn5xjkNDq1,2,FINANCE
Sourcewater Launches DirtWork AlertTM Satellite Intelligence for Permian Basin Sitework,2,FINANCE
"South African Airways Cuts Foreign, Local Routes to Stay Afloat",2,FINANCE
Southern : Georgia Power Says Final Containment Ring Placed at Vogtle Unit Nuclear Project #Southern #Stock… https://t.co/r6JYUmOlcG,2,FINANCE
Spence Mullis Named Community Banker of the Year  https://t.co/SkrzZxjwMg,2,FINANCE
Spill contained at Shell's Puget Sound refinery,2,FINANCE
Spoiling Tesla’s Rally Could Come Down to Upcoming Catalysts,2,FINANCE
Spot on once again! #ES_F $SPY guidance matters when it comes to taking individual trades.. https://t.co/b7vjQOiHxO,2,FINANCE
"Spotify, the world’s most popular paid music streaming service, will suspend political advertisements in 2020. More… https://t.co/6RAq8rN8cx",2,FINANCE
Spotify-Backer Northzone Raises $500 Million for New Investments,2,FINANCE
Sprout Social goes public,2,FINANCE
Square's Getting Serious About E-Commerce,2,FINANCE
Standard Life Aberdeen : Form 8.3 - Cobham plc #StandardLifeAberdeen #Stock #MarketScreener https://t.co/ZfOZ5EbPiV https://t.co/2ldrO4Rjvw,2,FINANCE
Stein Mart looks for edge with jewelry,2,FINANCE
Stride Property : HY20 Interim Report and Results #StrideProperty #Stock #MarketScreener https://t.co/XLYNhr5bs9 https://t.co/zWeNrM8gAO,2,FINANCE
Strike On Tuesday Looms For Canadian National After Teamsters Sends Notice To Company,2,FINANCE
Sunni Waqf Board To Meet On Tuesday To Discuss  Ayodhya Review Plea Filing,2,FINANCE
SunPower launches 22M-share public offering,2,FINANCE
SunPower selected to build JFK Airport solar project,2,FINANCE
SunPower to offer 22 mln common shares to the public,2,FINANCE
Sutter Rock Capital Corp. Announces Expiration and Final Results of Modified Dutch Auction Tender Offer to Repurcha… https://t.co/E3GKssFpdX,2,FINANCE
Svante and Chevron Technology Ventures Launch Study for Carbon Capture Pilot Unit,2,FINANCE
Sweden says U.S. interest in Ericsson logical for 5G capability,2,FINANCE
TAAL Announces Appointment of Auditor https://t.co/1fH6gwlJRh,2,FINANCE
Tachyum CEO Dr. Radoslav Danilak Discusses ‘Bringing Slovakia to the Forefront of the Digital Age’ at CEO Forum,2,FINANCE
Taco Bell dives into the fried chicken wars with its Crispy Tortilla Chicken https://t.co/aKjYzVl9jv by @heidi_chung https://t.co/lv0Iv2cHQz,2,FINANCE
"Taco Bell wants you to take its tacos, stick them in a blender and serve them as bisque on Thanksgiving… https://t.co/htgMaQulDq",2,FINANCE
Taiwan Fund : Announces Share Repurchases under its Discount Management Policy from Novemb... #TaiwanFund #Stock… https://t.co/pP2MXVbsOk,2,FINANCE
Target steps up same-day delivery options,2,FINANCE
"Tata Steel plans to cut up to 3,000 European jobs",2,FINANCE
TD sees no rate hikes by G-10 central banks next year,2,FINANCE
Teledyne to Present at the Cowen Aerospace/Defense & Industrials Conference,2,FINANCE
Telenor says Huawei will still play role in 5G rollout,2,FINANCE
Telix Pharmaceuticals : Webcast of CEO presentation to Jefferies Conference #TelixPharmaceuticals #Stock… https://t.co/byNSIkQ6op,2,FINANCE
Tencent In Talks to Form Consortium for Universal Music Group Stake,2,FINANCE
Tensions are mounting between Credit Suisse Chairman Urs Rohner and CEO Tidjane Thiam ahead of a board meeting next... https://t.co/MgIdMvc4TQ,2,FINANCE
Terna S p A : and consumer associations work together to strengthen collaboration and dial... #TernaSpA #Stock... https://t.co/WlKey5gvh5,2,FINANCE
Tesco Asks Thai Tycoons for Next-Round Bids for Asia Unit,2,FINANCE
"Tesla Chief Executive Elon Musk unveils the company’s electric Cybertruck, venturing into the pickup truck market,… https://t.co/ZmEo7wtHTQ",2,FINANCE
Tesla Cybertruck: 5 important questions about the polarizing EV https://t.co/71KKuvkr2q,2,FINANCE
Tesla just unveiled its first electric pickup: The Cybertruck. The truck boasts 300 miles of range and will come wi… https://t.co/uuFv0hiumU,2,FINANCE
Tesla Remotely Removed Autopilot From A User's Car Without Telling Them: Report,2,FINANCE
Tesla Set to Bulk Up the World’s Largest Lithium-Ion Battery,2,FINANCE
Tesla unveiled a new electric pickup truck called Cybertruck yesterday. But the truck’s futuristic design polarized… https://t.co/e70Lm0m1dy,2,FINANCE
Tesla: How Much Is Hype and How Much Is Real?,2,FINANCE
Tesla's Autopilot could save millions of lives — but it will also kill some people first. More @BW… https://t.co/UuIyidmZ5O,2,FINANCE
Tesla's Cybertruck has arrived and it looks nothing like any pickup truck you've ever seen. But a demonstration of… https://t.co/QeXN1M7oSE,2,FINANCE
"Tesla's demo of its first electric pickup didn't go quite according to plan. The ""Tesla armor glass"" windows shatte… https://t.co/8Ysj4aMSfa",2,FINANCE
"Tesla's made-in-China cars will qualify for subsidies there, a potential boon for the company https://t.co/7jDzEbGCsP",2,FINANCE
Teva inks early-stage drug research deals,2,FINANCE
"Teva, drugmakers in talks With U.S. to end generics probes https://t.co/Gq01nHEEaP via @business https://t.co/M0ICENAbiX",2,FINANCE
TFF Pharmaceuticals : Corporate Presentation #TFFPharmaceuticals #Stock #MarketScreener https://t.co/NfQGrwKVpt https://t.co/J3JGDaVmjG,2,FINANCE
That Odd Kroger Partnership With Walgreens Just Got Weirder,2,FINANCE
The David Rubenstein Show: Bank of America CEO Brian Moynihan,2,FINANCE
"The Executive VP & Chief Commercial Officer of Corteva, Inc. (NYSE:CTVA), Timothy  Glenn, Just Bought 6.7% More Shares",2,FINANCE
"'The Irishman' drew a solid audience for Netflix with a budget of just over $150 million, despite people complainin… https://t.co/ahD62e7PwZ",2,FINANCE
The Medicines Company's inclisiran shows positive effect in HeFH study,2,FINANCE
The salary information released by Intel today isn’t flattering — and is information the company didn't have to sha… https://t.co/FogrP4UOV5,2,FINANCE
The Silver Lining in Ford's Struggling Chinese Market,2,FINANCE
The Splunk Data-to-Everything Platform Brings Speed and Scale to McLaren,2,FINANCE
The three major Democratic committees blasted Google for an ad policy that will allow politicians to run false ads… https://t.co/TMPBUdH9FB,2,FINANCE
These 4 Measures Indicate That Odfjell (OB:ODF) Is Using Debt Extensively,2,FINANCE
This company in Dubai is taking the oil used to cook McDonald's fries and chicken nuggets and turning it into biodi... https://t.co/IqyONQVAFx,2,FINANCE
This startup makes a meat alternative out of thin air https://t.co/BSTzaP5OdB by @bridgetteAwebb https://t.co/s9zI30ZJB5,2,FINANCE
Thomson Resources : AGM - Chairman's Address #ThomsonResources #Stock #MarketScreener https://t.co/iWZBpJ0Eza https://t.co/DojMz764jO,2,FINANCE
Tightrope Thiam: comeback CEO stung by a spying scandal,2,FINANCE
"Tilray Launches Canadian Cannabis 2.0 Products, Completes First Export Of Medical Cannabis Extract To Switzerland",2,FINANCE
Tinyclues accélère sa croissance en 2019,2,FINANCE
T-Mobile CEO: 'Was never having discussions' to run WeWork,2,FINANCE
Tough road seen for LaCroix,2,FINANCE
TPG-backed NewQuest hits $1bn final close for Asia Fund IV,2,FINANCE
Transnet Outlines Plans for Cheaper Coal to Eskom,2,FINANCE
Trayport to provide trading platform for Bulgaria's gas bourse,2,FINANCE
Trevena reports results from special population studies for oliceridine,2,FINANCE
"Troy Income & Growth Trust : U.S. Dairy Industry Commends Breakthrough on USMCA, Urges Swift Passage of Deal… https://t.co/78LUyoVp0S",2,FINANCE
TUI and Royal Caribbean Expand Cruise Partnership With $1.3 Billion Deal,2,FINANCE
Tupperware opens first-ever store in NYC's Soho neighborhood,2,FINANCE
Twitter : Statement of Changes in Beneficial Ownership #Twitter #Stock #MarketScreener https://t.co/SO1GpndMW4 https://t.co/Y1SH7aSxz9,2,FINANCE
Twitter CEO Jack Dorsey is funding a small team to chase his idealistic vision for social media https://t.co/TeectcBqHT,2,FINANCE
Twitter is now letting people hide unwanted replies to their tweets as part of a broader effort to make the platfor… https://t.co/rYtx0jem05,2,FINANCE
Two Amazon Locations in Germany Face Strikes Ahead of Christmas,2,FINANCE
Two of the leaders of the online brokerage industry are merging. Charles Schwab agreed to buy TD Ameritrade for $26… https://t.co/OFZtW5YR5n,2,FINANCE
Two-Year-Old Cloud-Security Startup Clumio Raises $135 Million,2,FINANCE
Tyson Foods : Nudges Dog Treats Turns Unwanted Holiday Gifts into Fido's Favorite Toy #TysonFoods #Stock… https://t.co/Qu0xG2MBff,2,FINANCE
U.K.’s Largest Pension Fund Plans to Halve Hedge-Fund Holdings,2,FINANCE
U.S.-based chip-tech group moving to Switzerland over trade curb fears #economy #MarketScreener… https://t.co/DJJTQB9Hhe,2,FINANCE
Uber helicopter rides to from Manhattan to JFK International Airport were briefly cheaper than by car https://t.co/DBtx9lfjWz,2,FINANCE
Uber Plans to Appeal London License Ban,2,FINANCE
Uber ready to join FANG after earnings - RBC,2,FINANCE
Uber submits appeal to regain London taxi license,2,FINANCE
Uber Technologies : Correction to story on Uber's reports of sexual assault #UberTechnologies #Stock… https://t.co/i4FjeC7F2x,2,FINANCE
Uber Technologies : Driving Change- Working Together to End Gender-Based Violence #UberTechnologies #Stock… https://t.co/lTGeVzV524,2,FINANCE
Uber Technologies : Safety Report Details Sexual Assaults in U.S. Over Two Years -- Update... #UberTechnologies… https://t.co/ysgIsoXwoK,2,FINANCE
United Shore gives away Cadillacs to 13 employees after record-breaking year,2,FINANCE
UnitedHealthcare to Open Member Medicare Services Centers in Select Walgreens Stores,2,FINANCE
"Unlike its competitors, @MakerDAO isn't backed by government-issued currencies, but by other cryptocurrencies.  https://t.co/3GCSvHl8ry",2,FINANCE
Unusual Ventures races to $400m final close for Fund II,2,FINANCE
UPDATE – AffaMed Therapeutics Receives NMPA Approval to Initiate Phase III Clinical Trial in China with Herceptin®… https://t.co/e6GqTwFBn0,2,FINANCE
UPDATE 1-Alibaba to close books early in $13.4 bln Hong Kong listing after strong demand -sources,2,FINANCE
UPDATE 1-Alibaba will raise up to $12.9 bln in Hong Kong listing -sources,2,FINANCE
UPDATE 1-Apple starts construction of new $1 billion campus in Texas,2,FINANCE
UPDATE 1-Emirates announces $16 bln order for 50 Airbus A350 planes,2,FINANCE
UPDATE 1-Emirates wants new Boeing jet put through 'hell on Earth' in testing,2,FINANCE
UPDATE 1-Flydubai chairman says could still buy Airbus A320s to replace MAX jets,2,FINANCE
"UPDATE 1-HollyFrontier to build biodiesel plant, buy back $1 bln in shares",2,FINANCE
"UPDATE 1-Russia's Sberbank, Mail.Ru to invest $1 billion in online food, taxi venture",2,FINANCE
UPDATE 1-Russia's Yandex to adjust corporate governance structure,2,FINANCE
UPDATE 1-Saudi airline flynas in talks to exercise Airbus A320neo options,2,FINANCE
UPDATE 1-Singapore's Pavilion cancels U.S. LNG cargo loading as market faces oversupply,2,FINANCE
UPDATE 2-Canada's labor union says no progress in talks with CN Rail; strike threatens grain exports,2,FINANCE
UPDATE 2-Major FirstGroup shareholders call for U.S. asset sale,2,FINANCE
"UPDATE 2-Qantas challenges Airbus, Boeing to offer better deal on ultra-long haul jets",2,FINANCE
Update on Investment for Accounting Purposes in Cascabel  https://t.co/m6nI1RGSUm,2,FINANCE
Vail Resorts (MTN) Dips More Than Broader Markets: What You Should Know - Nasdaq,2,FINANCE
Vanguard Dividend Appreciation ETF declares quarterly distribution of $0.5985,2,FINANCE
Vanguard Global ex-U.S. Real Estate ETF declares quarterly distribution of $3.6471,2,FINANCE
VC Deals: Alphabet Pushes Duolingo To $1.5B Valuation. Read more and get updates on any stock!… https://t.co/eBS2Ea6sdg,2,FINANCE
Verizon CEO Hans Vestberg Talks About Melding 5G and the Cloud,2,FINANCE
Verseon : Update on Tender Offer #Verseon #Stock #MarketScreener https://t.co/5vVX6gi1DV https://t.co/Y4SvsAVe5U,2,FINANCE
Vertex teams up with Molecular Templates in HSCT conditioning regimens,2,FINANCE
VF Corporation details coronavirus impact,2,FINANCE
VF Corporation Provides Update on Business Impact of Coronavirus in China,2,FINANCE
Viacom extends cable rights to 'The Office',2,FINANCE
ViacomCBS Plans New Streaming Video Service,2,FINANCE
Vipshop announces business cooperation with SF Holding,2,FINANCE
Vista Outdoor : Federal Ammunition is the Official Ammunition of ACUI Clay Targets Program #VistaOutdoor #Stock… https://t.co/pf9kLnLVt2,2,FINANCE
VitalHub Announces Contract to Support EY Engagement in the Kingdom of Saudi Arabia by Delivering Patient Appropria… https://t.co/TqKjiDLvqs,2,FINANCE
Vodafone Idea To Drop Brand ‘Idea’ From Postpaid Services,2,FINANCE
Vodafone moving key operations to Google Cloud,2,FINANCE
Vodafone to Hand Management of Ghana Unit to Africa Operation,2,FINANCE
"Vodafone, Bharti Airtel to Hike Prices in India",2,FINANCE
Volkswagen expects economies of scale with ID.3,2,FINANCE
Vote of confidence for 737 MAX as orders inked in Dubai,2,FINANCE
VW CEO says new ID.3 car 40% cheaper to build than electric Golf,2,FINANCE
Walmart hopes its new merchandising look will help convince shoppers that it offers high-quality fruit and vegetabl… https://t.co/6D86DtSLhW,2,FINANCE
"Watch the Tesla Cybertruck's supposedly unbreakable ""armor glass"" windows break after a metal ball was thrown at th… https://t.co/C21zXUJb7I",2,FINANCE
"WATCH: Softbank chief Masayoshi Son and Alibaba founder Jack Ma, two of Asia’s most prominent tech entrepreneurs, t… https://t.co/tpuoNFPYvf",2,FINANCE
Water Oasis : Date of Board Meeting #WaterOasis #Stock #MarketScreener https://t.co/ErDKa9DWuu https://t.co/4LxS7J1EH3,2,FINANCE
Weebit Nano : Leti test results show efficiency improvements #WeebitNano #Stock #MarketScreener… https://t.co/vcVPWljJat,2,FINANCE
Western Union selects AWS as preferred cloud,2,FINANCE
Westpac Banking : Announces Response Plan #WestpacBanking #Stock #MarketScreener https://t.co/2omy81w7tT https://t.co/Mr1tuXbkWY,2,FINANCE
WeWork chairman tells employees the plan is to have positive adjusted earnings by 2021 https://t.co/B4ZfxiJXI8,2,FINANCE
"WeWork names new executives, path to profitability by 2023: report https://t.co/nby7jpZ6xu https://t.co/17hr8mW3VA",2,FINANCE
WEWORK TO CHANGE LEASING MODEL IN MANY CITIES: FT https://t.co/qgvhNSx3Up,2,FINANCE
WH Smith : Circ re. Proposed Acquisition of Marshall Retail #WHSmith #Stock #MarketScreener https://t.co/YPn8LMmPVA https://t.co/u3YxzhGUZS,2,FINANCE
What Forms The Bulk Of Newmont-Goldcorp’s Expenses?,2,FINANCE
What Tesla taught Ford https://t.co/gYHzvB9QRc by @rickjnewman https://t.co/arQvfOYe2K,2,FINANCE
What To Expect From Tesla's 'Cybertruck' Event,2,FINANCE
What’s Next for the Proteostasis Cystic Fibrosis Pipeline,2,FINANCE
WhatsApp Closes In On Full Fledged UPI Payments Launch,2,FINANCE
Why HP Left the Door Open for Xerox,2,FINANCE
Williams Industrial Services Group Announces Key Dates for $7 Million Rights Offering,2,FINANCE
"Wimbledon Owner Bids for Bank of England Sports Club, Mail Says",2,FINANCE
Wincanton : Form 8.5 (EPT/RI) - Eddie Stobart Logistics plc #Wincanton #Stock #MarketScreener… https://t.co/MJRn0UfUfp,2,FINANCE
Wins Finance gets noncompliance letter from Nasdaq,2,FINANCE
Wipro Wins Multi-Year Strategic IT Deal From Marelli,2,FINANCE
With or without Huawei? German coalition delays decision on 5G rollout,2,FINANCE
"With or Without Walsh, British Air Parent Will Welcome Back Boeing’s Max ",2,FINANCE
"With Tiffany, LVMH grows in jewelry. And Tiffany gets another chance to shine https://t.co/BBjaTsXNfC",2,FINANCE
Would TD Bank benefit from a Schwab-Ameritrade deal? https://t.co/4ouJlCnZof,2,FINANCE
Xoma readies rights offering,2,FINANCE
XPS Pensions : ' Radar wins 'Actuarial Software of the Year' #XPS #Stock #MarketScreener https://t.co/DJZ2BuljEr https://t.co/Hu4Yqncq4M,2,FINANCE
Yangtze Optical Fibre And Cable Joint Stock : ANNOUNCEMENT - PROPOSED RE-ELECTION OR ELECT... #Stock… https://t.co/frgX2SroUu,2,FINANCE
Yankee Candle Opens New State of the Art Research & Development Facility in Western Massachusetts… https://t.co/QZHrzvaEnw,2,FINANCE
"Yes Bank Shareholders Approve Raising Up To Rs 10,000 Crore Through QIP",2,FINANCE
Yestar Healthcare : Next Day Disclosure Returns #YestarHealthcare #Stock #MarketScreener https://t.co/k6srQHazpf https://t.co/oW9KRoFuxU,2,FINANCE
YouTube's Smaller and Growing Slower Than Instagram,2,FINANCE
Zelda Therapeutics : Investor Presentation - Non-deal Roadshow #ZeldaTherapeutics #Stock #MarketScreener… https://t.co/dSU27Y9kw8,2,FINANCE
Zijin Mining : State councilor meets ex-Japanese PM on bilateral ties #ZijinMining #Stock #MarketScreener… https://t.co/eH23SKoofr,2,FINANCE
$KMI $UNG $UGAZ - Kinder Morgan's Elba Island terminal set for first LNG export shipment https://t.co/vKLNKfIk5B,2,FINANCE
"$PE $PXD - Parsley willing to cut oil production 20% if deal reached, CEO says https://t.co/ovttr0X0d0",2,FINANCE
$XOM $HES $CEO - Guyana aims for agreement with Exxon on pricing before first oil export https://t.co/yVP8puMRtP,2,FINANCE
"BP plans deep cuts to its carbon emissions by 2050, setting one of the oil sector's most ambitious targets, as part… https://t.co/3AcE3mzTVW",2,FINANCE
Brasileiro S A Petrobras : Petrobras on oil production in April  #Stock #MarketScreener… https://t.co/5eyTJr9IM7,2,FINANCE
PUCO accepts results of Dominion Energy Ohio's natural gas supply auction #Stock #MarketScreener… https://t.co/91Trlb6bEf,2,FINANCE
CORE GOLD TEMPORARILY SUSPENDS OPERATIONS AT DYNASTY GOLDFIELD  https://t.co/CxYlVLnQ8r,2,FINANCE
$XOM - Exxon Beaumont cuts run rates until product demand improves https://t.co/hOE7FBC87Y,2,FINANCE
Bank of America said that it's seen fierce demand for emergency rescue loans with current applications already acco… https://t.co/pZYT36LSCO,2,FINANCE
Europcar nears rescue deal with lenders - source #economy #MarketScreener https://t.co/lyXOp5Y9EN https://t.co/xoHOEANJBt,2,FINANCE
Disney responds to data breach after thousands of Disney+ accounts hacked,0,FINANCE
"Disney+ accounts are getting hacked, sold for $3: RPT",0,FINANCE
Hackers Are Targeting Ring Cameras,0,FINANCE
"Hackers have gained access to thousands of Disney+ user accounts, selling them for between $3 and $11, according to… https://t.co/WjNynp7g4w",0,FINANCE
"Macy’s Hit With Malware Attack, Customer Data Stolen",0,FINANCE
Macy's discloses data hack,0,FINANCE
Finablr : Ransomware-hit Travelex says it has recovered its UK website #Finablr #Stock #MarketScreener... https://t.co/DjDq3E2hNe,1,FINANCE
"""Never, ever use a debit card,"" warns fraud expert and ex-con artist. (via @CNBCMakeIt) https://t.co/crcxJSsGNt",2,FINANCE
A database aggregating 1.2 billion users’ personal information was discovered unprotected on a server alleged to be… https://t.co/Ny5YsUwHNB,2,FINANCE
Iran Defuses Second Cyberattack in Less Than a Week: Minister,2,FINANCE
What the Disney+ ‘hack’ should teach you about your own security,2,FINANCE
Dollar & Bond Yields Slide After FOMC Folds https://t.co/ITPlHnCbXG,0,FINANCE
10Y yield just 15bps away from all time lows.,0,FINANCE
3Y Auction Tails On Muted Buyer Demand Despite Unlimited Fed QE  https://t.co/5jkVn4FpFL,0,FINANCE
"As Africa Drowns In Debt To China, IMF Sounds The Alarm https://t.co/WFfZkXhlLG",0,FINANCE
Illinois risk seeing its credit rating cut to junk https://t.co/ZXGEAkBeeM,0,FINANCE
"JPMorgan says bonds to slump, fueling a return to cyclicals https://t.co/r91WzjL9Da via @business https://t.co/GheX3DBwXA",0,JPM
Nigeria's government plans to raise as much as $6.9 billion from multilateral lenders to offset the impact of the C… https://t.co/ejfuD1G7WW,0,FINANCE
"Riskier investments, including junk bonds and nongovernment-backed mortgages, are being left behind as markets atte… https://t.co/8uiVDNWl5b",0,FINANCE
Societe Generale's Subadra Rajappa is concerned treasury yields could quickly snap back https://t.co/tGVmttl7GD… https://t.co/rrreeGl5tw,0,FINANCE
South Africa could fall deeper into junk territory after S&P cut the outlook on its assessment of the nation’s debt… https://t.co/ej4julbme6,0,FINANCE
South Africa could fall deeper into junk territory after S&P cut the outlook on its assessment of the nation’s debt… https://t.co/ESBc1kS0JG,0,FINANCE
Treasury yields hold rise after housing starts,0,FINANCE
Global stock rally spurs selloff of Treasurys ahead of benchmark debt auction https://t.co/DqNyYNisgU,0,FINANCE
Argentine bonds surge after investors call Buenos Aires' bluff https://t.co/8w8FnunayA https://t.co/xvKTwFvYiw,1,FINANCE
Buenos Aires Surrender Sends Argentine Bonds on a Wild Rally,1,FINANCE
Negative-Yield Bond Pool Declines As Hopes For Global Recovery Soar https://t.co/s7yCfXlAZf,1,FINANCE
Treasury yields inch higher after economic data,1,FINANCE
Treasury yields pare decline after January jobs report,1,FINANCE
$ARD - Ardagh Group prices $500M senior secured notes due 2025 https://t.co/bL4jvuQQsp,2,FINANCE
$BAM - Brookfield Asset Management announces proposed debt offering https://t.co/zG400YPdK3,2,FINANCE
$BONDX: Overnight Treasury Market Summary https://t.co/Klpw9jWgl7,2,FINANCE
$BONDX: Overnight Treasury Market Summary https://t.co/OLdJFxTwjs,2,FINANCE
$BONDX: Overnight Treasury Market Summary https://t.co/QiA03kX9Us,2,FINANCE
$BONDX: Treasury Market Summary https://t.co/A4uIHxh8sk,2,FINANCE
$BONDX: Treasury Market Summary https://t.co/cXRc7nHBZF,2,FINANCE
$BONDX: Treasury Market Summary https://t.co/pPV9AHYSBR,2,FINANCE
$BONDX: Treasury Market Summary https://t.co/XhYM9AuD63,2,FINANCE
$COLL: Collegium Pharmaceutical commences $125 mln offering of convertible senior notes due 2026 https://t.co/1kEdpsjlCd,2,FINANCE
$CPT - Camden Property Trust: 4% Yield With No Near-Term Debt Maturities. https://t.co/nRuXUZzsbE #finance #stocks #economy,2,FINANCE
$IVR - Invesco says counterparties have sold $3.5B in pledged securities https://t.co/ou1rX5vfeL,2,FINANCE
$MLCO - Melco Resorts Finance proposes senior notes offering https://t.co/IBZwYzx7QQ,2,FINANCE
$NCR - NCR Corporation to offer $400M senior notes due 2025 https://t.co/PN0F1E2Ijl,2,FINANCE
$NDAQ - Nasdaq prices 600M of 0.875% senior notes https://t.co/fPD79l4E99,2,FINANCE
$NWE: NorthWestern provides COVID-19 response update; announces entry into $100 million 364-day term loan https://t.co/LfNY7GPhwO,2,FINANCE
$PFSI - PennyMac's new servicing advance financing to enhance liquidity https://t.co/7cJDt97soB,2,FINANCE
$PFSI: PennyMac announces new servicing advance financing; Structure enhancement completed with Ginnie Mae to allow… https://t.co/BfQBE7n3AH,2,FINANCE
$R - Ryder enhances its liquidity position with $400M public bond offering https://t.co/Pr8ZM0umo6,2,FINANCE
$RILY - B. Riley prices upsized $115M offering of notes https://t.co/d3pnx2m1Xm,2,FINANCE
"$SPSK - Islamic Bond ETF Covers Unique ESG Market, For A Price. https://t.co/ykp5jaMkCj #investing #markets #trading",2,FINANCE
"$SRC - Spirit Realty gets new term loan, boosting liquidity to $700M https://t.co/T6pI5ef6xI",2,FINANCE
$TITN - Titan Machinery amends and restates credit agreement https://t.co/AzZMDQtlWY,2,FINANCE
$WORK: Slack announces $600.0 mln aggregate principal amount of convertible senior notes due 2025 in private offeri… https://t.co/Z4QL33A00t,2,FINANCE
10-year yield at 1.649%; 2-year yield at 1.443%; 30-year yield at 2.126%,2,FINANCE
10-year yield at 1.812%; 2-year yield at 1.606%; 30-year yield at 2.290%,2,FINANCE
A troubled Chinese state-own firm is giving bondholders a stark choice on $1.25 billion of dollar bonds https://t.co/Yv4ZMPCJ5Z,2,FINANCE
Adani Joins India’s Dollar Bond Frenzy With $1 Billion Sale,2,FINANCE
Airbnb to terminate $1 billion credit facility after private equity deal: sources https://t.co/Y6dOvo4FQq https://t.co/JCIi7Rekya,2,FINANCE
Allegheny Technologies proposes senior notes offering,2,FINANCE
Ardagh S A : Launch of $200 million Senior Secured Notes #ArdaghSA #Stock #MarketScreener https://t.co/EmLrd8ASvc https://t.co/XydAdI2oL5,2,FINANCE
"Argentina is trying to restructure debt with creditors, IMF https://t.co/RCsU9xOZee",2,FINANCE
AT&T : Boosts Liquidity With $5 Billion Term-Loan #ATT #Stock #MarketScreener https://t.co/gU6e8gRlU2 https://t.co/tqhMQDHWDq,2,FINANCE
AT&T supports Pai's public midband auction call; I -40%,2,FINANCE
AT&T takes on $5.5 billion loan to boost 'financial flexibility' https://t.co/WtOtgqfD0k https://t.co/Oh5ridf3ib,2,FINANCE
Aurora Cannabis says 94% of holders of its C$230 million in convertible debt opt for early conversion,2,FINANCE
Aurora sets early conversion price for convertible bonds at discount to Friday's https://t.co/e6jbpJ9FUm,2,FINANCE
Bank Indonesia : The Republic of Indonesia Issues USD4.3 Billion Notes through SEC-Registe... #BankIndonesia… https://t.co/P1FoVdlj2k,2,FINANCE
Biggest Australia bond rally since 2014 drives Japan funds away https://t.co/pLW1wUlwXp,2,FINANCE
Bond ETFs for Those Focused On Resurgence in Inflation,2,FINANCE
"Bond Investors Are Back, Even in Indonesia -- 2nd Update #taux #MarketScreener https://t.co/SU92cPOAcs https://t.co/5qO73S1lBu",2,FINANCE
Bond Investors Fume at Price Talk Some Call ‘Bait and Switch’,2,FINANCE
Bond market is focal point of trade war for RBC’s Schaffrik https://t.co/pQGooWUYKv https://t.co/Npcbn0U7n5,2,FINANCE
Brian Chappatta on Trade Doubts in the Bond Market (Podcast),2,FINANCE
Carlisle Companies Extends $1 Billion Credit Facility,2,FINANCE
Castor Maritime : Announces $11.0 Million Senior Secured Debt Financing #CastorMaritime #Stock #MarketScreener… https://t.co/PupuXX3092,2,FINANCE
"Charlie McElligott: ""The Bull Market In Bonds Is Back On"" https://t.co/FM82vt9cdR",2,FINANCE
China Readies U.S. Dollar Bond Sale #taux #MarketScreener https://t.co/MslZWeTVsV https://t.co/evVAdVGS3l,2,FINANCE
"China’s massive pile of soured debt is set to get even bigger, giving foreign investors more opportunities to try t… https://t.co/VN3uJaVj6G",2,FINANCE
China’s special-purpose bonds fall short of Beijing’s ambitions https://t.co/IXGXtZ70AX,2,FINANCE
Citigroup analysts are standing apart from the Wall Street pack by predicting that the municipal-bond rally may be… https://t.co/dhCPNKuct9,2,FINANCE
Citigroup Announces $1.5 Billion Redemption of 2.450% Notes due 2020 and $1 Billion Redemption of Floating Rate Not… https://t.co/LtGAkFbGv8,2,FINANCE
Commercial paper outstanding – a measure of short-term promissory notes issued primarily by corporations – decrease… https://t.co/oldk9Gvw7b,2,FINANCE
CommScope redeeming $100M in 5% notes,2,FINANCE
Compass Minerals to offer $500M senior notes due 2027,2,FINANCE
Corporate leverage all time high https://t.co/2nZy750rrG,2,FINANCE
Dozens of Chinese companies have defaulted on debt obligations even after Beijing launched one of the largest state-… https://t.co/UKyJtLOKLi,2,FINANCE
DPW reaches agreement with a family office to resolve debt previously in default,2,FINANCE
"Dreams For A Bond Selloff Are ""Shattering Like Cybertruck Windows"" https://t.co/SGbzBLJt28",2,FINANCE
Eskom Yields Fall as Restructure Chief Says Debt Plan Days Away,2,FINANCE
External Commercial Borrowings More Than Doubles At $50 Billion In Two Years,2,FINANCE
Foreign Bondholders Join Lebanese Debt Restructuring Chorus,2,FINANCE
Ghana is selling the longest-dated Eurobond ever issued by a sub-Saharan African government https://t.co/1QouiAlBs1,2,FINANCE
Ghana plans to use $1 billion of newly raised cash to restructure debts with power generators https://t.co/zPnfMcQaPi,2,FINANCE
"Goldman Sachs's ""baby bear market"" call on bonds is a little silly https://t.co/MOBeWxoNG9 via @bopinion",2,FINANCE
Goldman’s ‘Baby Bear Market’ Hides a Mundane Call on Bonds,2,FINANCE
Hercules Capital starts two-part $120M notes offering,2,FINANCE
iHeartMedia announces private offering of senior secured notes due 2028,2,FINANCE
India’s ECB-Like Move to Inject Cash Stokes Short-Term Bonds,2,FINANCE
Indonesia sells Asia's first 50-year dollar bond to fight pandemic https://t.co/HSBDioxRGc https://t.co/82tVKQHUxw,2,FINANCE
"Indonesia sold $4.3 billion of bonds, including one it won't pay off for 50 years https://t.co/YsELWjzMli",2,FINANCE
Indonesia’s Reserves Jump to Near Record on Bond Sales,2,FINANCE
Japan considers issuing 50-year bonds to support yields,2,FINANCE
Junk bond scare is rising: 'No one cares. People are buying everything',2,FINANCE
Keurig Dr Pepper : Refinances to Extend Maturities #KeurigDrPepper #Stock #MarketScreener https://t.co/9sQ4dBOwGF https://t.co/i5svmH7mW3,2,FINANCE
Landsbankinn hf.: Covered bond offering results #Stock #MarketScreener https://t.co/Ahht83fGld https://t.co/aQA3ArFyAk,2,FINANCE
London Stock Exchange : Notice Regarding Contemplated Redemption of Notes #LondonStockExchange #Stock… https://t.co/UPXKZvW5er,2,FINANCE
March 2020 Yield Curve Update. https://t.co/HUDUTYwscm #trading #stocks #finance,2,FINANCE
Mattel Brings Back Aborted Bond Deal and Doubles Offering Size,2,FINANCE
Mortgage investors seeks Congress help for guarantee in mortgage-finance companies’ debt https://t.co/tdPruwCIzP,2,FINANCE
"Mortgage Loan Rates Dipped Last Week, Refinancings Dropped",2,FINANCE
MSCI private notes offering rises to $500M,2,FINANCE
MSCI proposes $250M add-on notes offering,2,FINANCE
Nasdaq prices 600M of 0.875% senior notes,2,FINANCE
PAR Technology Corporation Announces Pricing of Upsized $105 Million Offering of Convertible Senior Notes,2,FINANCE
QEP Resources Completes Redemption of Its 6.8% Senior Notes Due 2020  https://t.co/IiLYzqpUDu,2,FINANCE
Roche to buy back up to $2B of debt,2,FINANCE
Sberbank of Russia : arranges issue of structured bonds worth RUB1 bn on commercial real e... #SberbankRossii… https://t.co/6hlc3fsrDF,2,FINANCE
Security Federal Corporation Completes Private Placement of $30 Million of Subordinated Notes  https://t.co/fKavM3pHEn,2,FINANCE
Senior Africans propose 'standstill' on eurobond debt payments https://t.co/ZjfS6zOBPg,2,FINANCE
Soaring bond yields drive states and cities to buy back their own debt https://t.co/pVbp1ZX88P,2,FINANCE
States struggling with highest credit card debt? Trump’s South https://t.co/K1HR5rj8i1 by @SibileTV https://t.co/jFPxfLNasy,2,FINANCE
"Tailing, Mediocre 10Y Auction Prices At Lowest Yield On Record  https://t.co/TwZz4GQV2K",2,FINANCE
Teva prices upsized $2.1B debt offering,2,FINANCE
The Green Organic Dutchman Declares $41.7 Million Senior Secured Credit Facility,2,FINANCE
The operator of Istanbul's giant new airport is in talks with Chinese and Gulf lenders to refinance $6.2 billion of… https://t.co/UPZptgjiCC,2,FINANCE
The U.S. Treasury Department sets the stage for 20-year bond reboot to start in May https://t.co/yoSkd0YvHs,2,FINANCE
Toyota Credit Selling Year's First U.S. Company Green Bond,2,FINANCE
"Treasury Inversion Is Not About the U.S., It Is About the Whole World",2,FINANCE
Treasury Sets Stage for 20-Year Bond Reboot to Start in May,2,FINANCE
Treasury yields retreat as solid bond sale underlines appetite for debt https://t.co/RW9YcAwyZc,2,FINANCE
Treasury yields see whipsaw trading after January jobs report,2,FINANCE
"Two key regulators are holding off on easing Wall Street debt limits, leaving billions of dollars locked up that co… https://t.co/5zt7KEvjNG",2,FINANCE
U.S. Bonds Are A Tactical Short. https://t.co/pK5Mo7Qxt0 #investing #markets #stocks,2,FINANCE
U.S. Junk Bond Rally Will Be More Muted in 2020 After 13.5% Year,2,FINANCE
"U.S. Treasury liquidity on the mend, but without Fed remains fragile #economy #MarketScreener… https://t.co/7ln9zZHPwN",2,FINANCE
UKDMO UK Regulatory Announcement: Issue of Debt https://t.co/NFYxKNlKdM https://t.co/KpBYsXN3wZ,2,FINANCE
UKDMO UK Regulatory Announcement: Issue of Debt https://t.co/TCEYgrFHqN https://t.co/cj2P2GwXSp,2,FINANCE
"Virtu reprices $1.925B term loan, enters floating-to-fixed rate swap",2,FINANCE
Virtu Reprices Senior Secured First Lien Term Loan Lower and Enters into a Floating to Fixed Interest Rate Swap  https://t.co/gCJ9P0avns,2,FINANCE
Walgreens Boots Alliance : Enters Into $500 Million Credit Agreement #WalgreensBootsAlliance #Stock #MarketScreener… https://t.co/Pl5VSdcudR,2,FINANCE
WeWork Bonds Stumble to New Lows After Review,2,FINANCE
Wynn Resorts Announces Private Offering of $350 million of Wynn Resorts Finance Senior Notes due 2025… https://t.co/APEzFQKa7L,2,FINANCE
"Wynn, NCR deals a sign of yet more risk returning to bond market #Stock #MarketScreener https://t.co/7xIzve6vmr https://t.co/uMqpFRmRBo",2,FINANCE
"No Dates Set for Argentine Debt Talks, IMF Spokesman Says",2,FINANCE
China willing to work bilaterally with low-income countries on debt challenges - Chinese official #economy… https://t.co/S6H9Owq1ZF,2,FINANCE
Fed's bond-buying injecting hope of reprieve to 'fragile' $18 trillion Treasurys market https://t.co/1ypl8QOiqN,2,FINANCE
"US households now hold more than $14 trillion of debt, a new record, the New York Federal Reserve said this week. https://t.co/X7aI3MNdSU",2,FINANCE
"$AHC - A. H. Belo halves dividend, cuts capital spending to below $1M https://t.co/Umq8VBgJaZ",0,FINANCE
$AIF - Apollo Tactical Income Fund cuts dividend by 9% https://t.co/BvblFTtyWK,0,FINANCE
$APA - Apache: Recently Slashed Dividend May Never Stage A Comeback. https://t.co/bVEPm79fIY #economy #markets #stocks,0,FINANCE
$CLR: Continental Resources announces suspension of quarterly dividend; global crude oil and product demand is... https://t.co/fRZIBBW5Mg,0,FINANCE
$DDF - Delaware Investments Dividend & Income Fund cuts dividend by 10% https://t.co/lIwkfTlVT9,0,FINANCE
$DEX - Delaware Enhanced Global Dividend & Income Fund cuts dividend by 7% https://t.co/HsCEtA92wa,0,FINANCE
"$M (+0.2% pre) Macy's may have just signaled a dividend cut - Brian Sozzi

https://t.co/tDGkehqg9i",0,FINANCE
$OVV - Ovintiv: Anticipating A Dividend Cut. https://t.co/iVzfRgmEEj #stocks #finance #trading         ,0,FINANCE
Boeing supplier Spirit cuts dividend to increase liquidity,0,FINANCE
Boeing supplier Spirit slashes dividend due to 737 MAX crisis,0,FINANCE
GFT Technologies : suspends forecast for the current financial year and reviews dividend p... #GFTTechnologies… https://t.co/xRG1yaFxxE,0,FINANCE
$AEL: American Equity Investment Life increases annual cash dividend to $0.30/share from $0.28/share https://t.co/xXAcIhgee4,1,FINANCE
Abbott Labs raises quarterly dividend by 12.5% to 36 cents a share,1,FINANCE
AT&T $T says 'it has a strong cash position' and will continue to pay a quarterly dividend.  https://t.co/VjFTjHqash,1,FINANCE
AT&T is raising its quarterly dividend to 52 cents a share,1,FINANCE
At*&T raises quarterly dividend by 2% to 52 cents a share,1,FINANCE
Dunkin' Brands lifts dividend and buyback as 2020 outlook shy of estimates,1,FINANCE
"First Bancorp increases dividend, boosts stock buyback program",1,FINANCE
HollyFrontier raises dividend by 6% to 35 cents a share,1,FINANCE
Merck to raise quarterly dividend by 11% to 61 cents a share,1,FINANCE
New York Times board raises quarterly dividend to 6 cents a share vs. 5 cents,1,FINANCE
"OneMain plans to boost dividend, pay special dividends",1,FINANCE
Six Flags raises quarterly dividend by a penny to 83 cents a share,1,FINANCE
$AEL - American Equity declares $0.30 dividend https://t.co/ggKzSYVcPy,2,FINANCE
$AMCR - Amcor goes ex-dividend tomorrow https://t.co/X5Ir1jVZE0,2,FINANCE
$AMEN - AMEN Properties declares $20.00 dividend https://t.co/awUxXcYNzc,2,FINANCE
$ARI - Apollo Commercial Real Estate Finance declares $0.46 dividend https://t.co/APMkuIU7bX,2,FINANCE
$ASH - Ashland declares $0.275 dividend https://t.co/bfIwGqZ6FU,2,FINANCE
$AWF - AllianceBernstein Global High Income Fund declares $0.0655 dividend https://t.co/AKkiA6LV9o,2,FINANCE
$AWK - American Water Works declares $0.50 dividend https://t.co/Y0bD5yT9lm,2,FINANCE
$BCC - Boise Cascade declares $0.10 dividend https://t.co/wmgKpPr0ip,2,FINANCE
$BCRH - Blue Capital Reinsurance declares $0.57 dividend https://t.co/UflnUD1h6l,2,FINANCE
$BEPTF $BCHEY - Beach Energy declares AUD 1.00 dividend https://t.co/MuB1agcYQ8,2,FINANCE
$BFIN - BankFinancial declares $0.10 dividend https://t.co/0cEqXfar7n,2,FINANCE
$BFIN - BankFinancial goes ex-dividend tomorrow https://t.co/pWNv3vUdcj,2,FINANCE
$BLKB - Blackbaud declares $0.12 dividend https://t.co/CVwHSLi2n0,2,FINANCE
$BOKF - BOK Financial goes ex-dividend tomorrow https://t.co/GwKBOAPDs5,2,FINANCE
$BRX - Brixmor Property declares $0.285 dividend https://t.co/VIkJsccs4w,2,FINANCE
$COENF $COENY - Contact Energy declares NZ$0.16 dividend https://t.co/GEVTIaeZ9u,2,FINANCE
$CSBB - CSB Bancorp declares $0.28 dividend https://t.co/AD5F1rjPr3,2,FINANCE
$DHF - BNY Mellon High Yield Strategies Fund declares $0.0215 dividend https://t.co/AH81aIYEqb,2,FINANCE
$DHR - Danaher Corporation declares $0.17 dividend https://t.co/GqRhZOcCbi,2,FINANCE
$DSWL - Deswell Industries goes ex-dividend tomorrow https://t.co/J9brt9z18J,2,FINANCE
$EAD - Wells Fargo Advantage Income Opportunities Fund declares $0.05902 dividend https://t.co/eBm2yz9vwA,2,FINANCE
$EFF - Eaton Vance Floating-Rate Income Plus Fund declares $0.0850 dividend https://t.co/62gm6crBAR,2,FINANCE
$EFT - Eaton Vance Floating Rate Income Trust declares $0.0840 dividend https://t.co/miXZBRkoIq,2,FINANCE
$ENX - Eaton Vance New York Municipal Bond Fund declares $0.039 dividend https://t.co/AqYx8FBZ7D,2,FINANCE
$EOD - Wells Fargo Advantage Global Dividend Opportunity Fund declares $0.14525 dividend https://t.co/e6SSlB3rhn,2,FINANCE
$EOT - Eaton Vance National Municipal Opportunities Trust declares $0.0717 dividend https://t.co/kUxYJKU9f1,2,FINANCE
$ERH - Wells Fargo Advantage Utilities&High Income Fund declares $0.07922 dividend https://t.co/hXxt6kFyAC,2,FINANCE
$ETX - Eaton Vance Municipal Income Term Trust declares $0.0709 dividend https://t.co/dRqMs6urTb,2,FINANCE
$EVV - Eaton Vance Limited Duration Income Fund declares $0.10 dividend https://t.co/csbS3hnef1,2,FINANCE
$EXP - Eagle Materials declares $0.10 dividend https://t.co/dDmFghmIrA,2,FINANCE
$FGB - First Trust Specialty Finance&Financial Opportunities Fund declares $0.135 dividend https://t.co/n2NZfcESuD,2,FINANCE
$FMN - Federated Premier Municipal Income Fund declares $0.05 dividend https://t.co/h3rT8c1GvI,2,FINANCE
$FRG - Franchise Group declares $0.25 dividend https://t.co/Z41i1F5gWK,2,FINANCE
$FRT - Federal REIT declares $1.05 dividend https://t.co/ZvqDW26Gql,2,FINANCE
$GGG - Graco declares $0.175 dividend https://t.co/CnVQGoLytT,2,FINANCE
$GOVB - Gouverneur Bancorp declares $0.17 dividend https://t.co/Zlr3d7SXnr,2,FINANCE
"$HP - Helmerich & Payne: Dividend Safety Improving, Although Concerns Remain. Read more: https://t.co/vQv7uA4Vnp… https://t.co/O2CjjBd9Di",2,FINANCE
$INT - World Fuel declares $0.10 dividend https://t.co/vVR9ZbfG2e,2,FINANCE
$IPPLF - Inter Pipeline declares CAD 0.1425 dividend https://t.co/58SRq3PCMV,2,FINANCE
$ITRN - Ituran Location declares $0.24 dividend https://t.co/2rH15WFA9G,2,FINANCE
$KRC - Kilroy Realty declares $0.485 dividend https://t.co/j41SnuFU9Y,2,FINANCE
$LMNX - Luminex declares $0.09 dividend https://t.co/GOeFg51Eu0,2,FINANCE
$MCCHF - McChip Resources declares C$0.02 dividend https://t.co/FtHfNGnyZj,2,FINANCE
$MFD - Macquarie/First Trust Global Infrastructure/Utilities Dividend & Income Fund declares $0.25 dividend https://t.co/JHZJcgjzBV,2,FINANCE
$MTSC - MTS Systems declares $0.30 dividend https://t.co/QRVl05IT61,2,FINANCE
$NESRF - Northern Star Resources declares AUD 0.075 dividend https://t.co/TD3Ui38CeD,2,FINANCE
$NFBK - Northfield Bancorp goes ex-dividend tomorrow https://t.co/70ays5HGbl,2,FINANCE
$NWIN - NorthWest Indiana Bancorp declares $0.31 dividend https://t.co/RYAVAjTIUY,2,FINANCE
$NWXPF - Newport Exploration Ltd. declares CAD 0.01 dividend https://t.co/Pxx7QAzDVr,2,FINANCE
$OHI - Omega Healthcare Investors' Risky Dividend Strategy. Read more and sign up for updates:… https://t.co/twcBF9yGlN,2,FINANCE
$OMF - OneMain Holdings declares $0.33 dividend https://t.co/oKi59e9lLe,2,FINANCE
$PCH - Potlatch declares $0.40 dividend https://t.co/5wdextZ4Ke,2,FINANCE
$PEP - PepsiCo declares $0.955 dividend https://t.co/EoWLvxBD1T,2,FINANCE
$PINE - Alpine Income Property Trust declares $0.058 dividend https://t.co/kgZ2yJIN39,2,FINANCE
$POL - PolyOne declares $0.2025 dividend https://t.co/GvENRbisJO,2,FINANCE
$PSCF - Invesco S&P SmallCap Financials ETF declares $0.47 dividend https://t.co/YverZnfDT0,2,FINANCE
$PSEC - Prospect Capital declares $0.06 dividend https://t.co/Jiz2vIKZdM,2,FINANCE
$PVH - Phillips-Van Heusen goes ex-dividend tomorrow https://t.co/URPn152p3W,2,FINANCE
$R - Assessing If Ryder System's Dividend Is Sustainable. https://t.co/IgYQNhMWuX #trading #stocks #economy,2,FINANCE
$RVRA - Riviera Resources declares $4.25 dividend https://t.co/oY2rLSWQlN,2,FINANCE
$SHBI - Shore Bancshares declares $0.12 dividend https://t.co/9xENtM3PmM,2,FINANCE
$SHO - Sunstone Hotel declares $0.57 dividend https://t.co/19sIQuQsJJ,2,FINANCE
$SIRZF - SIR Royalty Income Fund declares CAD 0.0875 dividend https://t.co/VGtn9hulFq,2,FINANCE
$SLB - Schlumberger goes ex-dividend tomorrow https://t.co/U8kx1yoehB,2,FINANCE
$SLCA - U.S. Silica Holdings declares $0.02 dividend https://t.co/wPSnID2UJ5,2,FINANCE
$SLF - Sun Life Financial goes ex-dividend tomorrow https://t.co/7IaFK66cQR,2,FINANCE
$SNDR - Schneider National declares $0.065 dividend https://t.co/EFYnWA1ydf,2,FINANCE
$SOR - Source Capital declares $0.25 dividend https://t.co/112pQyzJpo,2,FINANCE
$THQ - Tekla Healthcare Opportunities Fund declares $0.1125 dividend https://t.co/471CDaKOE2,2,FINANCE
$TXRH - Texas Roadhouse declares $0.30 dividend https://t.co/54tmS0jkFJ,2,FINANCE
$UGI - UGI declares $0.325 dividend https://t.co/plTGuAy6h1,2,FINANCE
$USLM - United States Lime & Minerals declares $5.35 dividend https://t.co/uUDXPnpKzC,2,FINANCE
$VAM - Vivaldi Opp Shs Opportunities Fund declares $0.11642 dividend https://t.co/zRKg8wg3AU,2,FINANCE
$WHG - Westwood increases stock buyback while slashing dividend https://t.co/TpTNpyeer3,2,FINANCE
$WRK - WestRock declares $0.465 dividend https://t.co/qyFdr7xFA1,2,FINANCE
Acorn Capital Investment Fund : Dividend Reinvestment Plan #AcornCapitalInvestmentFund #Stock #MarketScreener… https://t.co/FfOkazYlu2,2,FINANCE
ADTRAN declares $0.09 dividend,2,FINANCE
Advanced Drainage Systems Announces Quarterly Cash Dividend,2,FINANCE
Advanced Drainage Systems declares $0.09 dividend,2,FINANCE
Advanced Emissions Solutions declares $0.25 dividend,2,FINANCE
Amcor goes ex-dividend tomorrow,2,FINANCE
AMEN Properties declares $20.00 dividend,2,FINANCE
Apache declares $0.25 dividend,2,FINANCE
Arch Coal declares $0.50 dividend,2,FINANCE
Bancorp 34 declares $0.05 dividend,2,FINANCE
Barings Corporate Investors declares $0.30 dividend,2,FINANCE
Barings Participation Investors declares $0.27 dividend,2,FINANCE
Baxter declares $0.22 dividend,2,FINANCE
BGC Partners declares $0.14 dividend,2,FINANCE
BlackRock declares $3.30 dividend,2,FINANCE
Boise Cascade declares $0.10 dividend,2,FINANCE
BOK Financial goes ex-dividend tomorrow,2,FINANCE
Brigham Minerals goes ex-dividend tomorrow,2,FINANCE
Brixmor Property declares $0.285 dividend,2,FINANCE
Chemtrade Logistics Income Fund declares CAD 0.10 dividend,2,FINANCE
Chicken Soup for the Soul Entertainment Series A Cumu Perp Red Prfd Stk declares $0.2031 dividend,2,FINANCE
Cineplex declares CAD 0.15 dividend,2,FINANCE
"Clipper Realty Inc. (NYSE:CLPR) Is About To Go Ex-Dividend, And It Pays A 1.0% Yield",2,FINANCE
Clorox declares $1.06 dividend,2,FINANCE
CME declares $0.85 dividend,2,FINANCE
CMUV Bancorp declares $0.08 dividend,2,FINANCE
CNB Community Bancorp declares $0.46 dividend,2,FINANCE
Columbia Property Trust declares $0.21 dividend,2,FINANCE
Cominar Real Estate Investment Trust declares CAD 0.06 dividend,2,FINANCE
Community Healthcare declares $0.4175 dividend,2,FINANCE
Constellation Brands goes ex-dividend on Monday,2,FINANCE
Crombie Reit declares $0.07417 dividend,2,FINANCE
Cross Timbers Royalty Trust declares $0.0621 dividend,2,FINANCE
Deswell Industries goes ex-dividend tomorrow,2,FINANCE
Digital Realty Trust declares $1.08 dividend,2,FINANCE
"Digital Realty Trust, 5.850% Cum Red Pfd Series K declares $0.365625 dividend",2,FINANCE
"Digital Realty Trust, Inc. 5.250% PFD SER J declares $0.328125 dividend",2,FINANCE
"Digital Realty Trust, Inc. PFD SER G 5.875% declares $0.367188 dividend",2,FINANCE
Dividend 15 Split Corp IIA declares CAD 0.10 dividend,2,FINANCE
"Dividend Increases: November 18-22, 2019. Read more: https://t.co/xr8xAK9qRg #finance #stocks #stockmarket",2,FINANCE
Dunkin' Brands Group declares $0.4025 dividend,2,FINANCE
Eagle Growth and Income Opportunities declares $0.08 dividend,2,FINANCE
Eagle Materials Declares Quarterly Dividend,2,FINANCE
Ebix declares $0.075 dividend,2,FINANCE
Estee Lauder declares $0.48 dividend,2,FINANCE
Extended Stay America goes ex-dividend tomorrow,2,FINANCE
Federal REIT declares $1.05 dividend,2,FINANCE
Federated Premier Municipal Income Fund declares $0.05 dividend,2,FINANCE
Financial 15 Split declares CAD 0.1257 dividend,2,FINANCE
First Capital declares $0.24 dividend,2,FINANCE
First Choice declares $0.25 dividend,2,FINANCE
First Trust Specialty Finance&Financial Opportunities Fund declares $0.135 dividend,2,FINANCE
Franklin Limited Duration Income Trust declares $0.0839 dividend,2,FINANCE
"FRIEDMAN INDUSTRIES, INCORPORATED ANNOUNCES CASH DIVIDEND  https://t.co/aExIvn2taL",2,FINANCE
General Mills declares $0.49 dividend,2,FINANCE
Genuine Parts Company declares $0.7625 dividend,2,FINANCE
GlobalSCAPE declares $3.35 special dividend,2,FINANCE
Goldman Sachs MLP and Energy Renaissance Fund declares $0.16 dividend,2,FINANCE
GS MLP Income Opportunities Fund declares $0.21 dividend,2,FINANCE
Hammond Power Solutions declares CAD 0.07 dividend,2,FINANCE
Hanesbrands declares $0.15 dividend,2,FINANCE
Harvest Capital Credit declares $0.08 dividend,2,FINANCE
Hawaiian Electric goes ex-dividend tomorrow,2,FINANCE
InfraCap REIT Preferred ETF declares $0.12 dividend,2,FINANCE
IntercontinentalExchange declares $0.30 dividend,2,FINANCE
Interpublic Group of Companies declares $0.235 dividend,2,FINANCE
ItaÃƒÂº Unibanco S A : Payment of Dividends and Interest on Capital  #Stock #MarketScreener https://t.co/sfvlaXYEJV https://t.co/TSbbMl9D6M,2,FINANCE
Just 4 Days Before Silicon Motion Technology Corporation (NASDAQ:SIMO) Will Be Trading Ex-Dividend,2,FINANCE
Kaman declares $0.20 dividend,2,FINANCE
KKR Income Opportunities Fund declares $0.125 dividend,2,FINANCE
Knight-Swift Transportation declares $0.08 dividend,2,FINANCE
Kohl's declares $0.67 dividend,2,FINANCE
Louisiana-Pacific declares $0.145 dividend,2,FINANCE
M&T Bank declares $1.10 dividend,2,FINANCE
Mackinac Financial declares $0.14 dividend,2,FINANCE
Mannatech declares $0.125 dividend,2,FINANCE
Marine Petroleum Trust declares $0.0488 dividend,2,FINANCE
McChip Resources declares C$0.02 dividend,2,FINANCE
Merck declares $0.61 dividend,2,FINANCE
Mesa Royalty Trust declares $0.036724557 dividend,2,FINANCE
Meta Financial declares $0.05 dividend,2,FINANCE
Middlefield Banc declares $0.15 dividend,2,FINANCE
Morneau Shepell declares CAD 0.065 dividend,2,FINANCE
New York Times declares $0.06 dividend,2,FINANCE
Nielsen goes ex-dividend tomorrow,2,FINANCE
Norsk Hydro declares NOK1.25 dividend,2,FINANCE
Northern Star Resources declares AUD 0.075 dividend,2,FINANCE
Nuveen AMT-Free Quality Municipal Income Fund declares $0.0117 dividend,2,FINANCE
Nuveen Maryland Premium Income Municipal Fund declares $0.044 dividend,2,FINANCE
Nuveen Michigan Quality Income Municipal Fund declares $0.0445 dividend,2,FINANCE
Nuveen Minnesota Quality Municipal Income Fund declares $0.049 dividend,2,FINANCE
Nuveen Virginia Quality Municipal Income Fund declares $0.0445 dividend,2,FINANCE
Oaktree Specialty Lending declares $0.095 dividend,2,FINANCE
Oaktree Strategic Income declares $0.155 dividend,2,FINANCE
Old Dominion Freight Line declares $0.23 dividend,2,FINANCE
Page Industries Limited (NSE:PAGEIND) Stock Goes Ex-Dividend In Just 3 Days,2,FINANCE
Patterson-UTI Energy declares $0.04 dividend,2,FINANCE
Peoples Financial Services declares $0.36 dividend,2,FINANCE
PepsiCo declares $0.955 dividend,2,FINANCE
Permian Basin Royalty Trust declares $0.038987 dividend,2,FINANCE
PermRock Royalty Trust declares $0.0373 dividend,2,FINANCE
Phillips-Van Heusen goes ex-dividend tomorrow,2,FINANCE
PJT Partners declares $0.05 dividend,2,FINANCE
PolyOne declares $0.2025 dividend,2,FINANCE
Public Service declares $0.47 dividend,2,FINANCE
PulteGroup declares $0.12 dividend,2,FINANCE
Ralph Lauren Corporation Declares Quarterly Dividend,2,FINANCE
Richards Packaging Income Fund  declares CAD 0.11 dividend,2,FINANCE
Royal Gold declares $0.28 dividend,2,FINANCE
SmartCentres REIT declares CAD 0.1542 dividend,2,FINANCE
Source Capital declares $0.25 dividend,2,FINANCE
Spirit AeroSystems declares $0.01 dividend,2,FINANCE
Steris declares $0.37 dividend,2,FINANCE
Sun Life Financial goes ex-dividend tomorrow,2,FINANCE
Suncor Energy declares CAD 0.465 dividend,2,FINANCE
Superior Plus declares CAD 0.06 dividend,2,FINANCE
Superior Uniform declares $0.10 dividend,2,FINANCE
Telephone and Data Systems declares $0.165 dividend,2,FINANCE
The Estée Lauder Companies Inc. Declares Quarterly Dividend of $.48 Per Share,2,FINANCE
Timken declares $0.28 dividend,2,FINANCE
Total S.A. declares EUR 0.68 final dividend,2,FINANCE
U.S. Bancorp declares $0.42 dividend,2,FINANCE
U.S. Silica Holdings declares $0.02 dividend,2,FINANCE
United Bancorporation of Alabama declares $0.10 dividend,2,FINANCE
US Bancorp Deposit Shs Repr Non-Cum Perpetual Pfd Shs Series B declares $0.3219 dividend,2,FINANCE
Victory Bancorp declares $0.025 dividend,2,FINANCE
Virtus InfraCap U.S. Preferred Stock ETF declares $0.19 dividend,2,FINANCE
Walker & Dunlop goes ex-dividend tomorrow,2,FINANCE
Waste Management declares $0.5125 dividend,2,FINANCE
Worthington declares $0.24 dividend,2,FINANCE
Xenia Hotels declares $0.275 dividend,2,FINANCE
Xilinx goes ex-dividend on Monday,2,FINANCE
Xylem declares $0.26 dividend,2,FINANCE
"$ACM - AECOM: Given Disappointing Earnings And No M&A News, ACM Is A Trading Sell. https://t.co/0QlOr3sV7h #stockmarket #markets #stocks",0,FINANCE
$SBUX - Starbucks Likely Range Bound After Inconclusive Q4 2019 Earnings. Sign up for updates on Seeking Alpha!… https://t.co/I9CAnlrces,0,FINANCE
3M Stock Is a Toxic Stock After Earnings,0,FINANCE
Conn's did not CONNect on earnings today as comps were weak https://t.co/z6yrORwrby $CONN,0,FINANCE
Exxon and Chevron posted the weakest results in years because of disappointing results in almost all of their busin... https://t.co/GVVcZxePU3,0,FINANCE
Medigene AG Just Missed Earnings With A Surprise Loss - Here Are Analysts Latest Forecasts,0,FINANCE
"Mohawk Industries, Inc.'s (NYSE:MHK) Earnings Dropped -19%, Did Its Industry Show Weakness Too?",0,FINANCE
Not So Happy Holidays for Kohl’s After Earnings,0,FINANCE
"Österreichische Post AG's (VIE:POST) Earnings Dropped -16%, How Did It Fare Against The Industry?",0,FINANCE
Twitter users explain why Kohl's stock just got obliterated after reporting earnings,0,FINANCE
Twitter users explain why Kohl's stock just got obliterated after reporting earnings https://t.co/RnxmSz4Au1 by… https://t.co/F7B1rYCmPf,0,FINANCE
Vitasoy International Holdings Limited Earnings Missed Analyst Estimates: Here's What Analysts Are Forecasting Now,0,FINANCE
$LULU - Market Expects Good Earnings For Lululemon. Keep reading: https://t.co/vG3YYZshzX #economy #stockmarket #investing,1,FINANCE
"$XPO - XPO Logistics tops Q4 earnings view, hires Wyshner as new CFO https://t.co/W9cZlaz0KV",1,FINANCE
AbbVie Reports Estimate-Beating Fourth-Quarter Earnings Results,1,FINANCE
Allergan Reports Fourth-Quarter 2019 Results That Plow Past Expectations,1,FINANCE
Amazon hits $1 trillion on blowout earnings beat what the pros are watching now $AMZN (via @TradingNation) https://t.co/RCmE2HVjcC,1,FINANCE
Amazon's market value tops $1 trillion following the company's strong earnings report  https://t.co/AhgLGqh4nl,1,FINANCE
Amkor Technology (AMKR) Surpasses Q4 Earnings and Revenue Estimates,1,FINANCE
Bristol-Myers earnings rise due to Celgene deal,1,FINANCE
Coca-Cola's Earnings: Outperforming Its Peers,1,FINANCE
CrowdStrike reported better-than-expected fiscal Q3 2020 results yesterday. “We think of ourselves as beyond just a… https://t.co/MyPorIzYlG,1,FINANCE
DaVita HealthCare (DVA) Tops Q4 Earnings Estimates,1,FINANCE
DocuSign signs off on another solid earnings result https://t.co/YYekdVZrug $DOCU,1,FINANCE
Opera Limited Just Beat Earnings Expectations: Here's What Analysts Think Will Happen Next,1,FINANCE
Prospect Capital (PSEC) Meets Q2 Earnings Estimates,1,FINANCE
"Restaurant Brands Int'l tops Q4 estimates, but company not ""clucking"" on all   
cylinders (QSR) https://t.co/wcig05Vmy3 $QSR",1,FINANCE
Results: Digi International Inc. Beat Earnings Expectations And Analysts Now Have New Forecasts,1,FINANCE
Results: Synaptics Incorporated Exceeded Expectations And The Consensus Has Updated Its Estimates,1,FINANCE
Taubman Centers (TCO) Tops Q4 FFO and Revenue Estimates,1,FINANCE
Vista Outdoor Beats Estimates on Improving Firearms Market,1,FINANCE
Why Target Earnings Are Phenomenal,1,FINANCE
 Canada Goose Reports Results for Third Quarter Fiscal 2020,2,FINANCE
$A - Agilent Q4 2019 Earnings Preview https://t.co/vq1J1JWZHB,2,FINANCE
$AKAM - Akamai Q4 2019 Earnings Preview https://t.co/coM9VnoTwQ,2,FINANCE
$AMCR - Amcor 1H 2020 Earnings Preview https://t.co/nMWDLzQhJn,2,FINANCE
$AMEN - AMEN Properties reports Q3 results https://t.co/Slq9e0WkSc,2,FINANCE
$ARKR - Ark Restaurants reports Q1 results https://t.co/pA5RttZp4Y,2,FINANCE
$ASHTF - Ashtead Group PLC's (ASHTF) CEO Brendan Horgan on Q2 2020 Results - Earnings Call Transcript. Subscribe to… https://t.co/DzsUSW8rg9,2,FINANCE
"$BKE - The Buckle, Inc. (BKE) CEO Dennis Nelson on Q3 2019 Results - Earnings Call Transcript. Get more updates her… https://t.co/SpnZXsD2Cd",2,FINANCE
"$BL - BlackLine, Inc. 2019 Q3 - Results - Earnings Call Presentation. Follow this and any other stock on Seeking Al… https://t.co/IGN80h0kEh",2,FINANCE
$BPIRY - Piraeus Bank S.A. (BPIRY) CEO Christos Megalou on Q3 2019 Results - Earnings Call Transcript. Read more:… https://t.co/mYOxjqK3fQ,2,FINANCE
$BPIRY $BPIRD $BPIRF - Piraeus Bank S.A. 2019 Q3 - Results - Earnings Call Presentation. Subscribe to Seeking Alpha… https://t.co/TYqmauxn2S,2,FINANCE
"$BRBR - BellRing Brands, Inc. (BRBR) CEO Darcy Davenport on Q4 2019 Results - Earnings Call Transcript. Read more a… https://t.co/DvmncSF3OI",2,FINANCE
$BRBW - Brunswick Bancorp reports Q4 results https://t.co/wk4uemgiMd,2,FINANCE
$BWAY - Brainsway Ltd. (BWAY) CEO David Zacut on Q3 2019 Results - Earnings Call Transcript. Continue reading:… https://t.co/LfgDeAMECr,2,FINANCE
$BXMT - Blackstone Mortgage Trust Q4 Earnings Preview https://t.co/2QnMnGYB1E,2,FINANCE
$CCRC - China Customer Relations Centers reports 1H results https://t.co/lglj76kyR3,2,FINANCE
$CE - Celanese Corp (CE) CEO Lori Ryerkerk on Q4 2019 Results - Earnings Call Transcript. https://t.co/StWqqqPHTu... https://t.co/qJD3HkIzEo,2,FINANCE
"$CHTR - Charter Communications, Inc. 2019 Q4 - Results - Earnings Call Presentation. https://t.co/bhq3LLp2Io #markets #finance #trading",2,FINANCE
$CNA - CNA Financial Corporation 2019 Q4 - Results - Earnings Call Presentation. https://t.co/gnsEBLNqOp #trading #economy #finance,2,FINANCE
$COENF $COENY - Contact Energy reports 1H results https://t.co/DGrCQG5vNJ,2,FINANCE
"$CONN - Conn's, Inc. 2020 Q3 - Results - Earnings Call Presentation. Read more and sign up for updates:… https://t.co/oX40naqXia",2,FINANCE
$CRTO - Criteo S.A. Q4 2019 Earnings Preview https://t.co/1vo5pEBBfs,2,FINANCE
$CULP - More on Culp's Q2 results https://t.co/EdIwCJK32w,2,FINANCE
$CVX - Chevron Corporation 2019 Q4 - Results - Earnings Call Presentation. https://t.co/KnX6FK9iql #trading #stockmarket #finance,2,FINANCE
"$DCMYY $NTDMF - NTT Docomo, Inc. (DCMYY) on Q3 2019 Results - Earnings Call Transcript. https://t.co/VC2Llx6MgG… https://t.co/wmv2tC4u3Z",2,FINANCE
$DCP - DCP Midstream Q4 Earnings Preview https://t.co/rI5XC0IjgG,2,FINANCE
$DNZOF $DNZOY - Denso reports Q3 results https://t.co/ppxyqJSIY8,2,FINANCE
$DO - Diamond Offshore Drilling Inc. (DO) CEO Marc Edwards on Q4 2019 Results - Earnings Call Transcript.… https://t.co/vEAKAtyady,2,FINANCE
$DO - Diamond Offshore: Q4 2019 Earnings And Fleet Status Report Analysis. https://t.co/x1f9ZcqA1v #business #stocks #investing,2,FINANCE
"$DOMO - Domo, Inc. (DOMO) CEO Josh James on Q3 2020 Results - Earnings Call Transcript. Continue reading:… https://t.co/tsF1E3NOu3",2,FINANCE
"$DXLG - Destination XL Group, Inc. (DXLG) CEO Harvey Kanter on Q3 2019 Results - Earnings Call Transcript. Read mor… https://t.co/mKWMebKyjD",2,FINANCE
$ELTP - Elite Pharmaceuticals reports Q3 results https://t.co/fGSlNu45PD,2,FINANCE
$ENZ - Enzo Biochem reports Q1 results https://t.co/2e8RJ6BXks,2,FINANCE
$EXAS - EXACT Sciences Q4 2019 Earnings Preview https://t.co/BKvBLbTWbJ,2,FINANCE
$EXC - Exelon Q4 2019 Earnings Preview https://t.co/adlCkrsyIa,2,FINANCE
$FFIC - Flushing Financial Corporation (FFIC) CEO John Buran on Q4 2019 Results - Earnings Call Transcript.... https://t.co/G93Ec3q0wA,2,FINANCE
"$FL - Foot Locker, Inc. (FL) CEO Richard Johnson on Q3 2019 Results - Earnings Call Transcript. Continue reading:… https://t.co/q4CT5B2xb9",2,FINANCE
$FLMP - Flame Seal Products&nbsp; reports Q3 results https://t.co/nqZyMmr1Lb,2,FINANCE
$FRAN - Francesca's Holdings Corporation (FRAN) Q3 2019 Results - Earnings Call Transcript. Get more updates here:… https://t.co/zaK0iQ10G8,2,FINANCE
"$GEC - Great Elm Capital Group, Inc. (GEC) CEO Peter Reed on Q2 2020 Results - Earnings Call Transcript.… https://t.co/n0DXFRwUcF",2,FINANCE
$GEOS - Geospace Technologies Corporation (GEOS) CEO Rick Wheeler on Q4 2019 Results - Earnings Call Transcript. Co… https://t.co/P3gGg2tEUX,2,FINANCE
$GPS - Assessing If Gap's Earnings Beat Can Launch Shares Higher. Get more info on Seeking Alpha:… https://t.co/gWXJlDmGXU,2,FINANCE
$GT - Goodyear Tire & Rubber Q4 2019 Earnings Preview https://t.co/435GSK0ybQ,2,FINANCE
$HLT - Hilton Worldwide Q4 2019 Earnings Preview https://t.co/g90OWIqPrV,2,FINANCE
$HPE - Hewlett Packard Enterprise Q4 2019 Earnings Preview https://t.co/edNcM1ZoyL,2,FINANCE
"$HTH - Hilltop Holdings, Inc. (HTH) CEO Jeremy Ford on Q4 2019 Results - Earnings Call Transcript.... https://t.co/xXYAYCsXLg",2,FINANCE
$IDT - IDT Corporation 2019 Q3 - Results - Earnings Call Presentation. Subscribe to Seeking Alpha for more:… https://t.co/t6s9f2vATU,2,FINANCE
"$IESC - IES Holdings, Inc. 2019 Q4 - Results - Earnings Call Presentation. Follow this and any other stock on Seeki… https://t.co/vgFgOd2BRC",2,FINANCE
$IGC - India Globalization Capital reports Q3 results https://t.co/leY81Yo8Im,2,FINANCE
$INGR - Ingredion Q4 2019 Earnings Preview https://t.co/5CN4AkUiUD,2,FINANCE
$ISVLF - IMPACT Silver reports Q3 results https://t.co/u9op6JwbRB,2,FINANCE
$ITUB - Itau Unibanco reports Q4 results https://t.co/Vhzub2JZFq,2,FINANCE
$ITW - Illinois Tool Works Inc. 2019 Q4 - Results - Earnings Call Presentation. https://t.co/qjlLB9578y #business #stockmarket #trading,2,FINANCE
$IVC - Invacare Corporation 2019 Q4 - Results - Earnings Call Presentation. https://t.co/Am1vTFsiTa #business #trading #finance,2,FINANCE
$JCI - Johnson Controls International plc 2019 Q4 - Results - Earnings Call Presentation. https://t.co/9JpjY6ZVyT... https://t.co/EFozmcxpOa,2,FINANCE
$JEC - Jacobs Engineering Group Inc. 2019 Q4 - Results - Earnings Call Presentation. Sign up for updates on Seeking… https://t.co/76wx5N18v7,2,FINANCE
$JEC - Jacobs Engineering Q4 2019 Earnings Preview https://t.co/ktdTe05cWt,2,FINANCE
$JLL - Jones Lang Lasalle Q4 2019 Earnings Preview https://t.co/IcOiAG4vWH,2,FINANCE
$JOUT - Johnson Outdoors Inc. (JOUT) CEO Helen Johnson-Leipold on Q1 2020 Results - Earnings Call Transcript.... https://t.co/P2zTCJsYcf,2,FINANCE
$JOUT - Johnson Outdoors Inc. (JOUT) CEO Helen Johnson-Leipold on Q4 2019 Results - Earnings Call Transcript. Follo… https://t.co/zO645AeLXI,2,FINANCE
$JUVF - Juniata Valley Financial reports Q4 results https://t.co/wYTgI1ccE1,2,FINANCE
$JWCAF - James E Wagner Cultivation reports Q4 results https://t.co/0RuNNJ9dur,2,FINANCE
$KFFB - Kentucky First Federal Bancorp reports Q1 results https://t.co/FX6RPrQvcT,2,FINANCE
$KLBAY - Klabin S.A. (KLBAY) CEO Cristiano Teixeira on Q4 2019 Results - Earnings Call Transcript.… https://t.co/MaVUWFrm1b,2,FINANCE
$KTPPF - Katipult Technology reports Q3 results https://t.co/BldrfJaJy0,2,FINANCE
"$LITB - LightInTheBox Holding Co., Ltd. (LITB) CEO Jian He on Q3 2019 Results - Earnings Call Transcript. Sign up f… https://t.co/og3mYDA7y2",2,FINANCE
$LIVE - Live Ventures reports FY results https://t.co/CnAl08FDA5,2,FINANCE
$LOGN - Logansport Financial reports FY results https://t.co/QRr1rIOzp4,2,FINANCE
"$LQDT - Liquidity Services, Inc. (LQDT) CEO Bill Angrick on Q4 2019 Results - Earnings Call Transcript. Read more a… https://t.co/eNAf5o0hp4",2,FINANCE
$LRTEF - Lanesborough Real Estate Investment Trust reports Q3 results https://t.co/PARrZN4Ovh,2,FINANCE
$LSCC - Lattice Semiconductor Q4 Earnings Preview https://t.co/JlIlzccfFu,2,FINANCE
$LYFT - Lyft Q4 2019 Earnings Preview https://t.co/L5wp8VZjnZ,2,FINANCE
$MAN - ManpowerGroup Inc. 2019 Q4 - Results - Earnings Call Presentation. https://t.co/pu3a98qlcw #stocks #finance #investing,2,FINANCE
$MAS - Masco Q4 2019 Earnings Preview https://t.co/udUM6KiMYT,2,FINANCE
$MATW - Matthews International Corporation (MATW) CEO Joseph Bartolacci on Q1 2020 Results - Earnings Call Transcri... https://t.co/qgAPkOK63r,2,FINANCE
$MDLNF - Centaurus Energy reports Q3 results https://t.co/ZjalIENFaq,2,FINANCE
$MGDDF - Compagnie GÃƒÂ©nÃƒÂ©rale des Ãƒâ€°tablissements Michelin reports FY results https://t.co/2Ri09vpiOc,2,FINANCE
$MJARF - MJardin Group reports Q3 results https://t.co/1owwKWbUTE,2,FINANCE
$MMYT - MakeMyTrip Q3 2020 Earnings Preview https://t.co/20fDRwWdKl,2,FINANCE
"$MPAA - Motorcar Parts of America, Inc. (MPAA) CEO Selwyn Joffe on Q3 2020 Results - Earnings Call Transcript.… https://t.co/U4Ws1FPtFt",2,FINANCE
$MRLN - Marlin Business Services Corp. (MRLN) CEO Jeff Hilzinger on Q4 2019 Results - Earnings Call Transcript.... https://t.co/FKhxTotwyn,2,FINANCE
$NESRF $NHRNY - Northern Star Resources reports 1H results https://t.co/lXlaALdzXs,2,FINANCE
$NM - Navios Maritime Holdings Inc. 2019 Q3 - Results - Earnings Call Presentation. Continue reading:… https://t.co/kxOtkBSmFw,2,FINANCE
$NM - Navios Maritime reports Q3 results https://t.co/SvlqrTs9Wq,2,FINANCE
$NTNX - Nutanix Q1 2020 Earnings Preview https://t.co/vJFHtoIEH1,2,FINANCE
$NUGS - Cannabis Strategic Ventures reports Q2 results https://t.co/3oqlSEjs3m,2,FINANCE
$NVO $NONOF - Novo Nordisk A/S 2019 Q4 - Results - Earnings Call Presentation. https://t.co/zKmyziH4Xg #finance #investing #business,2,FINANCE
"$NYCB - New York Community Bancorp, Inc. 2019 Q4 - Results - Earnings Call Presentation. https://t.co/wXqi8TCrS7 #business #markets #finance",2,FINANCE
"$OKTA - Okta, Inc. (OKTA) CEO Todd McKinnon on Q3 2020 Results - Earnings Call Transcript. Read more:… https://t.co/SkcCRSQTGI",2,FINANCE
"$OKTA - Okta, Inc. 2020 Q3 - Results - Earnings Call Presentation. Subscribe to Seeking Alpha for more:… https://t.co/JShKmdSTJ5",2,FINANCE
$ONDK - OnDeck Capital Q4 2019 Earnings Preview https://t.co/hIN45Q7wRI,2,FINANCE
$OPXS - Optex Systems Holdings reports Q1 results https://t.co/Ns6y09FqSD,2,FINANCE
$OTTW - Ottawa Savings Bancorp reports Q4 results https://t.co/3Zg4633Iff,2,FINANCE
"$PD - PagerDuty, Inc. (PD) CEO Jennifer Tejada on Q3 2020 Results - Earnings Call Transcript. Get more updates here… https://t.co/XzWKTWTrRk",2,FINANCE
$PEAK - Healthpeak Properties Q4 Earnings Preview https://t.co/T6Srtu0I0j,2,FINANCE
"$PHR - Phreesia, Inc. (PHR) CEO Chaim Indig on Q3 2020 Results - Earnings Call Transcript. Get more updates here:… https://t.co/uqRww6R1sF",2,FINANCE
$PIPR - Piper Sandler Companies (PIPR) CEO Chad Abraham on Q4 2019 Results - Earnings Call Transcript.... https://t.co/NWjzIorGVT,2,FINANCE
$PNNT - PennantPark Investment's (PNNT) CEO Art Penn on Q4 2019 Results - Earnings Call Transcript. Get more info o… https://t.co/CBeG6lJRGw,2,FINANCE
$PREKF - Prairiesky Royalty reports Q4 results https://t.co/Bs0O5QMHo9,2,FINANCE
$PRI - Primerica Q4 2019 Earnings Preview https://t.co/DOLPm6gGki,2,FINANCE
$PROSY $PROSF - Prosus N.V. 2020 Q2 - Results - Earnings Call Presentation. Keep reading: https://t.co/vbvV19xsPV… https://t.co/Bb2gAWDkUc,2,FINANCE
$PTOZF - Plato Gold reports Q3 results https://t.co/3YUY5dXUOk,2,FINANCE
$PVG - Pretium Resources Q4 2019 Earnings Preview https://t.co/OVxJegx0zA,2,FINANCE
$RMR - The RMR Group Inc. (RMR) CEO Adam Portnoy on Q4 2019 Results - Earnings Call Transcript. Continue reading:… https://t.co/b3afpuHMD7,2,FINANCE
$SEE - Sealed Air Q4 2019 Earnings Preview https://t.co/YTyryqPuwW,2,FINANCE
$SJM - The J. M. Smucker Company 2019 Q2 - Results - Earnings Call Presentation. Get more info on Seeking Alpha:… https://t.co/T6Qjirn2N4,2,FINANCE
$SOL - ReneSola Ltd 2019 Q3 - Results - Earnings Call Presentation. Keep reading: https://t.co/UyX9TmRvsQ #markets #finance #economy,2,FINANCE
$SQNS - Sequans Communications S.A. (SQNS) CEO Georges Karam on Q4 2019 Results - Earnings Call Transcript.…Â https://t.co/Gowb7wv4QM,2,FINANCE
$ST - Sensata Technologies Q4 2019 Earnings Preview https://t.co/TA4X2PNtgq,2,FINANCE
$STMP - https://t.co/wOfhBECRjc Inc. 2019 Q3 - Results - Earnings Call Presentation. Get more updates here:… https://t.co/goFXNQ6vEb,2,FINANCE
$SUMRX: Earnings Out Next Week https://t.co/XuQiwG02aI,2,FINANCE
$SUMRX: Earnings Out This Afternoon/Tomorrow Morning https://t.co/B2W4dNxP3t,2,FINANCE
"$TBBK - Bancorp, Inc. (TBBK) CEO Damian Kozlowski on Q4 2019 Results - Earnings Call Transcript.... https://t.co/ORnVCSrAvN",2,FINANCE
$TFIFF - TFI International reports Q4 results https://t.co/N3CdlrHVzk,2,FINANCE
$TGH - Textainer Group Holdings Q4 2019 Earnings Preview https://t.co/QLltw7YV5t,2,FINANCE
$TGNA - TEGNA Q4 2019 Earnings Preview https://t.co/bT6mu0WSeg,2,FINANCE
$TOMZ - TOMI Environmental Solutions reports Q3 results https://t.co/QIkYqnVgBd,2,FINANCE
$TRAUF - Transurban Group reports 1H results https://t.co/H5ULsdHRGr,2,FINANCE
$USFD - US Foods Q4 2019 Earnings Preview https://t.co/bBrEejXdYb,2,FINANCE
$VNOM - Viper Energy Q4 2019 Earnings Preview https://t.co/eLKwaPXolo,2,FINANCE
$VREX - Varex Imaging Q1 2020 Earnings Preview https://t.co/AWMo0muWZd,2,FINANCE
"$VRNS - Varonis Systems, Inc. 2019 Q4 - Results - Earnings Call Presentation. https://t.co/nyoAzUyvoP #finance #stockmarket #economy",2,FINANCE
$WU - Western Union Q4 2019 Earnings Preview https://t.co/peFQmNJdnG,2,FINANCE
$ZUMZ - Zumiez Inc. (ZUMZ) CEO Rick Brooks on Q3 2019 Results - Earnings Call Transcript. Follow this and any other… https://t.co/SJCTkjffBY,2,FINANCE
4 Things to Look For When General Mills Reports Earnings,2,FINANCE
A Preview Of Philip Morris Intl's Q4 Earnings,2,FINANCE
AbbVie Wows Again With Q4 Results,2,FINANCE
ADM Tronics Unlimited reports Q2 results,2,FINANCE
Advantego reports Q3 results,2,FINANCE
"AG Mortgage Investment Trust, Inc. Schedules Fourth Quarter 2019 Earnings Release and Conference Call",2,FINANCE
AGCO Reports Fourth Quarter Results,2,FINANCE
Akbank T.A.S. reports Q4 results,2,FINANCE
Aker Solutions ASA reports Q4 results,2,FINANCE
Albany International Reports Fourth-Quarter 2019 Results,2,FINANCE
Alnylam Pharmaceuticals Reports Fourth Quarter and Full Year 2019 Financial Results and Highlights Recent Period Activity,2,FINANCE
Alpha Bank reports Q3 results,2,FINANCE
Alpine 4 Technologies reports Q3 results,2,FINANCE
Ambarella's Q3 Earnings Preview,2,FINANCE
American Resources reports Q3 results,2,FINANCE
"American Water Announces 10 Year Capital Spending Plan, Sets Long Term Growth Targets and Announces 2020 Earnings G… https://t.co/4g2Cerj27y",2,FINANCE
Amkor Technology Reports Financial Results for the Fourth Quarter and Full Year 2019,2,FINANCE
APi Group Corporation reports Q3 results,2,FINANCE
Ark Restaurants : Announces Financial Results for the First Quarter of 2020play_arrow #ArkRestaurants #Stock… https://t.co/LwVSGfNQ47,2,FINANCE
Ark Restaurants Announces Financial Results for the First Quarter of 2020,2,FINANCE
Arrow Electronics Reports Fourth-Quarter and Year-End 2019 Results,2,FINANCE
Atico Mining reports Q3 results,2,FINANCE
AU Optronics reports Q4 results,2,FINANCE
AutoNation Q4 2019 Earnings Preview,2,FINANCE
Azrieli Group ADR reports Q3 results,2,FINANCE
Babcock International Group reports 1H results,2,FINANCE
Banca Monte dei Paschi di Siena S.p.A. reports FY results,2,FINANCE
Beach Energy reports 1H results,2,FINANCE
BergenBio reports Q3 results,2,FINANCE
BioSyent reports Q3 results,2,FINANCE
Bioteq Environmental Technologies reports Q3 results,2,FINANCE
Bonal International reports Q2 results,2,FINANCE
Brighthouse Financial Announces Fourth Quarter and Full Year 2019 Results,2,FINANCE
"BrightView Reports First Quarter Fiscal 2020 Results, Reaffirms Full Year Fiscal 2020 Guidance",2,FINANCE
Bristol-Myers Squibb Reports Fourth Quarter and Full Year Financial Results for 2019,2,FINANCE
Can Lowe’s Recapture Lost Ground from Home Depot with Earnings?,2,FINANCE
Canaccord Genuity reports Q3 results,2,FINANCE
Cancer Genetics reports Q3 results,2,FINANCE
Cannabis Sativa reports Q3 results,2,FINANCE
Cardiff Lexington Corporation reports Q3 results,2,FINANCE
Cedar Realty Trust Inc (CDR) Q4 2019 Earnings Call Transcript,2,FINANCE
Cellect Biotechnology reports Q3 results,2,FINANCE
Celyad reports Q3 results,2,FINANCE
"Central European Media Enterprises Ltd. Reports Results for the Full Year and Fourth Quarter Ended December 31, 2019",2,FINANCE
Central European Media reports Q4 results,2,FINANCE
Ciner Resources LP : to Release 4th Quarter and Year... #CinerResourcesLP #Stock #MarketScreener… https://t.co/TAxaiXilQn,2,FINANCE
CNA Financial Corp (CNA) Q4 2019 Earnings Call Transcript,2,FINANCE
CNFinance reports Q3 results,2,FINANCE
Coloplast ASB reports Q1 results,2,FINANCE
Columbia Sportswear Company Reports Fourth Quarter and Record Full Year 2019 Financial Results; Provides 2020 Financial Outlook,2,FINANCE
"Commonwealth Bank of Australia : Capital, Margins in Focus -- Earnings Preview #CommonwealthBankofAustralia #Stock… https://t.co/L8gy222ZI6",2,FINANCE
Compass Minerals Reports Fourth-Quarter and Full-Year Results,2,FINANCE
Contact Energy reports 1H results,2,FINANCE
Cordy Oilfield Services reports Q3 results,2,FINANCE
Core Molding reports Q3 results,2,FINANCE
CoreSite Reports Fourth Quarter 2019 Financial Results,2,FINANCE
Credicorp reports Q4 results,2,FINANCE
Cubic Energy reports Q3 results,2,FINANCE
Dassault Systemes reports Q4 results,2,FINANCE
Deluxe Reports Fourth Quarter 2019 Results and Record Full Year Revenue,2,FINANCE
Did IDEX Corporation's (NYSE:IEX) Recent Earnings Growth Beat The Trend?,2,FINANCE
DNB ASA reports Q4 results,2,FINANCE
Do FDC's (NSE:FDC) Earnings Warrant Your Attention?,2,FINANCE
Domtar Corporation Reports Preliminary Fourth Quarter and Fiscal Year 2019 Financial Results,2,FINANCE
Donaldson to Webcast Second Quarter 2020 Earnings Conference Call,2,FINANCE
Eagle Point Income Company reports Q3 results,2,FINANCE
Earnings Preview: What To Expect From Home Depot On Tuesday,2,FINANCE
Earnings Preview: What To Expect From Macy’s On Thursday,2,FINANCE
"Earnings Scheduled For December 12, 2019",2,FINANCE
Edited Transcript of 2882.TW earnings conference call or presentation 18-Nov-19 9:00am GMT,2,FINANCE
Edited Transcript of 8766.T earnings conference call or presentation 19-Nov-19 7:00am GMT,2,FINANCE
Edited Transcript of ABEO earnings conference call or presentation 13-Nov-19 3:00pm GMT,2,FINANCE
Edited Transcript of ADN.TO earnings conference call or presentation 31-Oct-19 5:00pm GMT,2,FINANCE
Edited Transcript of AKBA earnings conference call or presentation 12-Nov-19 2:00pm GMT,2,FINANCE
Edited Transcript of ALIM earnings conference call or presentation 30-Oct-19 1:00pm GMT,2,FINANCE
Edited Transcript of ALPHA.AT earnings conference call or presentation 19-Nov-19 4:30pm GMT,2,FINANCE
Edited Transcript of AMK.N earnings conference call or presentation 5-Nov-19 10:00pm GMT,2,FINANCE
Edited Transcript of APT.AX earnings conference call or presentation 28-Aug-19 12:30am GMT,2,FINANCE
Edited Transcript of ARWR earnings conference call or presentation 5-Feb-20 9:30pm GMT,2,FINANCE
Edited Transcript of ASH.N earnings conference call or presentation 19-Nov-19 2:00pm GMT,2,FINANCE
Edited Transcript of ASND earnings conference call or presentation 18-Nov-19 9:30pm GMT,2,FINANCE
Edited Transcript of ASPN earnings conference call or presentation 31-Oct-19 9:00pm GMT,2,FINANCE
Edited Transcript of ATKR earnings conference call or presentation 22-Nov-19 1:00pm GMT,2,FINANCE
Edited Transcript of BDX earnings conference call or presentation 6-Feb-20 1:00pm GMT,2,FINANCE
Edited Transcript of BMY earnings conference call or presentation 31-Oct-19 12:30pm GMT,2,FINANCE
Edited Transcript of BREW earnings conference call or presentation 13-Nov-19 4:30pm GMT,2,FINANCE
Edited Transcript of CB earnings conference call or presentation 5-Feb-20 1:30pm GMT,2,FINANCE
Edited Transcript of CNO earnings conference call or presentation 6-Nov-19 4:00pm GMT,2,FINANCE
Edited Transcript of CPA earnings conference call or presentation 14-Nov-19 4:00pm GMT,2,FINANCE
Edited Transcript of CSL earnings conference call or presentation 6-Feb-20 10:00pm GMT,2,FINANCE
Edited Transcript of CTK.N earnings conference call or presentation 18-Nov-19 1:00pm GMT,2,FINANCE
Edited Transcript of CTSH earnings conference call or presentation 5-Feb-20 10:00pm GMT,2,FINANCE
Edited Transcript of DCM.TO earnings conference call or presentation 18-Nov-19 4:00pm GMT,2,FINANCE
Edited Transcript of DSSI.N earnings conference call or presentation 13-Nov-19 1:00pm GMT,2,FINANCE
Edited Transcript of EKTA B.ST earnings conference call or presentation 15-Nov-19 10:00am GMT,2,FINANCE
Edited Transcript of EROS earnings conference call or presentation 15-Nov-19 1:30pm GMT,2,FINANCE
Edited Transcript of ESE earnings conference call or presentation 19-Nov-19 10:00pm GMT,2,FINANCE
Edited Transcript of ESI.TO earnings conference call or presentation 12-Nov-19 9:00pm GMT,2,FINANCE
Edited Transcript of ESTE earnings conference call or presentation 7-Nov-19 5:00pm GMT,2,FINANCE
Edited Transcript of FCR.TO earnings conference call or presentation 6-Nov-19 7:00pm GMT,2,FINANCE
Edited Transcript of FHER3.SA earnings conference call or presentation 13-Nov-19 3:00pm GMT,2,FINANCE
Edited Transcript of FTT.TO earnings conference call or presentation 5-Nov-19 4:00pm GMT,2,FINANCE
Edited Transcript of GFF earnings conference call or presentation 13-Nov-19 9:30pm GMT,2,FINANCE
Edited Transcript of GGAL.BA earnings conference call or presentation 12-Nov-19 4:00pm GMT,2,FINANCE
Edited Transcript of GLOG earnings conference call or presentation 6-Feb-20 1:30pm GMT,2,FINANCE
Edited Transcript of GLUU earnings conference call or presentation 5-Feb-20 10:00pm GMT,2,FINANCE
Edited Transcript of GSK.L earnings conference call or presentation 5-Feb-20 2:00pm GMT,2,FINANCE
Edited Transcript of GTS earnings conference call or presentation 7-Nov-19 1:30pm GMT,2,FINANCE
Edited Transcript of GTX.N earnings conference call or presentation 8-Nov-19 1:30pm GMT,2,FINANCE
Edited Transcript of HI earnings conference call or presentation 14-Nov-19 1:00pm GMT,2,FINANCE
Edited Transcript of ICON earnings conference call or presentation 12-Nov-19 10:00pm GMT,2,FINANCE
Edited Transcript of IWSY earnings conference call or presentation 12-Nov-19 9:30pm GMT,2,FINANCE
Edited Transcript of JKS earnings conference call or presentation 19-Nov-19 12:30pm GMT,2,FINANCE
Edited Transcript of KWR earnings conference call or presentation 13-Nov-19 1:30pm GMT,2,FINANCE
Edited Transcript of LEE earnings conference call or presentation 12-Dec-19 3:00pm GMT,2,FINANCE
Edited Transcript of LEVE3.SA earnings conference call or presentation 18-Nov-19 3:00pm GMT,2,FINANCE
Edited Transcript of LINC earnings conference call or presentation 14-Nov-19 3:00pm GMT,2,FINANCE
Edited Transcript of LXP earnings conference call or presentation 6-Nov-19 1:30pm GMT,2,FINANCE
Edited Transcript of MAC earnings conference call or presentation 6-Feb-20 6:00pm GMT,2,FINANCE
Edited Transcript of MANU earnings conference call or presentation 18-Nov-19 1:00pm GMT,2,FINANCE
Edited Transcript of MFA earnings conference call or presentation 6-Nov-19 3:00pm GMT,2,FINANCE
Edited Transcript of MGP earnings conference call or presentation 5-Nov-19 5:30pm GMT,2,FINANCE
Edited Transcript of MMS earnings conference call or presentation 19-Nov-19 2:00pm GMT,2,FINANCE
Edited Transcript of MSG earnings conference call or presentation 8-Nov-19 3:00pm GMT,2,FINANCE
Edited Transcript of NANO.OL earnings conference call or presentation 19-Nov-19 7:30am GMT,2,FINANCE
Edited Transcript of NCM.AX earnings conference call or presentation 16-Aug-19 12:00am GMT,2,FINANCE
Edited Transcript of NE earnings conference call or presentation 31-Oct-19 1:00pm GMT,2,FINANCE
Edited Transcript of NEW.N earnings conference call or presentation 18-Nov-19 1:00pm GMT,2,FINANCE
Edited Transcript of NG.L earnings conference call or presentation 14-Nov-19 9:15am GMT,2,FINANCE
Edited Transcript of NGVC earnings conference call or presentation 14-Nov-19 9:30pm GMT,2,FINANCE
Edited Transcript of NHI earnings conference call or presentation 7-Nov-19 5:00pm GMT,2,FINANCE
Edited Transcript of NSPR earnings conference call or presentation 12-Nov-19 1:30pm GMT,2,FINANCE
Edited Transcript of NTR.TO earnings conference call or presentation 5-Nov-19 3:00pm GMT,2,FINANCE
Edited Transcript of NVMI earnings conference call or presentation 7-Nov-19 2:00pm GMT,2,FINANCE
Edited Transcript of NVU.UN.TO earnings conference call or presentation 8-Nov-19 7:00pm GMT,2,FINANCE
Edited Transcript of OHL.MC earnings conference call or presentation 14-Nov-19 5:00pm GMT,2,FINANCE
Edited Transcript of OTEL earnings conference call or presentation 6-Nov-19 4:30pm GMT,2,FINANCE
Edited Transcript of PIRS earnings conference call or presentation 11-Nov-19 1:00pm GMT,2,FINANCE
Edited Transcript of PLZ.UN.TO earnings conference call or presentation 7-Nov-19 7:00pm GMT,2,FINANCE
Edited Transcript of PPC earnings conference call or presentation 31-Oct-19 1:00pm GMT,2,FINANCE
Edited Transcript of PRI earnings conference call or presentation 7-Nov-19 3:00pm GMT,2,FINANCE
Edited Transcript of PROS.N earnings conference call or presentation 7-Nov-19 3:00pm GMT,2,FINANCE
Edited Transcript of PTN earnings conference call or presentation 13-Nov-19 4:00pm GMT,2,FINANCE
Edited Transcript of RLGT earnings conference call or presentation 12-Nov-19 9:30pm GMT,2,FINANCE
Edited Transcript of RRR earnings conference call or presentation 4-Feb-20 9:30pm GMT,2,FINANCE
Edited Transcript of SBPH earnings conference call or presentation 11-Nov-19 9:30pm GMT,2,FINANCE
Edited Transcript of SGLB earnings conference call or presentation 14-Nov-19 9:30pm GMT,2,FINANCE
Edited Transcript of SLF.TO earnings conference call or presentation 7-Nov-19 3:00pm GMT,2,FINANCE
Edited Transcript of TDG earnings conference call or presentation 19-Nov-19 4:00pm GMT,2,FINANCE
Edited Transcript of TIPT earnings conference call or presentation 7-Nov-19 2:00pm GMT,2,FINANCE
Edited Transcript of TWOU earnings conference call or presentation 6-Feb-20 9:30pm GMT,2,FINANCE
Edited Transcript of VK.PA earnings conference call or presentation 14-Nov-19 5:30pm GMT,2,FINANCE
Edited Transcript of VLA.PA earnings conference call or presentation 31-Oct-19 1:00pm GMT,2,FINANCE
Edited Transcript of VNET earnings conference call or presentation 19-Nov-19 1:00am GMT,2,FINANCE
Edited Transcript of YGYI earnings conference call or presentation 18-Nov-19 9:15pm GMT,2,FINANCE
Edited Transcript of YRD earnings conference call or presentation 15-Nov-19 12:00am GMT,2,FINANCE
Edited Transcript of ZNGA earnings conference call or presentation 5-Feb-20 9:30pm GMT,2,FINANCE
Edited Transcript of ZTO.N earnings conference call or presentation 19-Nov-19 1:00am GMT,2,FINANCE
eDreams ODIGEO S.A. reports Q2 results,2,FINANCE
Elite Pharmaceuticals reports Q3 results,2,FINANCE
Ellington Residential Mortgage REIT Reports Fourth Quarter 2019 Results,2,FINANCE
Eltek reports Q3 results,2,FINANCE
"EMCOR Group, Inc. Fourth Quarter Conference Call to Be Broadcast Over the Internet",2,FINANCE
Encision reports Q3 results,2,FINANCE
Endonovo Therapeutics reports Q3 results,2,FINANCE
Energy & Environmental Services reports Q3 results,2,FINANCE
"Entercom Communications to Report 2019 Fourth Quarter Financial Results, Host Conference Call on February 25",2,FINANCE
Everest Re Group Reports Full Year and Fourth Quarter 2019 Results,2,FINANCE
Exxe Group reports Q2 results,2,FINANCE
FalconStor Software reports Q3 results,2,FINANCE
First Savings Financial reports Q1 results,2,FINANCE
"FLIR Systems to Release Fourth Quarter and Full Year 2019 Financial Results on Thursday, February 27, 2020",2,FINANCE
Fortum Oyj reports Q4 results,2,FINANCE
Friendly Hills Bank reports FY results,2,FINANCE
Gilat Satellite reports Q3 results,2,FINANCE
Gorman-Rupp Reports Fourth Quarter and Full-Year 2019 Financial Results,2,FINANCE
GrafTech Reports Unaudited Full Year and Fourth Quarter 2019 Results,2,FINANCE
Grom Social Enterprises reports Q3 results,2,FINANCE
Grupo Aval Acciones y Valores S.A. reports Q3 results,2,FINANCE
GTX reports Q3 results,2,FINANCE
Havilah Resources : Quarterly Activities & Cashflow Reports - Ending 31/10/19 #HavilahResources #Stock… https://t.co/LaPh5EuvzI,2,FINANCE
Healthpeak Properties Q4 Earnings Preview,2,FINANCE
HEICO Q4 2019 Earnings Preview,2,FINANCE
Here's What to Like About Lannett's Q2 Earnings Results,2,FINANCE
Hexagon AB (publ) (STO:HEXA B): Should The Recent Earnings Drop Worry You?,2,FINANCE
Hilton Worldwide Q4 2019 Earnings Preview,2,FINANCE
Idorsia reports Q4 results,2,FINANCE
"IGC Reports Financial Results for the Quarter Ended December 31, 2019",2,FINANCE
IMPACT Silver reports Q3 results,2,FINANCE
India Globalization Capital reports Q3 results,2,FINANCE
ING Groep reports Q4 results,2,FINANCE
"Ingles Markets, Incorporated Reports Sales and Net Income for First Quarter Fiscal 2020",2,FINANCE
Innerscope Hearing Technologies reports Q3 results,2,FINANCE
Innovest Global reports Q3 results,2,FINANCE
International Isotopes reports Q3 results,2,FINANCE
Internet Gold reports Q3 results,2,FINANCE
Itau Unibanco reports Q4 results,2,FINANCE
Item 9 Labs reports Q4 results,2,FINANCE
J2 Global Reports Fourth Quarter and Year End 2019 Results and Provides 2020 Outlook,2,FINANCE
Japan Tobacco reports FY results,2,FINANCE
"Jumia to Announce Fourth Quarter and Full Year 2019 Results on February 25, 2020",2,FINANCE
Just Energy Group Inc (JE) Q3 2020 Earnings Call Transcript,2,FINANCE
Kala Pharmaceuticals to Report Fourth Quarter and Full Year 2019 Financial Results and Host Conference Call,2,FINANCE
Kentucky First Federal Bancorp Releases Earnings  https://t.co/PnRPHfyNwU,2,FINANCE
Kinnevik Investment ABB reports Q4 results,2,FINANCE
Klabin reports Q4 results,2,FINANCE
KonaTel reports Q3 results,2,FINANCE
Konecranes reports Q4 results,2,FINANCE
KT Corporation reports Q4 results,2,FINANCE
Lattice Semiconductor Q4 Earnings Preview,2,FINANCE
"Lawson Products, Inc. to Report Fourth Quarter 2019 Financial Results",2,FINANCE
Lee reports Q4 results,2,FINANCE
Live Ventures reports FY results,2,FINANCE
LiveWorld reports Q3 results,2,FINANCE
"Logansport Financial Corp. Reports Earnings for the Three and Twelve Months Ended December 31, 2019  https://t.co/x3JcYjmxkS",2,FINANCE
Magal Security reports Q3 results,2,FINANCE
MakeMyTrip Q3 2020 Earnings Preview,2,FINANCE
Manchester United Plc Announces Second Quarter Fiscal 2020 Earnings Report Date,2,FINANCE
"Marcus & Millichap, Inc. to Report Fourth Quarter 2019 Financial Results on Thursday, February 20, 2020",2,FINANCE
Martin Marietta Materials Q4 2019 Earnings Preview,2,FINANCE
MAXIMUS Reports Fiscal Year 2020 First Quarter Results,2,FINANCE
MediaTek reports Q4 results,2,FINANCE
Molina Healthcare Reports Fourth Quarter and Year-End 2019 Financial Results,2,FINANCE
More on Worthington Q2 earnings,2,FINANCE
mPhase Technologies reports Q1 results,2,FINANCE
"MSC Industrial Direct Co., Inc. (NYSE:MSM): Should The Recent Earnings Drop Worry You?",2,FINANCE
Nathan's Famous reports Q3 results,2,FINANCE
Navios Maritime Acquisition reports Q4 results,2,FINANCE
Navios Maritime reports Q3 results,2,FINANCE
Neste Oyj reports Q4 results,2,FINANCE
NeuroVive Pharmaceutical AB reports Q3 results,2,FINANCE
New Jersey Resources Reports First Quarter Fiscal 2020 Results,2,FINANCE
New Residential Investment Corp. Announces Fourth Quarter and Full Year 2019 Results,2,FINANCE
Newgioco reports Q3 results,2,FINANCE
Nexus REIT reports Q3 results,2,FINANCE
NGL Energy Partners LP Announces Record Third Quarter Fiscal 2020 Financial Results,2,FINANCE
NICE Provides Dial-in Details for Its Fourth Quarter and Full Year 2019 Results Teleconference,2,FINANCE
Nicholas Financial reports Q3 results,2,FINANCE
Nike earnings preview: what investors should watch,2,FINANCE
Nippon Telegraph and Telephone Corporation reports Q3 results,2,FINANCE
NMC Health Plc (LON:NMC): Has Recent Earnings Growth Beaten Long-Term Trend?,2,FINANCE
Nordea Bank AB ADR reports Q4 results,2,FINANCE
Nordic Semiconductor ASA reports Q4 results,2,FINANCE
Northern Star Resources reports 1H results,2,FINANCE
Old Dominion Freight Line Reports Fourth Quarter 2019 Earnings Per Diluted Share Of $1.80,2,FINANCE
Omnicom Q4 2019 Earnings Preview,2,FINANCE
OMV Aktiengesellschaft reports Q4 results,2,FINANCE
"OneMain Holdings, Inc. Reports Fourth Quarter 2019 Results",2,FINANCE
OSRAM Licht AG reports Q1 results,2,FINANCE
Ottawa Savings Bancorp reports Q4 results,2,FINANCE
Outotec Oyj reports Q4 results,2,FINANCE
"Owens & Minor will Report Fourth Quarter & Full Year 2019 Financial Results on Wednesday, March 4, 2020",2,FINANCE
Panoro Energy ASA reports Q3 results,2,FINANCE
PetroTal reports Q3 results,2,FINANCE
Phathom Pharmaceuticals Reports Third Quarter 2019 Financial Results and Provides Corporate Update,2,FINANCE
Philip Morris International Inc. Reports 2019 Fourth-Quarter & Full-Year Results,2,FINANCE
PJT Partners Inc. Reports Full Year and Fourth Quarter 2019 Results,2,FINANCE
"Premium Earnings 2-10-20: Mercadolibre and Under Armour, on the blog and here https://t.co/XccXiIk8le",2,FINANCE
Pretium Resources Q4 2019 Earnings Preview,2,FINANCE
Protolabs Reports Financial Results for the Fourth Quarter and Full Year 2019,2,FINANCE
Public Joint Stock Company Gazprom Neft reports Q3 results,2,FINANCE
PURE Bioscience Reports Fiscal 2020 Q1 Financial Results,2,FINANCE
Puxin reports Q3 results,2,FINANCE
Q1 Earnings Outlook For Tyson Foods,2,FINANCE
Q1 Earnings Preview For Palo Alto Networks,2,FINANCE
Q3 Earnings Outlook For TJX Companies,2,FINANCE
RedHawk reports Q1 results,2,FINANCE
Reminder: Altice USA to Hold Conference Call to Discuss Q4 and Full Year 2019 Results,2,FINANCE
RingCentral : Q4 2019 Earnings Presentation #RingCentral #Stock #MarketScreener https://t.co/GA95YZmZ6f https://t.co/ZQ1KQ4GaIz,2,FINANCE
RingCentral Announces Fourth Quarter 2019 Results,2,FINANCE
RRD to Announce Fourth Quarter Results on February 25th and Host a Conference Call on February 26th,2,FINANCE
Saab AB reports Q4 results,2,FINANCE
Sampo Oyj reports Q4 results,2,FINANCE
Securitas AB reports Q4 results,2,FINANCE
Security National reports Q3 results,2,FINANCE
Singing Machine reports Q2 results,2,FINANCE
Sirius XM Holdings Inc. Just Released Its Annual Earnings: Here's What Analysts Think,2,FINANCE
SK Telecom reports FY results,2,FINANCE
Skanska AB reports Q4 results,2,FINANCE
Sonoco Products Company (NYSE:SON): Has Recent Earnings Growth Beaten Long-Term Trend?,2,FINANCE
Sonova Holding AG reports 1H results,2,FINANCE
Spectacular Solar reports Q3 results,2,FINANCE
Strauss reports Q3 results,2,FINANCE
Superior Gold reports Q3 results,2,FINANCE
Swisscom AG reports Q4 results,2,FINANCE
SWK Holdings reports Q3 results,2,FINANCE
Taronis Technologies reports Q3 results,2,FINANCE
Teekay Offshore Partners L.P. (TOO) Q4 2019 Earnings Call Transcript,2,FINANCE
Tennant Company to Webcast Fourth Quarter Conference Call,2,FINANCE
TerrAscend reports Q3 results,2,FINANCE
Terumo reports 9M results,2,FINANCE
The Good Business Portfolio: 2019 3rd Quarter Earnings And Performance Review. Read more: https://t.co/9WKWX8bl6Y… https://t.co/AZRuZIp4as,2,FINANCE
The New York Times Company Reports 2019 Fourth-Quarter and Full-Year Results and Announces Dividend Increase,2,FINANCE
Titanium reports Q3 results,2,FINANCE
TOMI Environmental Solutions reports Q3 results,2,FINANCE
Top Earnings Mon 11/25 Aft: $A $AMBA $ARWR $BECN $CAL $HPE $MNR $MTSC $NAT $NTNX $PANW $PVH $SR,2,FINANCE
Top Earnings Tu 11/26 Pre: $ADI $AMWD $ANF $BBY $BITA $BNS $BURL $CBRL $CHS $CTRN $DCIX $DKS $DLTR $DY $ESLT $EV… https://t.co/EJqBKFvyrT,2,FINANCE
Tornado Global Hydrovacs reports Q3 results,2,FINANCE
Total: Fourth Quarter and Full-year 2019 Results,2,FINANCE
ToughBuilt Industries reports Q3 results,2,FINANCE
Transat reports Q4 results,2,FINANCE
Transurban Group reports 1H results,2,FINANCE
U.S. Xpress Enterprises Reports Fourth Quarter 2019 Results,2,FINANCE
Ubiquiti Inc. Reports Second Quarter Fiscal 2020 Financial Results,2,FINANCE
Umicore reports FY results,2,FINANCE
UniCredito Spa reports Q4 results,2,FINANCE
United Insurance Holdings Corp. Schedules 2019 Fourth Quarter and Year End Financial Results and Conference Call,2,FINANCE
United Utilities Group reports 1H results,2,FINANCE
Universal Security Instruments reports Q2 results,2,FINANCE
Upcoming #earnings reports https://t.co/iuOOhFSK6t $JEC $A $AMBA $BECN $CAL $GBDC $HPE $MTSC $NTNX $PANW $PVH $SR… https://t.co/6QBMgOkBiv,2,FINANCE
Urovant Sciences to Report 2019 Third Fiscal Quarter Financial Results,2,FINANCE
Vallourec S.A. Just Released Its Third-Quarter Earnings: Here's What Analysts Think,2,FINANCE
Vans parent VF Corp. to update FY20 outlook on Q4 conference call,2,FINANCE
Vecima Networks reports Q2 results,2,FINANCE
Vecima Reports Q2 Fiscal 2020 Results,2,FINANCE
Viper Energy Q4 2019 Earnings Preview,2,FINANCE
Vir Biotechnology reports Q3 results,2,FINANCE
Wereldhave N.V. reports Q4 results,2,FINANCE
Weston George reports Q3 results,2,FINANCE
What to expect in FedEx 2Q 2020 results,2,FINANCE
Xylem Reports Fourth Quarter and Full-year 2019 Earnings,2,FINANCE
Yara International reports Q4 results,2,FINANCE
$UNG $UGAZ $DGAZ - Natural gas sinks 5% to near four-year lows https://t.co/U80UHz81yR,0,FINANCE
"$USO $XLE $OIL - Oil slides amid output uncertainty, forecast for big Cushing stockpile gain https://t.co/1EV0cQBSx6",0,FINANCE
A global glut of LNG might force U.S. export plants to go idle https://t.co/X6YbpYenvU,0,FINANCE
API data show a 6 million-barrel weekly rise in U.S. crude supply: sources,0,FINANCE
"API data show a roughly 6 million-barrel weekly rise in U.S. crude stocks, sources say",0,FINANCE
Berry Petroleum's stock plunges to 2-year low after California prohibits using steam to extract oil,0,FINANCE
Commodity Chaos Deepens as China LNG Buyer Invokes Force Majeure,0,FINANCE
Coronavirus Hits Oil's Weakest Credits Hardest,0,FINANCE
Crude Holds Below $50 as OPEC Dithers Over Virus Response,0,FINANCE
"Dec. WTI oil at $55.12/bbl in electronic trade, down from $55.21 Nymex settlement",0,FINANCE
"Dec. WTI oil down $1.84, or 3.2%, to settle at $55.21/bbl",0,FINANCE
"EIA forecasts U.S. shale oil output to climb by 49,000 barrels a day in December",0,FINANCE
Energy Down As Oil Rally Stalls -- Energy Roundup #economy #MarketScreener https://t.co/voxopjD76f https://t.co/Gy8cJl9dT4,0,FINANCE
Energy Down With Energy Futures -- Energy Roundup #NYMEX #Stock #MarketScreener https://t.co/AlnK94i4ml https://t.co/NTsVYzzi6e,0,FINANCE
"Energy names lag on lower commodity prices for oil, gas",0,FINANCE
Goldman's Currie Sees Worst Oil Demand Shock in a Decade,0,FINANCE
"Industrial goods, oil, gas get slammed as China coronavirus slashes demand",0,FINANCE
Investors line up against Mizuho support for coal https://t.co/17Y4zoF1op https://t.co/7KmeGZ6oNl,0,FINANCE
"March WTI oil continues its decline, down 49 cents, or 1%, at $50.46/bbl",0,FINANCE
Mine Delays in China Are Buttressing Beleaguered Coal Bulls,0,FINANCE
"Nat gas prices plunge on milder weather, ample supplies",0,FINANCE
Natural gas futures tumble 5% and are poised to close at a nearly 4-year low,0,FINANCE
Natural Gas Price Fundamental Daily Forecast – Early Weakness as Forecasts Indicate Return to Seasonal Temperatures,0,FINANCE
Natural Gas Price Prediction – Prices Tumble on Warm Weather Forecast,0,FINANCE
Natural gas production in the U.S. is expected to drop by the fastest pace ever next year https://t.co/2n0o5cGvOf,0,FINANCE
Oil Bankruptcies Are Reaching Worrying Levels,0,FINANCE
Oil Begins To Move Lower – Will Our Predictions Come True?,0,FINANCE
Oil Dips as China Concern On Impeachment Adds Another Twist To Trade Deal,0,FINANCE
Oil ends at its lowest level in more than a year as U.S. prices sink below $50 https://t.co/RcsR6VD6eg,0,FINANCE
Oil futures finish lower after posting 2 consecutive weekly gains,0,FINANCE
Oil majors cut 2020 spending by 22% after prices slump #CNOOC #Stock #MarketScreener https://t.co/clKmFZv2hP https://t.co/JHMTUiqx0U,0,FINANCE
Oil prices fall but hold near three-month high on trade deal agreement,0,FINANCE
"Oil prices fell Monday, paring some of their recent rebound after a virtual summit for producers to discuss supply… https://t.co/2RHm8CWP5G",0,FINANCE
Oil resumes decline as investors monitor back-and-forth trade talks https://t.co/r4osnZxz0s,0,FINANCE
Oil slides as Russia reportedly may not seek deeper cuts at OPEC meeting,0,FINANCE
Oil slips as concerns over U.S.-China trade talks drag on,0,FINANCE
Oil slips but holds near 2-month high as looming OPEC meeting expected to yield deeper cuts https://t.co/aYzVtRXGu2,0,FINANCE
Oil trades at 3-month low https://t.co/6F8tuUZLyb,0,FINANCE
Oil tumbles as U.S. gasoline supplies rise by most since January https://t.co/t07uydxG2K via @business https://t.co/FpfskYKqZM,0,FINANCE
"Oil, copper remain well below peaks hit in mid-April, a sign investors remain skeptical about demand without an ove… https://t.co/eo4QwjdSqy",0,FINANCE
"OPEC and Russia have postponed a meeting to discuss #oil output cuts until April 9, sparking a price drop in overni… https://t.co/Akkcwcdv1d",0,FINANCE
OPEC+ deal is much weaker than it looks,0,FINANCE
Rising Short Interest Has Primed The Pumps For A Reversal In Energy ETFs. https://t.co/a1vhrYjPvB #business #investing #markets,0,FINANCE
Shale gas producers have a lot of problems. Count hog manure and chicken guts among them. https://t.co/tAbbumYJj5,0,FINANCE
Shale's Debt-Fueled Drilling Boom Is Coming To An End https://t.co/aCnoTpFlvt,0,FINANCE
Stock Market Update: Energy sector down nearly 3% this week,0,FINANCE
Stock Market Update: WTI crude falls 3% amid concerns about oversupply,0,FINANCE
Stock Market Update: WTI crude falls back below $50 per barrel,0,FINANCE
Stock Market Update: WTI crude gives back 1% amid nervous-sounding trade headline,0,FINANCE
Stocks Are Going Nowhere as Hope for a China Trade Deal Wavers - Barron's,0,FINANCE
The coronavirus is hitting renewable energy supply chains and could hurt global energy transition https://t.co/p7MP5rTZwA,0,FINANCE
The global oil market is drowning in excess crude as demand plummets. Insights via @CMEGroup https://t.co/JklSJKFfRS,0,FINANCE
Trade Alert - Crude Oil Downside. Read more: https://t.co/oq1RDoKKvI #investing #stockmarket #trading,0,FINANCE
U.S. oil futures mark lowest finish so far this month,0,FINANCE
"US oil prices tumbled 9% to $23.63 a barrel, reflecting nervousness ahead of this week's pivotal OPEC meeting https://t.co/WDUQEdhHtK",0,FINANCE
Why These Top Oil Stocks All Tumbled More Than 10% in January,0,FINANCE
Gas prices could soon drop to 99 cents a gallon in parts of the Midwest https://t.co/6WHMnyNGn6,0,FINANCE
"Oil is down, gold is up. Rates are flashing warnings. But someone forgot to tell stocks https://t.co/7ymiUQWP3f",0,FINANCE
$1 gasoline is back -- and it's a terrible sign for the economy https://t.co/4WRKl5WZ4N,0,FINANCE
$1 gasoline is back -- and it's a terrible sign for the economy https://t.co/5vCkppVHOV,0,FINANCE
$ENB $CVE $IMO - Top Canadian oil producers foresee further cuts https://t.co/HuHcdWnFGd,0,FINANCE
$TLT $TBT $USO - Interest rates and oil carve out new lows as stocks slip https://t.co/8qemzQl6Ze,0,FINANCE
$UNG $CHK $RRC - Natural gas hits the skids on warm winter weather outlook https://t.co/WZRJoML1jT,0,FINANCE
$USO $OIL $UCO - Crude inventories build sharply https://t.co/Ze5rjTzPYv,0,FINANCE
$USO $OIL $UCO - Crude inventory unexpectedly rise https://t.co/IbTo1Js76I,0,FINANCE
"$USO $OIL $UWT - U.S. crude supply rose 6M barrels last week, API says https://t.co/0Qf1RRQIfp",0,FINANCE
$USO US Energy Information Administration.. projects US cuts of 2million BPD of crude oil,0,FINANCE
"$XB1:COM $UGA $PSX - U.S. gasoline futures in freefall, close at all-time lows https://t.co/TAPZU4L0L6",0,FINANCE
$XLE $USO $BNO - Energy extends YTD loss to 15% as oil prices plunge https://t.co/m4VzJmxNUh,0,FINANCE
Abrupt Reversal Of Shale Oil's Fortunes Points To A Radical Reset Of Oil Prices. https://t.co/d0VIc2DVca #finance #markets #trading,0,FINANCE
"Almost 40% of oil and natural gas producers face insolvency within the year if the oil rout persists, a new Federal… https://t.co/8LK2acX5mE",0,FINANCE
Canadian oil shipments are getting snarled once again https://t.co/guijP0gyAR,0,FINANCE
Commodities including crude oil and copper fell on concerns that the coronavirus would pare Chinese demand for raw… https://t.co/YiE5FCEdPo,0,FINANCE
Concern about the spread of the coronavirus has energy stocks falling along with the broader market. @TonyTheStreet… https://t.co/qMg13i1f9F,0,FINANCE
"Cramer sees oil stocks in the 'death knell phase,' says they are the new tobacco https://t.co/6hY7CYl6ob",0,FINANCE
Energy Down Sharply As Depressed Oil Prices Seen Squeezing Shale Producers -- Energy Roundup #economy… https://t.co/X2vlmii7rL,0,FINANCE
Exxon Baton Rouge refinery fire threatens oil demand https://t.co/BwrixR2J8d,0,FINANCE
Falling Oil Prices An Economic Warning Sign | Zero Hedge https://t.co/M57og3233p,0,FINANCE
"For the global oil market, the coronavirus epidemic couldn't have hit a worse place https://t.co/qorAXCKzcT",0,FINANCE
Gasoline futures tumbled 17% to touch 50 cents a gallon for the first time since 2001 https://t.co/VesDJKIBVZ,0,FINANCE
"'Hurricane-force headwinds' pull oil lower, but the losses aren't built to last https://t.co/MijP5GEzWU",0,FINANCE
Jet fuel demand takes a hit as coronavirus leads to travel restrictions https://t.co/F56Q9FWr8E,0,FINANCE
JUST RELEASED: Oil Price Dynamics Report Oil prices fell over the past three weeks owing to decreased demand and… https://t.co/mU3jLoEi1M,0,FINANCE
JUST RELEASED: Oil Price Dynamics Report Oil prices fell over the past week owing to increased supply.… https://t.co/jmRAgMxruU,0,FINANCE
"Lower oil prices typically boost global growth, but the recent decline to an 18-year low will likely provide less s… https://t.co/flxCWZiS0Z",0,FINANCE
Midstream Prices Crash: Maybe We Have Seen This Before. https://t.co/mEWYuQVc20 #business #finance #markets,0,FINANCE
Natural Gas Continues To Dig A Deeper Bottom. https://t.co/QaKv8khDJG #stocks #investing #trading,0,FINANCE
"Oil - If Demand Drops, Exports Drop. https://t.co/avCGaJKAGP #markets #stockmarket #investing",0,FINANCE
"Oil Algos Confused After Huge Crude Build, Record Production, & OPEC Demand Cut | #FreeZeroHedge https://t.co/xuuXUgkjju",0,FINANCE
Oil drops after U.S. inventory data https://t.co/IDCJ372Mjb https://t.co/hSyzKTVifN,0,FINANCE
"Oil falls more than 4%, sliding into bear market territory as coronavirus sparks demand fears https://t.co/E3lDUFByFi",0,FINANCE
"Oil Slips After OPEC, EIA Reports Forecast Robust Supply #WTI #Stock #MarketScreener https://t.co/7JxMiwy1B2 https://t.co/NdB4wBml82",0,FINANCE
"Oil Slips After OPEC, EIA Reports Forecast Robust Supply #WTI #Stock #MarketScreener https://t.co/nGNnPy5ook https://t.co/QMqwCWn5Tm",0,FINANCE
OPEC slashed forecasts for global oil demand as the coronavirus hits fuel use in China https://t.co/j0mzuBmQbk,0,FINANCE
Sales of Latin American oil cargoes to China have ground to a halt this week https://t.co/fTXzryY9Wf,0,FINANCE
Some expect natural gas prices to fall to levels not seen in three years https://t.co/2zAY6thZiD,0,FINANCE
"Stranded tankers, full storage tanks: coronavirus leads to crude glut in China #economy #MarketScreener… https://t.co/2VuXEsk7vM",0,FINANCE
"The coronavirus is a 'black swan' for oil and energy markets, says Ned Davis Research https://t.co/pm0Dv01lGW",0,FINANCE
"The crash in energy prices has hit Norway, Europe's biggest oil producer, forcing it to prop up its currency for th… https://t.co/QGwT3uy5yp",0,FINANCE
The Danger Of Deeper OPEC+ Cuts https://t.co/5LPnGN9n4j,0,FINANCE
"The deepening crisis at debt-ridden Eskom shut down South Africa's key mining industry for 24 hours, hitting gold a… https://t.co/DXHzj6LIkd",0,FINANCE
The resistance levels to watch as oil falls from its highest close in almost 12 weeks https://t.co/bJbf9pxUvs https://t.co/tkFMkH7AOS,0,FINANCE
Tullow Oil: diminishing reserves https://t.co/k73wE7kYpL,0,FINANCE
Two Canadian rail terminal owners are unable to take oil deliveries amid the rail strike https://t.co/2o7PekCcKI,0,FINANCE
U.S. gasoline futures tumbled to their lowest level since 1999-with some pump prices already below $1-as coronaviru… https://t.co/Tt9W1qMrJj,0,FINANCE
U.S. LNG producers fear more price drops as they await China buys under Phase 1 deal https://t.co/JFI0VN2QD3 https://t.co/dallBPbDVS,0,FINANCE
U.S. Oil Inventories Rise More Than Expected #WTI #Stock #MarketScreener https://t.co/lMkNlbjinO https://t.co/wBBq3HdLZO,0,FINANCE
U.S. shale gas investors brace for write-downs amid price plunge https://t.co/r1cBgB4u2P https://t.co/SRyl3mtQ6Y,0,FINANCE
"US Gasoline Crashes To 50c - Lowest Since 2001 - Amid ""Unprecedented"" Demand Collapse  https://t.co/RW5FZIV94i",0,FINANCE
"WTI crude oil slides 1.5% after surprise build in U.S. inventories
https://t.co/k4nUbMnFw1 https://t.co/7QHRf46m26",0,FINANCE
WTI Slips From 12-Week Highs After Surprise Crude Inventory Build https://t.co/IQFM0x0KXt,0,FINANCE
$USO $UNG $UGAZ - U.S. rig count falls for seventh straight week https://t.co/LZLLzMVVPX,1,FINANCE
$USO $UNG $UGAZ - U.S. rig count trimmed by 2 in Baker Hughes survey https://t.co/JE6InmMQqL,1,FINANCE
$USO $XLE $OIL - OPEC+ confirms deeper oil production cut; crude oil jumps https://t.co/UCQIZjimV9,1,FINANCE
$UXA:COM $CCJ $URG - Uranium likely to benefit as top miner cuts output https://t.co/knMI5S5aVC,1,FINANCE
Brent crude climbs after OPEC and its allies confirmed the new production pact https://t.co/hnnEhZkHRy,1,FINANCE
Declining Rig Counts Point To Higher Energy Prices And A Headwind For The U.S. Economy,1,FINANCE
"Energy stocks might be due for a rebound, but a set of conundrums make the sector's potential a tricky question https://t.co/3QZ7LUB3sj",1,FINANCE
Energy tops sector leaderboard on trade optimism,1,FINANCE
Energy Up As Exxon Cuts CapEx Spending -- Energy Roundup #economy #MarketScreener https://t.co/pZc2wlKsXZ https://t.co/TX2jWQyK1m,1,FINANCE
Energy Up On Hopes For Thursday OPEC + Deal -- Energy Roundup #economy #MarketScreener https://t.co/nr6XPt6Dgf https://t.co/nONuhHQC85,1,FINANCE
"For All the Talk of Coal's Demise, It Still Powers the World",1,FINANCE
Investors hope Thursday's OPEC+ meeting will signal an end to the Saudi-Russian oil-price war https://t.co/2dXum2tlfY,1,FINANCE
"Jan. natural gas traded at $2.289/mln Btus, up 4.7 cents, or 2.1%",1,FINANCE
"Jan. WTI oil up $1.25, or 2.1%, to $60.43/bbl",1,FINANCE
JUST RELEASED: Oil Price Dynamics Report Oil prices rose over the past week owing to decreased supply.… https://t.co/7jbfqZG2tJ,1,FINANCE
Liquefied Natural Gas : Magnolia LNG EPC Contract Extended #LiquefiedNaturalGas #Stock #MarketScreener… https://t.co/c5RMB3I1lK,1,FINANCE
Natural Gas Price Forecast – Natural Gas Markets Finding Support Again,1,FINANCE
"Natural Gas: Production Hits All-Time High, But Prices Supported By Bullish Weather. Continue reading:… https://t.co/cXoctDD13P",1,FINANCE
Oil boosted by renewed hopes for global production cut https://t.co/4tAO1U31nz,1,FINANCE
Oil gains on fresh hopes for U.S.-China trade talks,1,FINANCE
"Oil Hits 3-Month High, Catching up on U.S.-China News",1,FINANCE
"Oil holds above $63 on U.S.-China trade talks optimism - SI

https://t.co/gZPHfoCcSq",1,FINANCE
Oil Jumps After OPEC Agrees To 500Kbpd Production Cut https://t.co/tP6Uw4Fc46,1,FINANCE
Oil Markets Poised To Rise With U.S.-China Trade Deal,1,FINANCE
"Oil nears three-month high as trade hopes, UK election boost sentiment",1,FINANCE
Oil prices steady after two-day drop as growth concerns weigh,1,FINANCE
Oil resumes gain as investors monitor back-and-forth trade talks https://t.co/r4osnZxz0s,1,FINANCE
Oil rises 1% on Trump's optimism for a deal with China,1,FINANCE
Oil rises a second day in 'relief rally' over China coronavirus,1,FINANCE
Oil rises on likely OPEC+ output cuts amid coronavirus outbreak,1,FINANCE
"Oil Spikes After Russia Says Ready For ""Substantial Output Cut"", But Warns 10MMb/d Cut Not Enough  https://t.co/tcIG2Zilx8",1,FINANCE
Oil trades at 3-month high https://t.co/6F8tuUZLyb,1,FINANCE
Oil's Biggest Bullish Boost Since 2016 Scores on Trade Armistice,1,FINANCE
OPEC Delivers Bigger Cut With ABS Surprising The Market. Get more info on Seeking Alpha: https://t.co/wi5cTW6c7D… https://t.co/m97WCjZsoA,1,FINANCE
Qatar plans to boost LNG production to 126 million T by 2027,1,FINANCE
Rising Crude Inventories Fail To Halt Oil Rally,1,FINANCE
Russia backs OPEC+ oil output cuts,1,FINANCE
Saudi Arabia surprised the oil market by pledging to implement significant additional production cuts beyond what w… https://t.co/sRj7yzfCam,1,FINANCE
"Saudi, Russia win over oil producers to deeper cuts https://t.co/yg3AXpQ4Oj https://t.co/LiiA9I8Lcp",1,FINANCE
Semis Vs. Energy - A New High. https://t.co/04IZ5D953O #stocks #finance #trading,1,FINANCE
Stock Market Update: WTI crude rises on trade deal,1,FINANCE
U.S. crude flows to Europe set to rise as virus hits Asia demand,1,FINANCE
U.S. weekly active oil-rig count edges up by 1 to 676: Baker Hughes,1,FINANCE
WTI crude oil up just 1.2% and still below 60.,1,FINANCE
WTI oil futures touch fresh intraday highs on Nymex,1,FINANCE
$COMDX: Natural gas inventory showed a draw of 115 bcf vs a 137 bcf draw last week https://t.co/MujjhgPyDZ,1,FINANCE
$COMDX: Natural gas inventory showed a draw of 201 bcf vs a 92 bcf draw last week https://t.co/CGfYWf1Unq,1,FINANCE
$USO $UNG $UGAZ - U.S. rig count falls for fifth straight week https://t.co/UwX3Qg6gGZ,1,FINANCE
A lot of flows over past week been positioning for Energy groups to rally Q1 2020,1,FINANCE
Brent +4%,1,FINANCE
"CapEcon: If Iran Closes The Strait Of Hormuz, Crude Would Jump To $150 https://t.co/wOZBIi3e85",1,FINANCE
China's Need To Import LNG Is Slowing Down. https://t.co/lnpKUyNtQr #stocks #stockmarket #trading,1,FINANCE
Crude heads for weekly advance as coronavirus worries recede https://t.co/ajuzuzXNQt,1,FINANCE
Crude rose for a second day after the U.S. signalled it was open to the possibility of an alliance with Saudi Arabia https://t.co/H7eECXZNxJ,1,FINANCE
Energy Up After OPEC+ Deal Confirmed -- Energy Roundup #economy #MarketScreener https://t.co/mzguCYDUPd https://t.co/HyyDGplTcQ,1,FINANCE
Energy Up Ahead Of Exxon Earnings -- Energy Roundup #economy #MarketScreener https://t.co/jVOrgnxqff https://t.co/kdZ4Hep8kI,1,FINANCE
Energy Up as Commodities Recoup Some Losses -- Energy Roundup #economy #MarketScreener https://t.co/xVXTRdf57N https://t.co/QiHQUaI2IU,1,FINANCE
Europe's LNG imports expected to soar to 100 mln tonnes in 2020 #economy #MarketScreener https://t.co/qHpLYbUTlB https://t.co/MlQzA7HTc3,1,FINANCE
Glencore almost doubles its LNG trade in 2019 on surge in Asian volumes https://t.co/1ignRPuvQe https://t.co/JtvI58joND,1,FINANCE
Investment in Canada's oil-sands is on track to grow for the first time since prices crashed in 2014 https://t.co/Ws3dGV4VgC,1,FINANCE
"Natural Gas $UNG with a bounce today seeing 28,000 March $14 calls active early today",1,FINANCE
Natural Gas Storage: Expecting A Relatively Bullish Draw. https://t.co/MHGs7yNnWd #markets #stocks #stockmarket,1,FINANCE
Natural Gas: Long Set Up Ahead But Timing Is Important. Read more: https://t.co/eruGN42l53 #stockmarket #stocks #markets,1,FINANCE
"Oil and gold rise after a U.S. airstrike in Baghdad killed a top Iranian commander
-Asian stocks including Hong Ko… https://t.co/G5FSqO7cRr",1,FINANCE
Oil lower but trims early loss as report on China trade talks sparks fresh hope https://t.co/t6v2CMBAze,1,FINANCE
"Oil prices, which had skyrocketed nearly 4%, appear to have stabilized around 3% higher.
https://t.co/QDUbA31bl0",1,FINANCE
"Oil skyrockets, U.S. stock futures sink after Iranian general killed in Iraq airstrike https://t.co/UMiKkaQ42x",1,FINANCE
Oil stocks continue to show improvement. https://t.co/lufaW1tdGD,1,FINANCE
The amount of oil needed to run the global economy will decline sharply in the first quarter of this year as the co… https://t.co/6d6BFT0Hwb,1,FINANCE
The First Oil Company Bailout Of 2020 Is Happening In Canada: Select Shares Soar. https://t.co/eW0P8HmTK2 #trading #investing #stockmarket,1,FINANCE
The high in WTI in September following the drone strikes on Saudi oil facilities was 63.40.  Crude oil right now is at 63.38.,1,FINANCE
"Time for more OPEC cuts
Crude +822K, Exp. -3MM
Gasoline +5.405MM
Distillate +4.118MM
Cushing -3.393MM
Production -100Kbpd",1,FINANCE
"Algeria to cut oil output by 12,000 bpd under new OPEC deal #economy #MarketScreener https://t.co/cpeDaozf3J https://t.co/IYoYnnKDyH",1,FINANCE
"ICYMI: Oil spiked after the U.S. airstrike killed a top Iranian commander in Baghdad.

The strike escalates an alre… https://t.co/biC7W3GoKK",1,FINANCE
"Natural Gas Demand Is Rising, But Production Has Reached A Major Long-Term Peak. Keep reading:… https://t.co/gXfKjJLCqJ",1,FINANCE
"OPEC, Russia and other oil producing nations have agreed to deeper production cuts in an attempt to support crude p… https://t.co/yY5TKhHz8Z",1,FINANCE
OPEC's New Year's Gift To Oil Bulls. Follow this and any other stock on Seeking Alpha! https://t.co/D0ihnpJvHE #business #finance #markets,1,FINANCE
"Qatar, the world's biggest supplier of liquefied natural gas, plans to boost output capacity by almost two thirds https://t.co/D8XYpUKFl6",1,FINANCE
$COMDX: Energy Settlement Prices https://t.co/y70kOScE0a,2,FINANCE
$ET $RDS.A $RDS.B - Shell-led Lake Charles LNG gets five more years to reach in-service date https://t.co/fDhoQLZpaa,2,FINANCE
A Five-Decade Rivalry Is Playing Out at OPEC+,2,FINANCE
Baker Hughes Announces January 2020 Rig Counts,2,FINANCE
Canadian crude reportedly stable so far at start of CN Rail strike,2,FINANCE
China LNG Force Majeure Rejected as Virus Chaos Sparks Dispute,2,FINANCE
Coconut Oil Market Procurement Intelligence Report | Increase in Supplier OPEX to Impact Procurement Spend,2,FINANCE
Commodity Chaos Deepens as China Buyers Invoke Force Majeure,2,FINANCE
Crude Oil Price Update – Direction Controlled by $51.84 Pivot,2,FINANCE
Eni CEO Sees Oil Market Stabilizing on U.S.-China deal,2,FINANCE
Forget OPEC: China Now Moves The Oil Markets,2,FINANCE
Global oil majors seeking combined $27B in asset sales - report,2,FINANCE
Goldman Sachs Curbs New Lending on Coal and Arctic Oil,2,FINANCE
Here are the biggest risks to OPEC+ efforts to balance oil https://t.co/qWAYGsiVuU,2,FINANCE
IAEA International Atomic Energy Agency : Fostering the Safe and Secure Transport of Spent... #IAEA #economy… https://t.co/dBAPsbsguv,2,FINANCE
Iran Demands $6 Billion Oil Payment From South Korea: Chosun,2,FINANCE
IRAQ DIDN'T AGREE TO MORE OIL CUTS DUE TO SAUDI PRESSURE: MIN,2,FINANCE
Iraq’s Largest Oil Fields Threatened By Anti-Government Protests,2,FINANCE
"Keystone leak affected 10x more land than thought, regulator says",2,FINANCE
New California fracking permits blocked pending scientific review,2,FINANCE
News Highlights : Top Energy News of the Day #WTI #Stock #MarketScreener https://t.co/pBZAoYUo9V https://t.co/lAhsqxtW17,2,FINANCE
News Highlights : Top Energy News of the Day #WTI #Stock #MarketScreener https://t.co/sNjfeioj1l https://t.co/KiovB27Z9y,2,FINANCE
Oil Majors Go On $27 Billion Selling Spree,2,FINANCE
Oil Price Fundamental Weekly Forecast – We’ll Find Out This Week if Traders Liked the Trade Deal,2,FINANCE
Oil Stocks: What I Got Right (and Wrong) About the Oil Market in 2019,2,FINANCE
OPEC+ Deal Isn't Worth the Paper It's Written On,2,FINANCE
OPEC+ technical meeting drags on,2,FINANCE
OPEC's share of Indian oil imports in October hits lowest since 2011,2,FINANCE
"Saudi Arabia, Russia and other large oil producers are racing to negotiate a deal to stem the historic price crash… https://t.co/0ZG8MXUBla",2,FINANCE
Saudi energy minister defends US shale producers: 'They are creating jobs' https://t.co/IkKMglIMOd,2,FINANCE
The Best And Worst Oil Predictions Of 2019,2,FINANCE
The Expected and Thrilling Resolution of Oil’s Consolidation,2,FINANCE
The Five Biggest Enemies Of Oil & Gas,2,FINANCE
Trump Proposes Selling 15 Million Barrels From U.S. Oil Reserve,2,FINANCE
Trump proposes selling 15 million barrels of oil from the U.S. emergency stockpile as part of his fiscal 2021 budge… https://t.co/Gdwr6I8j4p,2,FINANCE
Trump's budget proposes sale from emergency oil reserve,2,FINANCE
U.S. Revokes WTO Subsidy Preferences for Some Developing Nations,2,FINANCE
U.S. total weekly active drilling-rig count unchanged at 790: Baker Hughes,2,FINANCE
Will Crude Oil Ever Bottom?,2,FINANCE
"ZYEN Chairman, David Greenberg, discusses OPEC’s Power in the Oil Market; the Potential of Renewable Energy Project… https://t.co/4pJUTfUFF6",2,FINANCE
$COMDX: EIA petroleum data for the week ended December 6 https://t.co/7I8u7u0QY6,2,FINANCE
$COMDX: EIA petroleum data for the week ended February 7 https://t.co/NPIYrcJmRw,2,FINANCE
$COMDX: Energy Settlement Prices https://t.co/3HPMPROeFl,2,FINANCE
$COMDX: Energy Settlement Prices https://t.co/b1WF1DlVYU,2,FINANCE
$COMDX: Energy Settlement Prices https://t.co/DJdjBeoW0k,2,FINANCE
$COMDX: Energy Settlement Prices https://t.co/g2HjabrPJq,2,FINANCE
$COMDX: Energy Settlement Prices https://t.co/JHLtzLJyB0,2,FINANCE
$COMDX: Energy Settlement Prices https://t.co/S8EisJPrxd,2,FINANCE
$COMDX: Energy Settlement Prices https://t.co/sgnRZEzIyD,2,FINANCE
$COMDX: Energy Settlement Prices https://t.co/YglUJVpYXC,2,FINANCE
$COMDX: Energy Settlement Prices https://t.co/zOECqw1jdT,2,FINANCE
"$COMDX: Summary of Weekly Petroleum Data for the week ending December 6, 2019 https://t.co/mktl2PrAQJ",2,FINANCE
"$COMDX: Summary of Weekly Petroleum Data for week ending February 7, 2020 https://t.co/EEt6iN3jZm",2,FINANCE
$TRP - Work starts in Montana on Keystone XL pipeline https://t.co/24mBVL0pmI,2,FINANCE
$XLE: Sector Briefing: Energy https://t.co/FKDifSy17R,2,FINANCE
$XLE: Sector Briefing: Energy https://t.co/rN4haqh9N9,2,FINANCE
$XLE: Sector Briefing: Energy https://t.co/TRUxGKAme7,2,FINANCE
$XLE: Sector Briefing: Energy https://t.co/zSdKA1URwP,2,FINANCE
A controversial $1 billion shale gas pipeline won the backing of the nation's top energy regulator https://t.co/W0PVkZwvID,2,FINANCE
Alberta agrees to sale of crude by rail contracts: premier #CanadianPacificRailway #Stock #MarketScreener… https://t.co/tl3UGAmr7j,2,FINANCE
Brazil's energy minister to attend G20 oil meeting after Saudi invite https://t.co/5Rru9T7vjQ https://t.co/JBKjC3nBy0,2,FINANCE
Canada's oil-sands industry may have already built its last big mine https://t.co/Uota9vYdtP,2,FINANCE
"Chevron/shale gas: Atlas, shrugged off https://t.co/ZPKDKhBZpf",2,FINANCE
Crown Prince Mohammed bin Salman is reportedly unhappy with progress on the country's move away from oil https://t.co/MQN6G8XlSt,2,FINANCE
"Crude oil futures rise, but support seen weak #crudeoil #matprem #MarketScreener https://t.co/eQjD8yUBJ6 https://t.co/c2vI3soF9F",2,FINANCE
"Despite OPEC+ deal collapse, Saudi oil exports yet to rise-sources https://t.co/cDreUaBtVo https://t.co/t7lYA6uwxq",2,FINANCE
EEX European Energy Exchange : will introduce action limits on gas spot trading #EEX #economy #MarketScreener… https://t.co/wZ45KViSj1,2,FINANCE
EIA Natural Gas Report is due in 5 minutes and the Petroleum Report is due 30 minutes after that.,2,FINANCE
EIA Petroleum Status Report due in 5 minutes.,2,FINANCE
EIA Petroleum Status Report is due in 5 minutes.,2,FINANCE
Everything That's Wrong About The IEA Oil Market Report. https://t.co/oLWb6SuC3C #stockmarket #stocks #trading,2,FINANCE
February 2020: Natural Gas Supply-Demand Balance Overview And Forecast. https://t.co/HuoAlaxFwY #investing #stockmarket #stocks,2,FINANCE
G-7 finance chiefs urge oil-producing nations to support international efforts to stabilize world markets rocked by… https://t.co/u3kRmEz3qn,2,FINANCE
"How coronavirus, climate change and OPEC will continue to move crude oil prices https://t.co/diuQxqdKma by… https://t.co/kWzOCcm8Tq",2,FINANCE
Is oil in the middle of a perfect storm? @MaleehaMBCC looks at the Aramco IPO:  https://t.co/A6yKUT2nCY,2,FINANCE
Kremlin says efforts to persuade Mexico to join oil cuts deal persist - TASS https://t.co/y1cgLM7HAe https://t.co/mijGuCKi8S,2,FINANCE
Libyan economic experts will study the distribution of crucial oil revenue as efforts continue to solve the war-rav… https://t.co/S9lmpnDTqJ,2,FINANCE
Market Snapshot: Canadian crude oil is mainly exported to two regions in the United States #Stock #MarketScreener… https://t.co/OpUcd7ByDT,2,FINANCE
Market Snapshot: Retail pump sales of gasoline and diesel make up most of the transportation sector's energy demand… https://t.co/xc0SeRKAo2,2,FINANCE
Materials And Energy Dashboard - Update. https://t.co/4OPnkss3VH #finance #stocks #business,2,FINANCE
Mexican president's nationalist oil vision fuels standoff with Saudis https://t.co/ps9r1I9rb1 https://t.co/ZSeWOI4XkO,2,FINANCE
Mexico's giant oil find may not be a cure-all for ailing Pemex https://t.co/6bgoCuWZR8,2,FINANCE
"Most North Sea oil output 'in the money', but decom bill looms - Woodmac https://t.co/UwjPYh1W2z https://t.co/iEre6K0kRt",2,FINANCE
Natural Gas Prices To Trade Sideways With Near-Term Weather Being Variable; Upside Potential Still On Table Longer… https://t.co/uM9WXN9x2M,2,FINANCE
News Highlights : Top Energy News of the Day #WTI #Stock #MarketScreener https://t.co/0ff9xwCFGh https://t.co/rnCS5KtuEb,2,FINANCE
News Highlights : Top Energy News of the Day #WTI #Stock #MarketScreener https://t.co/1Hzd21RMHe https://t.co/JqdSCCWGK5,2,FINANCE
News Highlights : Top Energy News of the Day #WTI #Stock #MarketScreener https://t.co/4isucOkCiC https://t.co/fNEMVJcvmj,2,FINANCE
News Highlights : Top Energy News of the Day #WTI #Stock #MarketScreener https://t.co/8WcedoogPY https://t.co/ncyGCUUhdF,2,FINANCE
News Highlights : Top Energy News of the Day #WTI #Stock #MarketScreener https://t.co/BZ27X3vQTW https://t.co/dh5r7KXanX,2,FINANCE
News Highlights : Top Energy News of the Day #WTI #Stock #MarketScreener https://t.co/GKfx9xf2h7 https://t.co/TbJG4KZHBR,2,FINANCE
News Highlights : Top Energy News of the Day #WTI #Stock #MarketScreener https://t.co/GSt6QLz0Tt https://t.co/p5vsEVYzgA,2,FINANCE
News Highlights : Top Energy News of the Day #WTI #Stock #MarketScreener https://t.co/nACw4sVj8H https://t.co/KMZxDj39tO,2,FINANCE
News Highlights : Top Energy News of the Day #WTI #Stock #MarketScreener https://t.co/RiLauQuR28 https://t.co/5KV7DAp5ws,2,FINANCE
News Highlights : Top Energy News of the Day #WTI #Stock #MarketScreener https://t.co/wnMMQqCUWA https://t.co/1EQg2bOIey,2,FINANCE
News Highlights : Top Energy News of the Day #WTI #Stock #MarketScreener https://t.co/XltkskkpZw https://t.co/g8VHPlAr19,2,FINANCE
"Nigeria's petroleum bill to be passed by mid-2020, says oil minister #economy #MarketScreener… https://t.co/iTMZMP6wLO",2,FINANCE
Norway considers attending OPEC+ meeting on April 9 - oil ministry #AkerBP #Stock #MarketScreener… https://t.co/KAvIemdXpl,2,FINANCE
Occidental Petroleum opposes possible Texas oil curtailments: letter https://t.co/5b3a5olxc9 https://t.co/NicxEpII0q,2,FINANCE
Oil Price Might Go Negative - Bullish For WTI. https://t.co/AxMlbazg55 #stockmarket #stocks #business,2,FINANCE
Oil producers still in talks over extending output cut -Algeria minister #economy #MarketScreener… https://t.co/ZXoA41oqbw,2,FINANCE
Oil Search : 2019 Full Year Results Presentation #OilSearch #Stock #MarketScreener https://t.co/friR5SIC8P https://t.co/vi3yDT5Syf,2,FINANCE
Oil workers from the United States are leaving Iraq after Iranian military leader Qasem Soleimani was killed in a U… https://t.co/lsPogIDvGJ,2,FINANCE
One man is the surprise holdout to a global oil production deal https://t.co/U5Q50RqEsb,2,FINANCE
OPEC Cannot And Will Not Cut Production In March. https://t.co/0nj0my35zT #investing #markets #stockmarket,2,FINANCE
OPEC+ Output Cuts May be Contingent on G-20 Cooperation - DJ $USO @Street_Insider,2,FINANCE
OPEC+ will adjust its output target and redistribute production cuts between its members under pressure from Saudi… https://t.co/iUHhLCivja,2,FINANCE
OPEC+ won't meet until oil output numbers agreed - Iran oil minister #economy #MarketScreener… https://t.co/ddZ7Ceg1UQ,2,FINANCE
Record oil production cut hangs in the balance as G20 meeting concludes with no specifics https://t.co/MVPehLJcWr,2,FINANCE
Russia's key oil producers voiced support for extending OPEC+ output cuts into the second quarter https://t.co/SnCimY5rl9,2,FINANCE
Saudi Arabia and others in OPEC are working to convince oil producers there will be little space left to store thei… https://t.co/bJytfI2ytW,2,FINANCE
Saudi Arabia Does Not Have Much Incentive To End The Oil Price War. https://t.co/kmiHsMhvwA #trading #markets #finance,2,FINANCE
Saudi Arabia is ramping up crude oil production in a bid to win a price war. Insights via @CMEGroup https://t.co/2PQijkKFcd,2,FINANCE
"Saudi crown prince, Russia's Putin discuss efforts to stabilize oil markets: SPA #economy #MarketScreener… https://t.co/STL0sP53zL",2,FINANCE
"Saudi, others resist Mexican plan to make small oil output cuts - sources #economy #MarketScreener… https://t.co/VfOSxccQM3",2,FINANCE
Spot prices for crude oil are little changed in the week ending Nov. 15: Brent ticks up to $62.56 per barrel and WT… https://t.co/MuTSydoo7o,2,FINANCE
Take Five: Crude awakening #Samp;P500 #economy #MarketScreener https://t.co/Z26GdusPzF https://t.co/xJKlcaWn7P,2,FINANCE
The burning and releasing of vast amounts of natural gas into the atmosphere in America's top shale basin is much b… https://t.co/1GTK2pVATM,2,FINANCE
The Oil Industry's Radioactive Secret https://t.co/1EYo7avPcd,2,FINANCE
The U.S. steps up pressure on Saudi Arabia to seal a historic deal to cut global oil production https://t.co/oFYDzcoSlF,2,FINANCE
The world's largest oil producers are hammering out the terms of an unprecedented deal to mitigate the devastating… https://t.co/EvGJKB2l9a,2,FINANCE
Timing And Sizing The Oil Glut. https://t.co/9GS7eeSGks #markets #stockmarket #economy,2,FINANCE
To Tackle Petroleum-Related Issues: Crisis Committee Established #Stock #MarketScreener https://t.co/ZpbCBTdjSj https://t.co/scmUn91HIK,2,FINANCE
Trump agrees to help Mexico meet global oil cut target https://t.co/fAg7HN043V https://t.co/R2svVh7Kyd,2,FINANCE
"Trump said that OPEC had not pressed him to ask U.S. oil producers to reduce their output to support global prices,… https://t.co/TVj7KuIxOL",2,FINANCE
Turkey's recent maritime pact with Libya adds a snarl to eastern Mediterranean plans for gas exports https://t.co/uAxhGwAqIo,2,FINANCE
"With the shackles of OPEC's output limits thrown off and a price war under way, the group's biggest oil producers a… https://t.co/9UIxhworZ3",2,FINANCE
"World Coal Association : CCS regains momentum, but more ambition is needed #WorldCoalAssociation #economy… https://t.co/H1mhT5NaSu",2,FINANCE
"Yemen Oil and Gas Market, Size, Share, Outlook and Growth Opportunities, 2016-2019 & 2020-2026 -… https://t.co/sj5UE2gMCh",2,FINANCE
"ZYEN Chairman, David Greenberg, discusses OPEC's Power in the Oil Market; the Potential of Renewable Energy Project… https://t.co/4pJUTfUFF6",2,FINANCE
#Oil #markets react in a hefty way to short-term news. The #coronavirus panic has made many already inexpensive… https://t.co/YSqUQAY02J,2,FINANCE
$ARTL - Artelo Biosciences EPS misses by $0.13 https://t.co/tfIv9fui86,0,FINANCE
$BLPH - Bellerophon Therapeutics EPS misses by $0.33 https://t.co/foAfyMnyra,0,FINANCE
$CE - Celanese Q4 profits almost halved https://t.co/YtgFEn6qWT,0,FINANCE
"$CMP - Compass Minerals EPS misses by $0.12, misses on revenue https://t.co/dU4csQyvQt",0,FINANCE
"$DRI: Darden Restaurants provides COVID-19 update, reports quarter-to-date Q4 comps of -39.1% https://t.co/swpeTULQ6d",0,FINANCE
"$GBX: Greenbrier beats by $0.20, misses on revs; suspending FY20 guidance https://t.co/KhXutNgMZW",0,FINANCE
"$GME - GameStop EPS misses by $0.66, misses on revenue https://t.co/snwkt6x8gP",0,FINANCE
"$GNSS - LRAD EPS misses by $0.01, misses on revenue https://t.co/BaBKP6RhdA",0,FINANCE
"$GPP - Green Plains Partners EPS misses by $0.01, misses on revenue https://t.co/MTt2czUWkk",0,FINANCE
$GTX: Garrett Motion withdraws FY 20 guidance https://t.co/FcJ3is9qU4,0,FINANCE
"$ITRN - Ituran Location EPS misses by $0.08, misses on revenue https://t.co/4ed282tRz5",0,FINANCE
"$IVC: Invacare misses by $0.15, misses on revs https://t.co/28AK0IzMFs",0,FINANCE
$JE - Just Energy reports lower than expected Q3 Base EBITDA and free cash flow; revises 2020 guidance https://t.co/JT06Kd3sDQ,0,FINANCE
$MATW - Matthews International Corp: Weak Growth And High Debt To Weigh On Sentiment. https://t.co/Cks6a2qvFE #markets #finance #trading,0,FINANCE
"$NAT - Nordic American Tankers EPS misses by $0.04, misses on revenue https://t.co/zgy3g3ADLV",0,FINANCE
$NSSC - NAPCO reports preliminary Q3 revenue slightly below estimates https://t.co/WI5LhsZPN8,0,FINANCE
$NSSC: Napco Security Systems sees Q3 revs below consensus https://t.co/UllrqyQtlU,0,FINANCE
$NXPI - NXP's preliminary Q1 revenue misses estimates https://t.co/4fBC6WHkkY,0,FINANCE
"$PCYG - Park City Group EPS misses by $0.01, misses on revenue https://t.co/TEeqc9vO62",0,FINANCE
$PHAT - Phathom Pharmaceuticals EPS of -$9.30 https://t.co/evgyMKDbZn,0,FINANCE
$PYX - Pyxus International misses on revenue https://t.co/Yno1XP8GHE,0,FINANCE
$RCII: Rent-A-Center provides update - March revenues were off by about 5% versus last year https://t.co/Yh2mZAMlK6,0,FINANCE
"$SEAC - SeaChange EPS misses by $0.05, misses on revenue https://t.co/J4uKTQ7uUy",0,FINANCE
"$SSL - Sasol warns of 20% profit drop, secures new debt agreements https://t.co/Qw6VMHkhCo",0,FINANCE
$WTER - Alkaline Water misses on revenue https://t.co/FKdcGbqdNN,0,FINANCE
21Vianet Group misses on revenue,0,FINANCE
"AGCO EPS misses by $0.61, misses on revenue",0,FINANCE
"Aker Solutions swings to surprise Q4 net loss, expects drop in 2020 revenue",0,FINANCE
ArcelorMittal misses on revenue,0,FINANCE
"Ashland EPS misses by $0.19, misses on revenue",0,FINANCE
Avantor misses on revenue,0,FINANCE
"BCE EPS misses by $0.01, misses on revenue",0,FINANCE
"Beyond Air EPS misses by $0.09, misses on revenue",0,FINANCE
"BioHiTech Global EPS misses by $0.11, misses on revenue",0,FINANCE
BJ's Wholesale cuts same-store sales outlook to up 1.3%-1.5% from up 1.5%-2.5%,0,FINANCE
BJ's Wholesale narrows 2019 EPS outlook to $1.42-$1.50 from $1.44-$1.48,0,FINANCE
Brixmor 2020 FFO guidance comes in on the light side,0,FINANCE
"Canada Goose sees hit to 2020 profit, sales from coronavirus",0,FINANCE
"Caterpillar reported lower sales across all three primary segments in the last quarter, adding to the industrial gl... https://t.co/XYlODrAvSu",0,FINANCE
Cboe's Q4 results slide on lower market volatility,0,FINANCE
"Civista Bancshares EPS misses by $0.01, misses on revenue",0,FINANCE
"CNH Industrial EPS misses by $0.01, misses on revenue",0,FINANCE
Costco quarterly revenue misses estimates on weak e-commerce growth,0,FINANCE
Dassault Systemes Profit Outlook Lags After Virus Warning,0,FINANCE
DLH Holdings reports weak margins for Q4,0,FINANCE
"Earnings Miss: Neurocrine Biosciences, Inc. Missed EPS By 52% And Analysts Are Revising Their Forecasts",0,FINANCE
"Earnings Miss: Village Farms International, Inc. Missed EPS And Analysts Are Revising Their Forecasts",0,FINANCE
Equinor misses on revenue,0,FINANCE
Equinor swings to surprise loss; impairments total $1.4B,0,FINANCE
"Estee Lauder Cuts Profit Outlook Again, Citing Coronavirus",0,FINANCE
Estee Lauder Q2 EPS $1.52 vs. $1.55 a year go,0,FINANCE
Exponent reports weak margins for Q4,0,FINANCE
FLEX LNG misses on revenue,0,FINANCE
"ForeScout Technologies EPS misses by $0.03, misses on revenue",0,FINANCE
"Frequency Therapeutics EPS misses by $0.05, misses on revenue",0,FINANCE
"GameStop $GME reports earnings: 
Net sales: $1.38 billion; decrease of 25.7% 
Diluted loss per share of $1.02",0,FINANCE
GameStop plunges more than 17% after missing on EPS and revenue expectations and reporting comp sales down 23.2% vs… https://t.co/SpeK3NOuTF,0,FINANCE
"Gorman-Rupp EPS misses by $0.06, misses on revenue",0,FINANCE
Grubhub’s Growth Decelerates for the Fifth Straight Quarter,0,FINANCE
Hanesbrands Q4 sales down 1% to $1.75 bln; FactSet consensus $1.75 bln,0,FINANCE
Henkel : Withdraws 2020 View; 1Q Sales Were Hit by Virus  #Stock #MarketScreener https://t.co/aJ32Gf9E1R https://t.co/drsVsuphd1,0,FINANCE
Home Depot 3Q sales miss expectations,0,FINANCE
Home Depot cuts sales goal as online push not delivering as expected,0,FINANCE
Home Depot’s Lower Sales Growth Forecast Highlights The Lack Of Growth In U.S. Corporate Earnings,0,FINANCE
ICE profit drops 27% on weak growth in transaction and clearing unit,0,FINANCE
"iMedia Brands EPS misses by $0.03, misses on revenue",0,FINANCE
"Kellogg Q4 North America sales fell 7%, Europe sales up 3% and Latin America sales down 2%",0,FINANCE
Kellogg Q4 reported sales $3.22 vs. $3.32 bln a year ago,0,FINANCE
Kohl’s Plunges Most in Almost Three Years on Profit Forecast,0,FINANCE
Kohl's now sees full-year adj. EPS $4.75 to $4.95 vs. prior $5.15 to $5.45,0,FINANCE
Kohl's Q3 adj. EPS 74 cents; FactSet consensus 86 cents,0,FINANCE
"Liquidity Services EPS misses by $0.03, misses on revenue",0,FINANCE
"Lovesac EPS misses by $0.04, misses on revenue",0,FINANCE
"LRAD EPS misses by $0.01, misses on revenue",0,FINANCE
Macy's lowers fiscal 2019 sales and earnings guidance,0,FINANCE
"Macy's lowers full-year sales guidance, now sees same-store sales down 1.5% to down 1%",0,FINANCE
Macy's now sees full-year sales down 2.5% to down 2.0% vs. prior about flat,0,FINANCE
Macy's Q3 EPS 1 cent vs. 20 cents,0,FINANCE
Macy's Q3 sales $5.173 bln vs. $5.404 bln; FactSet consensus $5.321 bln,0,FINANCE
Madison Square Garden Q2 revenue $628.8 mln vs. $632.2 mln,0,FINANCE
"MAXIMUS EPS misses by $0.01, misses on revenue",0,FINANCE
"Monte Paschi Misses Full-Year Income Target, May Cut Costs More",0,FINANCE
Nissan's China sales fell 12% in January as coronavirus epidemic weighs,0,FINANCE
Nokia's surprise profit rise fails to salvage 2019 dividend,0,FINANCE
Norsk Hydro reports lower Q4 earnings on weak aluminum prices,0,FINANCE
"Oaktree Specialty Lending NII misses by $0.02, misses on total investment income",0,FINANCE
"Oaktree Strategic Income NII misses by $0.02, misses on total investment income",0,FINANCE
"Orion Energy Systems EPS misses by $0.03, misses on revenue",0,FINANCE
"PagSeguro EPS misses by R$0.02, misses on revenue",0,FINANCE
"Park City Group EPS misses by $0.01, misses on revenue",0,FINANCE
"Paschi Misses Full-Year Income Target, May Cut Costs More",0,FINANCE
"Perceptron EPS misses by $0.02, misses on revenue",0,FINANCE
Phathom Pharmaceuticals EPS of -$9.30,0,FINANCE
"Philip Morris Q4 $1.04, down 15.4%",0,FINANCE
Pyxus International misses on revenue,0,FINANCE
"Q3 Results: India Inc.’s Revenue Contracts In The Worst Show In 16 Quarters, Says ICRA ",0,FINANCE
"Royal Caribbean cuts earnings guidance, warns more cruises may be canceled amid coronavirus uncertainty",0,FINANCE
RYB Education EPS misses by $0.01,0,FINANCE
"Sally Beauty EPS misses by $0.09, misses on revenue",0,FINANCE
"Sun Pharma Q3 Results: Profit Falls 27% On Higher Costs, Lower Other Income",0,FINANCE
"Suzuki considers China supply options, third-quarter profit falls 11%",0,FINANCE
Tata Steel Q3 Results: Surprise Loss As Weak Demand Conditions Persist,0,FINANCE
"The Brink's EPS misses by $0.05, misses on revenue",0,FINANCE
"Ubiquiti EPS misses by $0.06, misses on revenue",0,FINANCE
Vans parent VF Corp. says China stores still open have seen 'significant' declines in retail traffic,0,FINANCE
"Yum Brands misses same-store sales, profit estimates as Pizza Hut battles rivals",0,FINANCE
Yum Brands Q4 Pizza Hut same-store sales down 2%; FactSet consensus down 0.9%,0,FINANCE
"$AEMD - Aethlon Medical EPS beats by $0.75, beats on revenue https://t.co/010hL27i2z",1,FINANCE
"$AIN - Albany EPS beats by $0.24, beats on revenue https://t.co/e19wrZu3pi",1,FINANCE
$AIRB - Airbnb had $46M profit in 2018 https://t.co/l5EocIGKBn,1,FINANCE
$AMGDF - Aston Martin revs higher again https://t.co/UrO6ZVkNgb,1,FINANCE
"$AMKR - Amkor Technology EPS beats by $0.18, beats on revenue https://t.co/A5MDjQ8u4o",1,FINANCE
"$ASPU - Aspen EPS beats by $0.04, beats on revenue https://t.co/ofwVhc5WIa",1,FINANCE
"$BLKB - Blackbaud EPS beats by $0.01, beats on revenue https://t.co/E01iD1EOTN",1,FINANCE
$BPMX - BioPharmX EPS beats by $0.08 https://t.co/a24eRxnUtl,1,FINANCE
$BWAY - Brainsway beats on revenue https://t.co/Z7DTciSrnJ,1,FINANCE
"$DAC - Danaos EPS beats by $0.34, beats on revenue https://t.co/yFKaraCaET",1,FINANCE
"$ESEA - Euroseas EPS beats by $0.02, beats on revenue https://t.co/DLAdR96vZr",1,FINANCE
"$EXFO - EXFO EPS in-line, beats on revenue https://t.co/hb8Thd9Jt9",1,FINANCE
"$FLDM - Fluidigm EPS beats by $0.06, beats on revenue https://t.co/LucTN2sruO",1,FINANCE
$GBDC: Golub Capital beats by $0.01 https://t.co/TOtzF4cD2E,1,FINANCE
"$GPRE - Green Plains EPS beats by $0.15, beats on revenue https://t.co/CjP6xNSRUg",1,FINANCE
$HSC - Harsco Q1 adjusted EBITDA to be above expectations https://t.co/OWUUn34GRf,1,FINANCE
$HSC: Harsco sees Q1 adjusted EBITDA at high end of guidance range of $43-48 mln https://t.co/zPAYN0OUmX,1,FINANCE
"$ICMB - Investcorp Credit Management BDC NII beats by $0.01, beats on total investment income https://t.co/Jcktujzxj7",1,FINANCE
"$IIIV - i3 Verticals EPS beats by $0.01, beats on revenue https://t.co/cEjYbNXuv3",1,FINANCE
"$JEC: Jacobs beats by $0.17, beats on revs; initiates $250 mln accelerated share repurchase program, offers FY20... https://t.co/ZxgIFkvjsk",1,FINANCE
"$KMPR - Kemper EPS beats by $0.04, beats on revenue https://t.co/Y857wVjFvU",1,FINANCE
"$LEVI - Levi Strauss EPS beats by $0.05, beats on revenue https://t.co/UfIyY92vC5",1,FINANCE
"$LEVI: Levi Strauss beats by $0.05, beats on revs https://t.co/UVVXSs6w1S",1,FINANCE
$LLNW: Limelight Networks issues in-line 2020 guidance https://t.co/EkPmoLUAxU,1,FINANCE
"$LMNX - Luminex EPS beats by $0.08, beats on revenue https://t.co/hrQ2MpDLWX",1,FINANCE
"$LNN: Lindsay Corp beats by $0.04, reports revs in-line https://t.co/DRuphR9XZM",1,FINANCE
"$OLLI - Ollie's Bargain Outlet EPS beats by $0.03, beats on revenue https://t.co/hgb3KCVBXc",1,FINANCE
"$OMF - OneMain Holdings EPS beats by $0.21, beats on revenue https://t.co/wjkkgO3kFK",1,FINANCE
"$PLAY - Dave & Buster's EPS beats by $0.03, beats on revenue https://t.co/b9vKnTeu3n",1,FINANCE
$PRGO: Perrigo reports preliminary 1Q20 revenue above consensus estimate; does not modify full-year guidance https://t.co/2YcDQYw1D7,1,FINANCE
"$PSEC - Prospect Capital NII in-line, beats on total investment income https://t.co/IdAmd6b7Bt",1,FINANCE
"$RE - Everest Re Group EPS beats by $0.62, beats on revenue https://t.co/3aNCFnmoIl",1,FINANCE
"$RNG - RingCentral EPS beats by $0.01, beats on revenue https://t.co/ObtDrGnFq4",1,FINANCE
"$RPD - Rapid7 EPS beats by $0.04, beats on revenue https://t.co/zMx8d8HExw",1,FINANCE
$SGH - SMART Global guides in-line May quarter https://t.co/lNbjt4p4KI,1,FINANCE
"$SGH: SMART Global beats by $0.02, beats on revs; guides Q3 EPS in-line, revs in-line https://t.co/dvUyxPP0qW",1,FINANCE
"$SOL - ReneSola EPS beats by $0.01, beats on revenue https://t.co/8x62RlMKic",1,FINANCE
"$STE - Steris EPS beats by $0.03, beats on revenue https://t.co/eLU8b642Zv",1,FINANCE
"$TCO: Taubman Centers beats by $0.07, beats on revs -- co to be acquired by Simon Property (SPG) for $52.50/share i… https://t.co/JMpBxoahSh",1,FINANCE
"$TCO: Taubman Centers beats by $0.07, beats on revs -- co to be acquired by Simon Property (SPG) for $52.50/share i… https://t.co/najoVPPhEY",1,FINANCE
$TRNX Taronis Q4 Fuels Generates Sales $11M,1,FINANCE
"$TWLO: Twilio beats by $0.03, beats on revs; guides Q1 EPS below consensus, revs above consensus; guides FY20 EPS... https://t.co/l1Swqrbche",1,FINANCE
$VOYA - Voya Financial EPS beats by $0.04 https://t.co/hUgVWMg1pR,1,FINANCE
"$VRNS - Varonis EPS beats by $0.01, beats on revenue https://t.co/6V8ZD0QTzO",1,FINANCE
"$WTS - Watts Water Technologies EPS beats by $0.02, beats on revenue https://t.co/kuHw2KxiDC",1,FINANCE
$ZYXI - Zynex reports 126% order growth and raises Q1 and FY2020 revenue outlook https://t.co/8ttUvBXTam,1,FINANCE
"58.com EPS beats by $0.13, beats on revenue",1,FINANCE
"AbbVie EPS beats by $0.02, beats on revenue",1,FINANCE
AbbVie leans on new treatments to forecast upbeat 2020 profit,1,FINANCE
AbbVie Q4 EPS $1.88 vs. loss per share $1.23,1,FINANCE
"Aethlon Medical EPS beats by $0.75, beats on revenue",1,FINANCE
"Airbnb business outside U.S., China had $46 million profit in 2018 https://t.co/uYXBfYCfJ8 https://t.co/DxSQCWIClc",1,FINANCE
"Alcon EPS in-line, beats on revenue",1,FINANCE
Avantor Q4 non-GAAP EPS up 90%,1,FINANCE
Avid Tech +11.5% after upside EPS forecast,1,FINANCE
"Becton, Dickinson EPS beats by $0.01, beats on revenue",1,FINANCE
"Bilibili EPS beats by $0.01, beats on revenue",1,FINANCE
BJ's Wholesale Q3 EPS 40 cents vs. 39 cents a year ago,1,FINANCE
BJ's Wholesale Q3 same-store sales up 1.1%; FactSet consensus up 2.0%,1,FINANCE
BJ's Wholesale Q3 total revenue $3.32 bln vs. $3.22 bln a year ago; FactSet consensus $3.30 bln,1,FINANCE
"Brighthouse Financial EPS beats by $0.27, beats on revenue",1,FINANCE
"BrightSphere Investment EPS beats by $0.06, beats on revenue",1,FINANCE
"BrightView Holdings EPS beats by $0.08, beats on revenue",1,FINANCE
"Bristol-Myers Squibb EPS beats by $0.28, beats on revenue",1,FINANCE
Britannia Q3 Results: Profit Meets Estimates On Lower Tax Expense,1,FINANCE
Buckle posts strong comp for January,1,FINANCE
"Canada Goose Holdings EPS beats by C$0.01, beats on revenue",1,FINANCE
Cancom SE Just Recorded A 42% EPS Beat: Here's What Analysts Are Forecasting Next,1,FINANCE
Cannabis producer Curaleaf revenue tops analyst expectations,1,FINANCE
"Cboe Global Markets EPS beats by $0.08, beats on revenue",1,FINANCE
"CDW EPS beats by $0.09, beats on revenue",1,FINANCE
"Chegg EPS beats by $0.06, beats on revenue",1,FINANCE
"China Distance Education EPS beats by $0.22, beats on revenue",1,FINANCE
"CIGNA EPS beats by $0.11, beats on revenue",1,FINANCE
Coach Owner Tapestry Sales Top Estimates; Virus Impacts Forecast,1,FINANCE
CORRECT: Tapestry Q2 Coach sales up 2% to $1.27 bln; FactSet consensus $1.26 bln,1,FINANCE
CORRECT: Tapestry Q2 Kate Spade sales $430 mln vs. $428 mln; FactSet consensus $420.4 mln,1,FINANCE
CORRECT: Tapestry Q2 sales $1.82 bln vs. $1.80 bln a year ago; FactSet consensus $1.81 bln,1,FINANCE
Curaleaf Q3 top line up 27%; non-GAAP EBITDA up 169%,1,FINANCE
"Danaos EPS beats by $0.34, beats on revenue",1,FINANCE
"Dave & Buster's $PLAY reports earnings: 
Total revenues increased 6.1% to $299.4 million from $282.1 million
Net EP… https://t.co/cx64XEzhCw",1,FINANCE
"Defying Soft Automotive Market, Outsell Closes 2019 With 16 Percent Direct Revenue Increase https://t.co/ruN4jJnIXG",1,FINANCE
Delta Air sees 2020 revenue up 4% to 6%,1,FINANCE
Deluxe delivered record FY2019 revenue,1,FINANCE
Disney Q1 Revenue Up 36%,1,FINANCE
Drugmaker Sanofi expects further profit growth from narrowed focus,1,FINANCE
"Dunkin' Brands Group EPS beats by $0.03,  revenue in-line",1,FINANCE
Dynex Capital beats on revenue,1,FINANCE
"Estee Lauder EPS beats by $0.21, beats on revenue",1,FINANCE
Estee Lauder Q2 sales $4.62 bln vs. $4.01 bln; FactSet consensus $4.35 bln,1,FINANCE
"Fiat Chrysler EPS beats by €0.02, beats on revenue",1,FINANCE
Fiat Chrysler's profit rises ahead of Peugeot merger,1,FINANCE
"Fluidigm EPS beats by $0.06, beats on revenue",1,FINANCE
Foresight Autonomous EPS beats by $0.11,1,FINANCE
General Motors' Q4 Profit Beat Estimates Despite Huge Strike Costs,1,FINANCE
Genpact beat estimates in Q4,1,FINANCE
Global Logistics Company Agility Reports Over $1.32 Billion Third Quarter Revenues,1,FINANCE
Hanesbrands EPS and revenue in-line,1,FINANCE
"Hanesbrands matches profit and sales expectations, sets new 40 million share buyback program",1,FINANCE
Hanesbrands Q4 EPS 51 cents vs. 41 cents a year ago; FactSet consensus 51 cents,1,FINANCE
Harvest Health & Recreation beats on revenue,1,FINANCE
"Honda raises profit forecast, sticks to Wuhan plant closure schedule",1,FINANCE
"Honda raises profit forecast, sticks to Wuhan plant schedule",1,FINANCE
"i3 Verticals EPS beats by $0.01, beats on revenue",1,FINANCE
"Intercontinental Exchange Q4 results in-line, data revenue +4%",1,FINANCE
IntercontinentalExchange EPS and revenue in-line,1,FINANCE
"Investcorp Credit Management BDC NII beats by $0.01, beats on total investment income",1,FINANCE
Investors are betting China's central bank will follow others in unleashing large-scale monetary stimulus https://t.co/kNfwSTB88U,1,FINANCE
"JinkoSolar Holding EPS beats by $0.056, beats on revenue",1,FINANCE
"JinkoSolar shines with Q3 beat, strong shipments guidance",1,FINANCE
"Kellogg Q4 Asia Pacific, Middle East and Africa sales up 8%",1,FINANCE
Kellogg Q4 EPS 42 cents vs. per-share loss 24 cents a year ago,1,FINANCE
Kellogg Q4 organic sales $3.22 bln vs. $3.14 bln a year ago; FactSet consensus $3.18 bln,1,FINANCE
"Kemet EPS beats by $0.10, beats on revenue",1,FINANCE
"Kemper EPS beats by $0.04, beats on revenue",1,FINANCE
Kemper Reports Strong Fourth Quarter and Full Year 2019 Operating Results,1,FINANCE
Kohl's Q3 same-store sales up 0.4%; FactSet consensus up 0.9%,1,FINANCE
LAIX beats on revenue,1,FINANCE
"Macerich FFO in-line, beats on revenue",1,FINANCE
Macy's Q3 adj. EPS 7 cents; FactSet consensus breakeven,1,FINANCE
Madison Square Garden blows past Q4 earnings estimates,1,FINANCE
"Malibu Boats EPS beats by $0.25, beats on revenue",1,FINANCE
"MAXIMUS EPS in-line, beats on revenue",1,FINANCE
Medtronic beats profit estimates and raises its 2020 forecast again,1,FINANCE
"Medtronic EPS beats by $0.03, beats on revenue",1,FINANCE
"Mimecast EPS beats by $0.02, beats on revenue",1,FINANCE
"Neste tops Q4 profit, dividend forecasts",1,FINANCE
"New Residential Investment EPS beats by $0.09, beats on revenue",1,FINANCE
New York Times Q4 EPS 41 cents vs. 33 cents,1,FINANCE
New York Times Q4 revenue $508.4 mln vs. $502.7 mln; FactSet consensus $502 mln,1,FINANCE
New York Times sees Q1 subscription revenue up in mid-single digits,1,FINANCE
Nokia posts surprise quarterly profit rise on cost cuts,1,FINANCE
Norwegian Air's January passenger income jumps,1,FINANCE
NTPC Q3 Results: Profit Meets Estimates As Other Income Rises,1,FINANCE
NVIDIA Corporation Just Beat EPS By 16%: Here's What Analysts Think Will Happen Next,1,FINANCE
Organigram Posts Positive Adjusted EBITDA For 2019,1,FINANCE
"Philip Morris EPS beats by $0.01, beats on revenue",1,FINANCE
Philip Morris Forecasts Higher Profit as IQOS Sales Rise,1,FINANCE
Philip Morris Q4 sales $7.713 bln vs. $7.499 bln; FactSet consensus $7.661 bln,1,FINANCE
Plus500 revenue soars nearly 500% as volatility fuels boom in bets https://t.co/MJgXeryFYK,1,FINANCE
Plus500 revenue soars nearly 500% as volatility fuels boom in bets https://t.co/z0wVldkXvY,1,FINANCE
Popeyes Sandwich Demand Fuels Profit Beat at Burger King Owner,1,FINANCE
"Prestige Brands Holdings EPS beats by $0.06, beats on revenue",1,FINANCE
PriceSmart reports 0.3% gain in comparable sales,1,FINANCE
Proto Labs EPS and revenue in-line,1,FINANCE
Q4 sales of Alnylam's Onpattro up 361%,1,FINANCE
"Rapid7 EPS beats by $0.04, beats on revenue",1,FINANCE
"Restaurant brands beats, Popeyes sales surge",1,FINANCE
"Results: Jack Henry & Associates, Inc. Exceeded Expectations And The Consensus Has Updated Its Estimates",1,FINANCE
RingCentral (RNG) Q4 Earnings and Revenues Beat Estimates,1,FINANCE
"Samsung, the world's largest smartphone maker, predicts it eked out a rise in profit last quarter, as the coronavir… https://t.co/4vnVA3Nd8G",1,FINANCE
Sanofi Sees Profit Rising in 2020,1,FINANCE
"Seattle Genetics Smashes Wall Street Estimates in Q4, but Its 2020 Guidance Disappoints",1,FINANCE
"Steris EPS beats by $0.03, beats on revenue",1,FINANCE
"Tapestry EPS beats by $0.11, beats on revenue",1,FINANCE
Tapestry Q2 EPS $1.08 vs. 88 cents a year ago,1,FINANCE
"Target EPS beats by $0.17, beats on revenue",1,FINANCE
Target Q3 revenue $18.67 bln vs. $17.82 bln a year ago; FactSet consensus $18.45 bln,1,FINANCE
"TJX EPS beats by $0.02, beats on revenue",1,FINANCE
TJX Q3 EPS 68 cents vs. 61 cents a year ago,1,FINANCE
TJX Q3 HomeGoods same-store sales up 1%; FactSet consensus up 1.7%,1,FINANCE
TJX Q3 Marmaxx same-store sales up 4%; FactSet consensus up 2.3%,1,FINANCE
TJX Q3 sales $10.45 bln vs. $9.83 bln a year ago; FactSet consensus $10.32 bln,1,FINANCE
TJX Q3 same-store sales up 4%; FactSet consensus up 2.3%,1,FINANCE
TJX Q3 TJX International same-store sales up 6%; FactSet consensus up 4.1%,1,FINANCE
TJX sees Q4 same-store sales up 2%-up 3%; FactSet consensus up 2.7%,1,FINANCE
"Total beats quarterly forecasts despite low oil price, lifts payout",1,FINANCE
"Total beats quarterly forecasts despite low oil price, raises payout",1,FINANCE
"Total beats quarterly forecasts, lifts dividends despite low oil price",1,FINANCE
Total Profit Beats Estimates on Rising Oil and Gas Output,1,FINANCE
Total Profit Beats Estimates on Rising Oil and Gas Output ,1,FINANCE
Total tops Q4 earnings outlook as production climbs 8%,1,FINANCE
"Toyota lifts annual profit forecast, looking at alternate sources for China-made parts",1,FINANCE
"Toyota lifts profit outlook, mulls alternatives to China-made parts amid virus outbreak",1,FINANCE
"Triumph EPS beats by $0.03, beats on revenue",1,FINANCE
"Twitter Beats Revenue, User Growth Estimates in Fourth Quarter",1,FINANCE
"Twitter Beats Revenue, User Growth Estimates; Shares Rally",1,FINANCE
Twitter quarterly revenue tops $1B for first time,1,FINANCE
Twitter reports first quarter of $1 billion in revenue,1,FINANCE
"Twitter tops expectations with first $1 billion quarterly revenue, but outlook lags",1,FINANCE
Tyson Foods Q1 adj. EPS $1.66 vs. $1.58 a year ago; FactSet consensus $1.63,1,FINANCE
Tyson Foods Q1 EPS $1.52 vs. $1.50 a year ago,1,FINANCE
Tyson Foods Q1 international/other sales rose 220% to $498 mln,1,FINANCE
Tyson Foods Q1 pork sales rose 7.3% to $1.38 bln,1,FINANCE
Tyson Foods Q1 sales $10.82 bln vs. $10.19 bln a year ago; FactSet consensus $11.06 bln,1,FINANCE
"U.S. Xpress EPS beats by $0.04, beats on revenue",1,FINANCE
"Umicore reports 2019 profit beat on converters, recycling",1,FINANCE
UniCredit Profit Gains Momentum as Capital Buffers Improve,1,FINANCE
"Upland Software Acquires Localytics, Raises Guidance",1,FINANCE
Valens GroWorks Guides To Near-Doubling Of Quarterly Revenue,1,FINANCE
"Voya Q4 beats, sees 10% normalized EPS growth in 2020, 2021",1,FINANCE
"Willis Towers Watson EPS beats by $0.04, beats on revenue",1,FINANCE
Yum Brands Q4 adj. EPS $1.00 vs. 40 cents a year ago; FactSet consensus 99 cents,1,FINANCE
Yum Brands Q4 EPS $1.58 vs. $1.04 a year ago,1,FINANCE
Yum Brands Q4 KFC same-store sales up 3%; FactSet consensus up 2.7%,1,FINANCE
Yum Brands Q4 revenue $1.69 bln vs. $1.56 bln; FactSet consensus $1.81 bln,1,FINANCE
Yum Brands Q4 same-store sales up 2%; FactSet consensus up 2%,1,FINANCE
Yum Brands Q4 Taco Bell same-store sales up 4%; FactSet consensus up 3.2%,1,FINANCE
"$AGX - Argan EPS misses by $0.38, beats on revenue https://t.co/vFxQvksDLl",2,FINANCE
"$CMBM - Cambium Networks EPS beats by $0.04, misses on revenue https://t.co/nRn47j6SGp",2,FINANCE
"$DVA - DaVita HealthCare Partners EPS beats by $0.26, misses on revenue https://t.co/TipgMhhGpE",2,FINANCE
"$ELVT - Elevate Credit EPS beats by $0.03, misses on revenue https://t.co/rxgMNakdsj",2,FINANCE
"$ELY - Callaway Golf EPS misses by $0.03, beats on revenue https://t.co/WWcCPLqZK5",2,FINANCE
"$FRT - Federal Realty Q4 FFO misses, comparable POI rises 2.4% https://t.co/cwcHnUHnyV",2,FINANCE
"$MELI - MercadoLibre EPS misses by $0.34, beats on revenue https://t.co/lEwt1lssRh",2,FINANCE
$MPAA: Motorcar Parts of America reports Q3 EPS of $0.28 vs $0.43 S&P Capital IQ Consensus; revs +1.2% yr/yr to... https://t.co/rlBmMJmWRj,2,FINANCE
$NYMT - New York Mortgage estimates year-end BV at $5.77-$5.79 per share https://t.co/bkTlfIQHNL,2,FINANCE
"$RPD - Rapid7 reports beats, mixed outlook https://t.co/CPUdRUc8Yo",2,FINANCE
"$RYN: Rayonier beats by $0.02, misses on revs https://t.co/4fblsZ6Qce",2,FINANCE
$SON - Sonoco issues FY2020 financial guidance https://t.co/lFTtU2ZuUI,2,FINANCE
"$XPO - XPO Logistics EPS beats by $0.11, misses on revenue https://t.co/XW7WhvXpJ7",2,FINANCE
AbbVie Q1 FactSet EPS consensus $2.12; 2020 consensus $9.45,2,FINANCE
Abiomed Announces Q3 FY 2020 Revenue of $222 Million and 31.7% Operating Margin,2,FINANCE
"Abiomed EPS beats by $0.03, misses on revenue",2,FINANCE
"Aramark EPS misses by $0.01, beats on revenue",2,FINANCE
"Armada Hoffler Properties FFO beats by $0.01, misses on revenue",2,FINANCE
"Ball EPS beats by $0.04, misses on revenue",2,FINANCE
"BJ’s Wholesale Club EPS beats by $0.01, misses on revenue",2,FINANCE
"BJ's Wholesale beat profit expectations, but misses on sales and lowers guidance",2,FINANCE
Bristol-Myers Squibb 2020 FactSet EPS consensus $6.12; revenue $42.2 bln,2,FINANCE
Bristol-Myers Squibb now sees 2020 revenue $40.5 bln to $42.5 bln,2,FINANCE
"Bristol-Myers Squibb reports 33% jump in Q4 revenue, Opdivo sales fall 2%",2,FINANCE
"Cameco EPS beats by $0.13, misses on revenue",2,FINANCE
"Ciena EPS misses by $0.05, beats on revenue",2,FINANCE
Coach parent Tapestry reports earnings beat but coronavirus outbreak weighs on guidance,2,FINANCE
CORRECT: Tapestry Q2 adj. EPS $1.10; FactSet consensus 99 cents,2,FINANCE
"Eagle Point NII in-line, misses on total investment income",2,FINANCE
"Eicher Motors Q3 Results: Profit Falls, Realisation Improves",2,FINANCE
Endologix sees Q4 revenue of ~$35.8M,2,FINANCE
"Evoqua Water EPS misses by $0.12, beats on revenue",2,FINANCE
Fire & Flower Reports Q3 Net Income Of $10.2M,2,FINANCE
"First Savings Financial EPS misses by $0.02, beats on revenue",2,FINANCE
"Hain Celestial EPS beats by $0.01, misses on revenue",2,FINANCE
"Hecla Mining EPS misses by $0.03, beats on revenue",2,FINANCE
Hero MotoCorp Q3 Results: Profit Beats Estimates Despite Lower Sales,2,FINANCE
"Home Depot EPS in-line, misses on revenue",2,FINANCE
"Honda Motor EPS misses by ¥10.43, beats on revenue",2,FINANCE
Honeywell reaffirms guidance,2,FINANCE
"Kohl's EPS misses by $0.12, beats on revenue",2,FINANCE
"LiveXLive Media EPS beats by $0.01, misses on revenue",2,FINANCE
Macy's now sees full-year adj. EPS $2.57 to $2.77 vs. prior $2.85 to $3.05,2,FINANCE
"Madison Square Garden EPS beats by $1.47, misses on revenue",2,FINANCE
Madison Square Garden Q2 FactSet EPS consensus $2.63; revenue $583 mln,2,FINANCE
Magic Software Enterprises Ltd. Just Missed EPS By 9.1%: Here's What Analysts Think Will Happen Next,2,FINANCE
"Medical Properties FFO in-line, misses on revenue",2,FINANCE
"Meridian Bioscience EPS beats by $0.04, misses on revenue",2,FINANCE
"Mobile TeleSystems EPS misses by RUB7.49, beats on revenue",2,FINANCE
NeuroMetrix announces one-for-ten reverse split,2,FINANCE
"New Jersey Resources EPS in-line, misses on revenue",2,FINANCE
New York Mortgage estimates year-end BV at $5.77-$5.79 per share,2,FINANCE
New York Times Q4 adj. EPS 43 cents; FactSet consensus 29 cents,2,FINANCE
"Nvidia $NVDA said it sees fourth-quarter revenue in the region of $2.95 billion, with a margin for error of 2% https://t.co/kK5Cme1Lm6",2,FINANCE
"Patterson-UTI Energy EPS misses by $0.02, beats on revenue",2,FINANCE
"Penn National Gaming Reports Fourth Quarter Revenues of $1.34 Billion, Net Loss of $92.9 Million, Adjusted EBITDA of $304.0 Million, and Adjusted EBITDAR of $399.4 Million",2,FINANCE
Philip Morris now sees full-year add. EPS $5.50; FactSet consensus $5.60,2,FINANCE
Philip Morris Q4 adj. EPS $1.22; FactSet consensus $1.21,2,FINANCE
"Qudian EPS misses by $0.04, beats on revenue",2,FINANCE
"Rada Electronics EPS in-line, misses on revenue",2,FINANCE
"RedHill EPS beats by $0.21, misses on revenue",2,FINANCE
"Sanofi EPS beats by €0.06, misses on revenue",2,FINANCE
"ShiftPixy EPS misses by $0.15, beats on revenue",2,FINANCE
"Snap On EPS in-line, misses on revenue",2,FINANCE
SoftBank's Oyo reveals over $330 million annual loss; revenue surges: valuation report,2,FINANCE
"Total S.A. EPS beats by $0.16, misses on revenue",2,FINANCE
"TransDigm Group EPS beats by $0.34, misses on revenue",2,FINANCE
Trulieve Reports Record Q3 Revenue,2,FINANCE
"Twitter EPS misses by $0.02, beats on revenue",2,FINANCE
"Tyson Foods Q1 beef sales fell 8% to $3.84 bln, chicken sales rose 4.5% to $3.29 bln",2,FINANCE
Vans parent VF Corp. says Asia Pacific region accounted for 12% of total revenue in FY19,2,FINANCE
Vans parent VF Corp. says mainland China accounted for 6% of total revenue in FY19,2,FINANCE
Veidekke ASA Just Missed EPS By 9.3%: Here's What Analysts Think Will Happen Next,2,FINANCE
"World Wrestling Entertainment EPS beats by $0.07, misses on revenue",2,FINANCE
WWE® Reports 2019 Results and 2020 Business Outlook,2,FINANCE
"Yum Brands Q4 27% of KFC sales, 17% of Pizza Hut sales from China",2,FINANCE
"ZTO Express EPS beats by $0.02, misses on revenue",2,FINANCE
Australia’s dollar is set for a turbulent 2020 https://t.co/qt0Kntnfbs,0,FINANCE
British pound slumps against dollar intraday Monday as U.K. Prime Minister Boris Johnson moved to ICU with coronavi… https://t.co/ZxkNNE7JQi,0,FINANCE
Canadian dollar slips to 4-month low as virus worries offset housing gains #economy #MarketScreener… https://t.co/4feqIgMwiB,0,FINANCE
Dollar Hits 1-Week Low as Trade Developments Awaited,0,FINANCE
EUR/USD Bearish Impulse And Flag Aims at 1.0940 Target,0,FINANCE
EUR/USD Daily Forecast – Euro Falls Into a Range Near Trendline Support,0,FINANCE
EUR/USD Daily Forecast – Euro Near 4-Month Low Ahead of NFP Report,0,FINANCE
EUR/USD Daily Forecast – Euro Rally Halted at Major Resistance,0,FINANCE
EUR/USD Weekly Price Forecast – Euro Slams Into Major Resistance,0,FINANCE
EUR/USD: COVID-19 Could Tip Currency Below Parity. https://t.co/OUdgJh04rd #economy #trading #investing,0,FINANCE
Euro off 0.1% at $1.0965,0,FINANCE
"Euro Slumps to 4-Month Low Amid Weaker Data, Virus Fallout Fears",0,FINANCE
EURUSD remains below broken swing area - ForexLive,0,FINANCE
Franc’s Ascent Versus Struggling Euro Shows Few Signs of Fading,0,FINANCE
Funds Look to Take Down New Zealand Dollar After Runaway Gains,0,FINANCE
"FX strategists aren’t expecting a repeat of the loonie’s outperformance in 2020, casting doubt on its run as one of… https://t.co/peQZYOcMhB",0,FINANCE
GBP/JPY Price Forecast – British Pound Fails To Break Out,0,FINANCE
GBP/USD Price Forecast – British Pound Fails To Break Major Barrier,0,FINANCE
ICE Dollar Index off less than 0.1% at 97.774 after data,0,FINANCE
NZD/USD Falls to 3-Month Low Ahead of RBNZ Rate Decision -- Market Talk #currency #MarketScreener… https://t.co/TgxQvugcIx,0,FINANCE
Pound falls as Boris Johnson taken to intensive care for COVID-19 https://t.co/5JQIgSSH7P by @OscarWGrut https://t.co/7h0RrKnKHK,0,FINANCE
Pound Remains Lower as Poll Shows U.K. Debate Was Almost a Tie,0,FINANCE
Russian ruble falls as central bank cuts key rate by 25 basis points to 6%,0,FINANCE
The euro is approaching record-low levels vs. the Swiss franc,0,FINANCE
Turkish Lira Slides Past 6 Per Dollar to an Eight-Month Low,0,FINANCE
Turkish lira weakens past key 6-per-dollar level,0,FINANCE
U.S. dollar down 0.1% at 109.88 Japanese yen,0,FINANCE
U.S. Dollar Falls as Trade Deal Uncertainty Spreads,0,FINANCE
UPDATE 1-Brazil's real posts lowest ever close of 4.2061 per dollar,0,FINANCE
Hawkish FOMC sends dollar lower.,0,FINANCE
$SGBX holding overnight.....  its a matter of time here... Chart looks perfect.,1,FINANCE
A sterling surge after the UK election could be short-lived as Brexit gets even more complicated https://t.co/Ws30IATCNs,1,FINANCE
"AUD/USD and NZD/USD Fundamental Daily Forecast – Aussie, Kiwi Rebound Amid Increasing Demand for Higher Yields",1,FINANCE
"AUD/USD, NZD/USD, USD/CNY – Greenback Showing Slight Gains",1,FINANCE
AUD/USD: There Could Be Some Upside Once Markets Calm Down. https://t.co/WfSuPlqOxE #business #economy #markets,1,FINANCE
Brazilian real spikes after BCB signals rate cut pause,1,FINANCE
Dollar rises as U.S.-China relations worsen over Hong Kong and tariffs,1,FINANCE
"Emerging-market currencies offer the best buying opportunity in more than two decades, according to Renaissance Cap… https://t.co/azGQNy7Btm",1,FINANCE
EUR/USD Daily Forecast – Euro Bounces From Support Area,1,FINANCE
EUR/USD Price Forecast – Euro Grind Higher,1,FINANCE
Forex Reserves Soar $2.3 Billion To Touch All-Time High Of $453 Billion,1,FINANCE
GBP/USD Full Steam Ahead with 1.30 Resistance Nearby,1,FINANCE
GBP/USD Price Forecast – British Pound Rallies After Election Results,1,FINANCE
"GBP/USD, EUR/GBP, USD/CAD – Limited Gains for Euro, U.S. Dolllar",1,FINANCE
Sterling climbs as Tories extend polling lead https://t.co/5Glx96ilVP,1,FINANCE
Sterling hits a seven-month high as election nears #economy #MarketScreener https://t.co/QR8H6PW2sb https://t.co/RmN8C0OVBE,1,FINANCE
Sterling rallies as Tories unite behind Brexit plan,1,FINANCE
Strong Breakout To New Trend High For EUR/JPY Points To Further Upside,1,FINANCE
"The British pound hit two-and-a-half year highs, on growing confidence that next week's UK election will give the C… https://t.co/8K4H1cTm9i",1,FINANCE
The pound is ending a tumultuous month on a high note just hours before Britain exits the European Union https://t.co/BGFFLxPosH,1,FINANCE
"U.S. Dollar to Strengthen Further, Says Ark Capital's Abukarsh",1,FINANCE
U.S. dollar up 0.1% at 109.92 Japanese yen,1,FINANCE
XAU/USD Bullish ABC Pattern Aims at $1500 Resistance,1,FINANCE
AUD/USD Price Forecast – Australian Dollar Continues To Grind,2,FINANCE
"AUD/USD, NZD/USD, USD/CNY – Markets Quiet as Investors Look for Trade Talk Clues",2,FINANCE
"AUD/USD, NZD/USD, USD/CNY – Pacific Currencies Trading Sideways",2,FINANCE
"Brexit, the Pound and Its All Too Brief Visit to $1.35 Levels",2,FINANCE
Dollar little changed versus major rivals after economic data,2,FINANCE
"EUR/USD Mid-Session Technical Analysis for November 18, 2019",2,FINANCE
"EUR/USD, Tuesday forecast, November 19",2,FINANCE
Euro flat at $1.1003,2,FINANCE
"Euro up 0.1% at $1.1080; British pound at $1.2947, down 0.1% against dollar",2,FINANCE
HSBC Says British Pound May Soar. Or Crash,2,FINANCE
The Economic Calendar Puts the EUR and the Greenback in Focus,2,FINANCE
The pound is caught in a tug-of-war between a run of improving economic data and fears that Brexit will damage the… https://t.co/f8jQdiEI2R,2,FINANCE
"USD/JPY Forex Technical Analysis – Likely to Strengthen Over 108.866, Weaken Under 108.690",2,FINANCE
"""A Once In A Decade Divergence"" Warns This Global Macro Fund https://t.co/q2i7nMOsdB",0,FINANCE
"""Fade The Rip"": BofA Warns ""Bear Market Far From Over Unless We Escape A Recession""  https://t.co/Ia791Nmx1l",0,FINANCE
".@GitaGopinath: #COVID19 has pushed the world into recession. For 2020, the economic impact of COVID-19 will be wor… https://t.co/5zRk5aEX3G",0,FINANCE
"“Innovation in the United States is highly concentrated, and vast swaths of our population are not fully participating""",0,FINANCE
A Booming Corner of Private Credit Has Some Investors on Edge,0,FINANCE
A shift in the labor force may have left the U.S. economy much more vulnerable than it was during the 1918 pandemic https://t.co/ilscvh6kEb,0,FINANCE
"Airlines are facing their biggest ever peacetime crisis because of the coronavirus outbreak, and figures show that… https://t.co/7RwQ0lB0eE",0,FINANCE
Allstate CEO: Driving is way down due to coronavirus and 'we don't know' if trend will last https://t.co/7DK6AgJi9K,0,FINANCE
"Americans are increasingly worried about losing their jobs and expect to curb their growth in spending, according t… https://t.co/mcMHW1AzyL",0,FINANCE
Americans aren't having as much sex or as many children as they used to. That could be a  serious economic problem… https://t.co/Y4CCpfPGSi,0,FINANCE
Americans hurt by the pandemic are skipping home-loan payments. The trusts that own the mortgages are feeling the p… https://t.co/DkBAJStG4x,0,FINANCE
And now we sell https://t.co/YAsnS6oIfa,0,FINANCE
"As the coronavirus crisis persists, economic optimism among voters in critical 2020 swing states is deteriorating s… https://t.co/nlBu1etIew",0,FINANCE
Behind hedge fund Bridgewater’s massive bet on a stock-market decline https://t.co/kkrYY3BhcY,0,FINANCE
Billionaire Nelson Peltz's Trian Partners saw its portfolio of investments decline by more than 16% in March https://t.co/OpWUjehvwp,0,FINANCE
Blackstone CEO Steve Schwarzman says the virus could wipe $5 trillion from GDP https://t.co/5oLwzfkAES,0,FINANCE
Blackstone CEO Steve Schwarzman says the virus could wipe $5 trillion from GDP https://t.co/Kj4fVW2dRC,0,FINANCE
"Broader issues remain, from the trade war with China to weakness in manufacturing. And there are fewer people left… https://t.co/uSGvzRGSvn",0,FINANCE
"Cannabis stocks are starting to go up in smoke, stifled by thwarted legalization and dried-up financing https://t.co/L35GocQWdB",0,FINANCE
Carmakers brace for crisis as virus wreaks havoc in China https://t.co/bCHzyRdaAl,0,FINANCE
Cash Woes at India Shadow Lenders Risk More Bad Debt at Banks,0,FINANCE
Cash-out refis are making a comeback -- and that's bad news. https://t.co/5PscleonqC OPINION,0,FINANCE
China’s Banks Are Going to Suffer. But Not Equally,0,FINANCE
China's divorce rate spiked as couples emerged from quarantine - and it's a warning to the rest of the locked-down… https://t.co/GBLJvsYQ54,0,FINANCE
"Cooperstown, New York among the many tourism-dependent small towns bracing for a hard year https://t.co/J69DLkDrQl",0,FINANCE
Coronavirus crisis spells trouble for many Egyptian breadwinners #economy #MarketScreener https://t.co/GZigTCrM87 https://t.co/quyVSpE3FJ,0,FINANCE
Coronavirus muddies U.S. economic data as business closures push down response rates https://t.co/GiDjLCZqKr https://t.co/7cgvSzJeM0,0,FINANCE
Coronavirus Task Force Declares Public Health Emergency https://t.co/lSodhOAQrj,0,FINANCE
Disruptions caused by #COVID19 are starting to ripple through #emergingmarkets. March data show sharp slowdowns in… https://t.co/oufpbwIhJb,0,FINANCE
DIY stock indices pose challenge to investment heavyweights https://t.co/RfKJ0ClC14,0,FINANCE
Dizzying swings are torching Wall Street predictions https://t.co/BvV6iItVRt,0,FINANCE
Ealing’s downturn hits high-priced houses https://t.co/WLEnqLdOf1,0,FINANCE
Economic indicator dulls allure of haven assets https://t.co/EJ7qAQfXP2,0,FINANCE
"Energy has gone nowhere in the past decade, and it could get worse before it gets better https://t.co/PSDVJKnQ3B",0,FINANCE
"Era of ‘stratospheric profits’ for banks is over, Bradesco CE0 says https://t.co/aaPiYhQM8b",0,FINANCE
Even those who go down to the sea in ships are being affected by #COVID19 as demand drops and distribution channels… https://t.co/NrZf0j2TZq,0,FINANCE
Everything Is Broken: The Most Profitable Trade Since 1993 Is Now Upside Down  https://t.co/gcsFDy6iFd,0,FINANCE
Expect A Weaker Dollar In 2020. Read more and sign up for updates: https://t.co/mLTiueEXHn #economy #stockmarket #trading,0,FINANCE
Facing Catastrophe: Loss Of Working Hours To Equal 195m Full-Time Jobs According To UN Agency  https://t.co/JUs99JOK5t,0,FINANCE
Fewer international students are coming to the United States. That's cost the US economy $11.8 billion and more tha… https://t.co/bvewZMLka7,0,FINANCE
FirstFarms A/S (CPH:FFARMS) Delivered A Weaker ROE Than Its Industry,0,FINANCE
"Forget 'Ides Of March', Washington 'Storms Of December' Loom Over ""The Holidays"" https://t.co/KK7SgNSh1E",0,FINANCE
From @BreakingViews: Why Italy and France have bad economic headaches https://t.co/quLJ6Us2gR,0,FINANCE
Fun fact: there are about 35 million people still in credit-card debt from last year’s round of holiday shopping. H… https://t.co/jCGa4zu6Nl,0,FINANCE
Goldman Sachs Says Wealthiest to Back off Stocks,0,FINANCE
GoPro's share price has had a ride as turbulent as some of the heart-stopping stunt videos the camera is responsibl… https://t.co/gdiJt50HGK,0,FINANCE
Gundlach: Trouble Brewing In Debt Markets As The 'Real Turmoil' Is Only Beginning https://t.co/V0muhfT6dX,0,FINANCE
Here's a warning about negative interest rates and how they can do a lot more damage https://t.co/4arbZd3Mos https://t.co/jBLlpdmiYC,0,FINANCE
Highlight: “The number one challenge facing small and medium-sized enterprises there’s not enough labor — willing a… https://t.co/A2f4FiJyj3,0,FINANCE
Highlight: “There’s going to be a bloodbath in terms of synergy savings and retrenchment…” @InvescoUS's… https://t.co/YPgyDW3rMX,0,FINANCE
"Highlight: “We’ve see again and again that Tesla can’t live up to Elon Musk’s promises,"" @NewConstructs Investment… https://t.co/9BX4enQaL2",0,FINANCE
"Highlight: 'January has been very warm ” it has had a negative impact on a lot of stocks,â€ @Jefferies Analyst TJ Th... https://t.co/BEi2z75YWw",0,FINANCE
"Historically, a down January significantly increases the odds of a down year. These is the S&P's January and full y... https://t.co/KwYpetizem",0,FINANCE
Holiday Season In Jeopardy As Consumers Reign In Spending Amid Economic Downturn  https://t.co/FnddB5woQL,0,FINANCE
How did the vaping industry go from viral status to crisis control? https://t.co/CiqLPt4SbB,0,FINANCE
How South Korea’s low birth rate adds to the case for QE https://t.co/GxY567Tu01,0,FINANCE
In case you need another reason to delete your Facebook: https://t.co/YEEHiptvAV,0,FINANCE
Influential U.S. doctors group calls for ban on vaping products,0,FINANCE
Inside the PBOC’s struggle to balance China’s growth and debt https://t.co/gTlQQ5Ry0P,0,FINANCE
"Investors should prepare for a coronavirus-induced 'vicious spiral' more than twice as bad as the financial crisis,… https://t.co/DfPJxkxz36",0,FINANCE
"Investors should prepare for a coronavirus-induced 'vicious spiral' more than twice as bad as the financial crisis,… https://t.co/mPvWa8T7IK",0,FINANCE
Iranian Strike on U.S. Forces Roils Markets #index #MarketScreener https://t.co/fU5DTtl5Q5 https://t.co/JQHmnd54oH,0,FINANCE
Jamie Dimon expects fallout from the coronavirus pandemic to include a major economic downturn and stress similar t… https://t.co/OiLhueL7nv,0,FINANCE
JPMorgan Chase CEO Jamie Dimon said he sees a 'bad recession' in 2020. More here: https://t.co/YZkgXZzJUx https://t.co/6YDSlmQArh,0,JPM
"JPMorgan Chase chief Jamie Dimon said he expects the coronavirus crisis to include a ""bad recession"" and elements o… https://t.co/w8hyHTe0yW",0,JPM
"Just when it seemed like things couldn't get worse for Tesla after the botched unveiling of its Cybertruck, the int… https://t.co/VwpJZ2lDpg",0,FINANCE
Latin America's economy was already going backward when the coronavirus hit. Now it's at risk of losing a whole dec… https://t.co/MLK8U4vIV0,0,FINANCE
"Market bounce is an 'aftershock' with 'pretty horrific' earnings to come, Citi analyst says https://t.co/GyG0DStncb",0,FINANCE
Miners Are Facing Challenges Globally,0,FINANCE
"More stockmarket volatility, less buying the dip, and slower earnings per share growth ahead, Goldman Sachs says https://t.co/pbocwzzG48",0,FINANCE
"More than $56 billion of dividends have been scrapped by businesses based in Western Europe, the U.S. and Canada https://t.co/TIpZudouqr",0,FINANCE
"Once ambitious to expand into the US, some Chinese firms are now scaling back https://t.co/nV3BbhlTAg",0,FINANCE
Pandemic isn't a boon for meal delivery firms #economy #MarketScreener https://t.co/EEk33VYHXZ https://t.co/inkGg57Ek9,0,FINANCE
Piper on SaaS Lessons from 2008-2009 suggests SaaS billings growth might not bottom for six months after an economic shock,0,FINANCE
Protests Against India’s Citizenship Law Turn Violent in Delhi,0,FINANCE
Protests over pensions show reform is needed https://t.co/VPFciUVjqY,0,FINANCE
Qatar Insurance may have its ratings cut by one level at S&P Global Ratings https://t.co/Z9zuZQr7WM,0,FINANCE
Quant pioneer Winton suffers in coronavirus-driven sell-off https://t.co/NzVrVfgI40,0,FINANCE
"Ray Dalio says the global economy is heading for a ""great sag."" The billionaire investor says the world is dealing… https://t.co/SaSbdjPlIk",0,FINANCE
Rush to Green Sparks Concern of Bubble in ESG Assets,0,FINANCE
S&P may cut Qatar Insurance ratings over a $310 million loan https://t.co/WPluJ9zKYB https://t.co/S2xEY8RQRW,0,FINANCE
Some Bad News From JPM: This Is What Happens After We Pass The Virus Peak  https://t.co/4eoRhnc6fc,0,JPM
"Some jobless Americans will start seeing heftier unemployment checks as soon as this week, depending on where they… https://t.co/AHIHmzM836",0,FINANCE
"Study Finds Most Packaged Foods Contain Dangerously High Levels Of Salt, Fat",0,FINANCE
Sympathy strikes ground flights and bring havoc to commuters in Finland https://t.co/Ll2SzTY1Ql,0,FINANCE
"The airline industry is nearing the end of a miserable year, with profit missing forecasts by almost $10 billion https://t.co/4Ert5aucQP",0,FINANCE
"The China-driven growth in beef consumption may soon be over, @davidfickling shows (via @bopinion) https://t.co/HU4iT9k1bQ",0,FINANCE
The consensus of professional forecasters is that U.S. real GDP growth will dip below 2% in 2020… https://t.co/33GnLQotKz,0,FINANCE
"The coronavirus crisis will leave 3 long-term scars, even if the economy recovers in the fourth quarter, Pimco warns https://t.co/zMcT4xckIZ",0,FINANCE
"The coronavirus will create an ""unprecedented decline in economic activity"" in emerging markets, says Alessandro Re… https://t.co/cgkMbpz6mU",0,FINANCE
The economic costs of the coronavirus contagion have started to show up in the data for the Middle East… https://t.co/l6FxkV1vzh,0,FINANCE
"The equity rally that’s built on hopes for a growth rebound won’t last as the U.S. economy is heading for a “mild recession""… https://t.co/TLe3JRpxoS",0,FINANCE
The global travel slump could cost 25 million jobs worldwide according to air-travel trade association @IATA. More… https://t.co/1JLfHwA181,0,FINANCE
"The job loss reflected in Friday's report is a shock that is unprecedented, as is the uncertainty surrounding it-wh… https://t.co/cXIDgk5QcD",0,FINANCE
The largest hedge fund in the world has reportedly staked more than $1 billion that global equity markets will fall… https://t.co/mUWzntmzdg,0,FINANCE
The new governor of Buenos Aires province warned he doesn’t have enough money to meet debt obligations and pay sala… https://t.co/LhDGOfHAW3,0,FINANCE
"The next downturn will be a ""smorgasbord recession,"" Paul Krugman said. https://t.co/YKmxl5IlL8",0,FINANCE
"The rally is running out of steam, and for good reason https://t.co/7UTw0Uh3WV",0,FINANCE
The Retail Apocalypse Is Accelerating. https://t.co/3H13y274yj #business #trading #stocks,0,FINANCE
"The solar panel market could drop by 34% this year, analysts said, as residential installations plummet. Read more… https://t.co/aMleU6pUld",0,FINANCE
"The strike by about 3,200 Canadian conductors and railyard operators enters its 7th day https://t.co/evd7GQxQDr",0,FINANCE
The underlying trend remains to the downside  #Stock #MarketScreener https://t.co/SnBOfWESuP https://t.co/aw02S6u7Io,0,FINANCE
"The Unhappy “New Lows” Of 4 Brand Names: Sprint, Tupperware, Overstock And Dropbox",0,FINANCE
This economic trend could revive recession fears,0,FINANCE
"Trade Reigns Supreme: Despite Strong Target, Lowe’s Results, Market On Defensive",0,FINANCE
"Traders are worried after seeing Canada's ""terrible"" jobs numbers https://t.co/Xmu5o6jOYd",0,FINANCE
"U.S. consumers fear for jobs, debt payments because of coronavirus: New York Fed survey https://t.co/G4ks6dZU8O https://t.co/8d8gjmTbR2",0,FINANCE
What Happens When The Economic Momentum Ends? https://t.co/AkPhHv1CI0,0,FINANCE
"When ‘idjits’ mock Warren Buffett, the stock market could be in trouble https://t.co/0jLAWazWB2",0,FINANCE
"When Chinese Consumers Stay Home, the World’s Retailers Take Hit",0,FINANCE
Why pensions across the world are in crisis https://t.co/JJxAS7ufuD,0,FINANCE
Why the chances for a 'V'-shaped economic recovery are getting less likely by the day https://t.co/lHQWO98vjc,0,FINANCE
"With milk prices plunging to lows, dairy farmers are dumping the product to curb an oversupply during the… https://t.co/iUjDjzQiS9",0,FINANCE
"""The worst is behind us for this cyclical bear market that began two years ago, not last month,"" said a Morgan Stan… https://t.co/e8xnMsmKNI",1,FINANCE
"""Things are normalizing"": ETF market action is ""encouraging"" despite economic worries, investor says. (via… https://t.co/NBVbsSAg84",1,FINANCE
⚡️ Wind speeds are up globally. That's good news for renewable energy. https://t.co/loLhTI7Sgs,1,FINANCE
"A 16,700% return in 50 years makes Hong Kong's benchmark stock index the world's best https://t.co/n1z62yd415 https://t.co/83tvS3rUoh",1,FINANCE
A Little Less Trade Uncertainty as 2019 Winds Down: Economy Week,1,FINANCE
A signal that investors may be ready to take on more risk https://t.co/EWEtJCkBEd,1,FINANCE
AutoZone has benefited from a variety of factors such as a healthy U.S. consumer and more older vehicles on the road https://t.co/WJqhPK5iNb,1,FINANCE
Blockbusters like ‘Frozen 2’ will make Disney the first studio to earn $10 billion at the global box office in a si… https://t.co/4e8v3Uo3E4,1,FINANCE
Buy-the-Dip Becomes Buy Into Strength As Reports Of Virus Treatment Provide New Boost,1,FINANCE
Canada’s ‘Big Six’ banks are staging a comeback https://t.co/tU3FgRapuZ,1,FINANCE
"Coronavirus update: New York possibly near apex, markets open the week higher https://t.co/LgEwCjyMPN by @AnjKhem https://t.co/2J8sYD1iPh",1,FINANCE
"Demand for U.K. Office Space as Strong as Ever, Says JLL U.K. CEO",1,FINANCE
Economic volatility is at a record low: Morning Brief,1,FINANCE
"Fifteen days ago, the S&P 500 was mired in a bear market. On Tuesday, at least technically, it rocketed into a new… https://t.co/w6y2NEhF6F",1,FINANCE
"Financial markets latched on to figures suggesting that New York's coronavirus cases may have plateaued. As it is,… https://t.co/dUi7TdhmVj",1,FINANCE
"For decades, the U.S. was the unquestioned leader in space travel. Now, the private space industry is taking off ar… https://t.co/nbbzHy3t7m",1,FINANCE
"From record Cyber Monday sales to a blowout jobs report, these are this week's top stories: https://t.co/wgTzrA4pJC https://t.co/IfD2sLowPk",1,FINANCE
Get Excited About U.S. Economy And Stocks – Senate To Regain Tariff Powers,1,FINANCE
Good News for Everyone - Private Equity is Set to Grow at the Stock Market's Expense,1,FINANCE
Growing investor interest in space,1,FINANCE
Here's why Americans will probably spend more than $2 billion on Christmas trees this year: https://t.co/DwUEBRsEtY https://t.co/eiy3rF5Cev,1,FINANCE
"Highlight: ""We have high confidence that we've seen what we call the internal low for the market,"" @suntrust Chief… https://t.co/DegDCWsxib",1,FINANCE
"Highlight: ""We have high confidence that we've seen what we call the internal low for the market,"" @suntrust Chief… https://t.co/md3WSyAKHT",1,FINANCE
"Highlight: ""We've seen video conferencing... [spike] from a couple of hundred thousand monthly active users to over… https://t.co/dqIyqVPqZu",1,FINANCE
"Highlight: “About 21 million investors in the U.S. would have an interest in investing in bitcoin,”… https://t.co/wJRda3ylEH",1,FINANCE
"Highlight: “There's very little not to like about this report,"" @WellsFargo Acting Chief Economist Jay Bryson says… https://t.co/rGDhL2lHpi",1,FINANCE
"Highlight: “They had record-breaking advance sales,"" Box Office Guru Founder @GiteshPandya says about Frozen 2. ""Th… https://t.co/iuKuOXaaMu",1,FINANCE
"History shows that the Dow, S&P 500, and the Nasdaq could be in for another huge run in 2020.… https://t.co/xYovuKPQss",1,FINANCE
"India Online Test Preparation Markets, 2020-2024: Anticipated to Witness a Massive Growth of 39% CAGR -… https://t.co/c6dbdTOIBi",1,FINANCE
Investors are right to be pleased with November’s strong jobs report. But there are also some things to puzzle over. https://t.co/jlVv1dIETY,1,FINANCE
Investors are shrugging off weak data and trade snags that would have roiled markets just months ago  https://t.co/mDuxVvY8aB,1,FINANCE
Investors cheered the blockbuster November jobs report https://t.co/CgSzMYRjdY,1,FINANCE
"James Dinsmore attributes Bancroft Fund's unusually strong 2019 to falling rates, judicious use of leverage and a m… https://t.co/BBrBuvoWD9",1,FINANCE
"Jim Cramer predicts 'U' shape recovery, says economy 'will bounce back gradually' https://t.co/VjCE8rzJHU",1,FINANCE
Jobless Americans to see extra payments as soon as this week #economy #MarketScreener https://t.co/NMjEJFsOkM https://t.co/VURGAjhdYu,1,FINANCE
Last month Bill Ackman said 'hell was coming.' Now he's 'optimistic.' https://t.co/0FeLE9HwNi,1,FINANCE
"Life Is Good, Say 90% of Americans",1,FINANCE
"LISTEN NOW: A blockbuster November jobs report was released this morning, with job numbers beating estimates and un… https://t.co/4zl37XeUmU",1,FINANCE
"LISTEN NOW: Wall Street sees some positive coronavirus news, with signs the curve may be bending in parts of the wo… https://t.co/nhJWp1yOqQ",1,FINANCE
Long-Term: Lean Hog Prices Set To Rebound. https://t.co/rUUbENIlsY #markets #finance #investing,1,FINANCE
Market's Reaction To Trade News Is Encouraging. Read more: https://t.co/w5ol1Iw6d4 #investing #business #finance,1,FINANCE
"New for subscribers:  Strategist Jeff Saut says the stock market bottom in, predicts new S&P 500 record before year… https://t.co/CLXKUqdU58",1,FINANCE
Nokia is Preparing to Come Roaring Back in the New Decade,1,FINANCE
"October Architectural Billings Index: Finally, Signs Of Strength. Read more and get updates on any stock!… https://t.co/hchfMOHnZT",1,FINANCE
OPINION: Why did markets shrug off Boris Johnson's hospitalization? Because of robust confidence in U.K.'s parliame… https://t.co/yBTZY2BnGa,1,FINANCE
Precious Metals' Golden Year To Continue. Continue reading: https://t.co/4eI69q6pDv #finance #trading #business,1,FINANCE
Rains bring drought relief and hope to Australian farmers https://t.co/eTC9tqtevp,1,FINANCE
Since we rallied today due to the virus slowing down in KEY STATES (NY) will the Cuomo pressers be market-moving events?,1,FINANCE
"Stocks could rocket higher from here, history shows: Morning Brief https://t.co/b2iiWYhKSS by @SamRo https://t.co/TMIheTmziA",1,FINANCE
Tech Breakthrough Could Spark A Geothermal Energy Boom,1,FINANCE
"Teens could be a saving grace for malls, new research says https://t.co/4Rr0NF6Awq",1,FINANCE
"The ‘great rotation’ will arrive in 2020 and bring another strong year for stocks, JP Morgan says https://t.co/3Aw0ecaK9S",1,FINANCE
The Big Picture: No fundamental reason for 2019 holiday sales to disappoint $SPY-- https://t.co/w4dAzYCmAz… https://t.co/CNY9CEJica,1,FINANCE
The Bull Market Almost No One Saw Coming,1,FINANCE
The bullish case for stocks with major averages already up more than 20% from the lows https://t.co/lesMhGbHHC,1,FINANCE
"The global economy and earnings will stabilize in 2020, allowing riskier assets to flourish even with central banks… https://t.co/pWimpjtCke",1,FINANCE
The mood is upbeat on markets ahead of Thanksgiving #Stock #MarketScreener https://t.co/NxpndHvCKP https://t.co/gzcevw7HEv,1,FINANCE
"The number of 401(k) millionaires hits a record high — here's how you can get there, too. https://t.co/Za40bnydSF https://t.co/e0tswxArez",1,FINANCE
"These stocks could get a boost from the millions working from home, traders say. (via @TradingNation)… https://t.co/ToPfG4ZBlo",1,FINANCE
"'Things are normalizing': ETF market action is 'encouraging' despite economic worries, investor says (via… https://t.co/8KwoMqVoHA",1,FINANCE
"This winning stock-market bet was soured by the coronavirus crisis, and now it's setting up for a rebound https://t.co/tjOKF3LpJ5",1,FINANCE
Trade deal removes major hurdle for rally in Apple and tech,1,FINANCE
U.S. Marriages Rising as Same-Sex Couples Now Counted in Report,1,FINANCE
"Video game revenue is projected to reach $174,000,000,000 this year, according to IDC. But there’s an issue many de… https://t.co/A6zTb3fb4X",1,FINANCE
Wall Street Weekahead: Conditions may be set for Santa Claus rally https://t.co/H33Y0b2ZzZ https://t.co/4ubPdO0rvg,1,FINANCE
WATCH: Why is 2019 on pace to be the largest year ever for healthcare technology? @GoldmanSachs Investment Banking… https://t.co/TJKrWqal07,1,FINANCE
What Bad News? Investors Keep Stocks Rising--Update #economy #MarketScreener https://t.co/ExrV4T1guP https://t.co/6n0A3MHaZF,1,FINANCE
While market strain triggered by the coronavirus pandemic has eased since the Federal Reserve's historic interventi… https://t.co/AyvldKn33r,1,FINANCE
While market strain triggered by the coronavirus pandemic has eased since the Federal Reserve's historic interventi… https://t.co/H5iCiGtUtn,1,FINANCE
�� Here's why one great whale offers more in the fight against climate than a forest of trees https://t.co/y0UwSQWd8u,2,FINANCE
�� Here's why Trump Tower is now one of the least-desirable luxury buildings in NYC https://t.co/1OOQHhju0F,2,FINANCE
- Time: 15:00  #Stock #MarketScreener https://t.co/99IOCFohM3 https://t.co/ZfDyZZkp55,2,FINANCE
"""1/3 of all women in the world have experienced some kind of violence."" Here's how @UN_Women is working to end tha… https://t.co/PPmZ6wtfUF",2,FINANCE
"""Be nice to people"" is the mantra that has guided @justbobbibrown through: • Disruption of the beauty industry •… https://t.co/NG2kUNjofO",2,FINANCE
"""Be nice to people"" is the mantra that has help guide @justbobbibrown through: • Disruption of the beauty industr… https://t.co/3v20SU0Nxd",2,FINANCE
"""Bloomberg Daybreak: Middle East"" Full Show (12/15/2019)",2,FINANCE
"""Frozen II"" is expected to heat up a cold box office, with $130 million in sales expected over its opening weekend https://t.co/jVip0q50Ne",2,FINANCE
"""How To Use Stochastics to Spot Market Reversals"" Educational video!! https://t.co/8m7IetauIy Enjoy!",2,FINANCE
"""I almost burst into tears, but I held on. I'm so proud."" The Pacific people of Bougainville are deciding if they… https://t.co/NTPLIMPkti",2,FINANCE
"""I say, let's go carbon-neutral by 2050 and Corbyn-neutral by Christmas.""

Boris Johnson touted clean energy propos… https://t.co/5XXVipPBG0",2,FINANCE
"""I wasn't there to photograph a woman being beaten."" In 1982, documentary photographer Donna Ferrato took the phot… https://t.co/2SmlNTdDyx",2,FINANCE
"""If It Walks Like A Duck And Talks Like A Duck, Then It Probably Is QE"" https://t.co/YQov1fgaif",2,FINANCE
"""In 10 years from now, investors will be looking at & evaluating #ESG scoring as a part of the overall performance… https://t.co/RD5kKfb4jn",2,FINANCE
"""it is the fear of infection, not the ultimate death rate, which is the most likely cause of economic damage"" - MK",2,FINANCE
"""Let’s do push-ups, man."" https://t.co/U8QVQkICIh",2,FINANCE
"""Most consumers want vehicles that can match gas-powered vehicles in range, utility, cost and ownership ease,"" writ… https://t.co/7fUjoda8kU",2,FINANCE
"""No water. No water. How could you have no water?""

84-year-old Max Atkins tells how he fought to save his home in... https://t.co/9mlSlsYS2F",2,FINANCE
"""Nobody's Traveling For Next Two Months"" -œ Airlines Dumping Chemicals In Fuel Tanks To Prevent Algae  https://t.co/ueQwUIAAmx",2,FINANCE
"""Start by doing what’s necessary; then do what’s possible; and suddenly you are doing the impossible,” said Christi… https://t.co/nJpvWKGRss",2,FINANCE
"""The big threat is not so much the number of outstanding cash-out refis as it is the total dollar amount — $3.1 tri… https://t.co/gk9Qd0ewhc",2,FINANCE
"""The fact that the public market rejected the private market valuation on WeWork, I think was a very healthy develo… https://t.co/eVo36teP8g",2,FINANCE
"""The separation will better empower each company to fully embark upon its unique path for growth."" https://t.co/5gAta0NNKr",2,FINANCE
"""They All Knew!"" - Chinese Furious At Virus-Fighting Officials Who Lied About Human Transmission https://t.co/YxHOkI21u1",2,FINANCE
"""They Have Stolen From All Saxons!"" - Thieves Steal 100s Of Priceless Jewels From Dresden Museum  https://t.co/jvm2ZUW6uX",2,FINANCE
"""This game came out of nowhere... Effectively they just surprise launched on everyone, and the entire gaming world… https://t.co/DfFWHDvFzO",2,FINANCE
"""This is a gorgeous vehicle. It kinda looks like a hallucination""",2,FINANCE
"""This truck Doesn’t look like a truck I don’t think it’s a truck for me."" One country music star came up with thos… https://t.co/oqLHXcHst2",2,FINANCE
"""We are only scraping the surface."" The British inventor who built his own 'Iron Man'-style suit has doubled the s… https://t.co/Kq7aD4HUEh",2,FINANCE
"""We are only scraping the surface."" The British inventor who built his own 'Iron Man'-style suit has doubled the s… https://t.co/yKjuZOueEt",2,FINANCE
"""We know what we have to do — reduce emissions, offset what cannot be reduced and adapt to new climate realities. N… https://t.co/xGAbvReq6y",2,FINANCE
"""Why not take the opportunity to turn Thanksgiving dinner into a discussion of something many Trump supporters agre… https://t.co/SV1NIlQ5Hr",2,FINANCE
#FlashbackFriday: We take a look back at our #Seattle branch employee sorting through currency in this #throwback f… https://t.co/0QiaWRDunE,2,FINANCE
#FridayReads: Thinking about joining the remote workforce? Our own project consultant Courtney Obi shares her five… https://t.co/vTaytywtq3,2,FINANCE
"#FridayReads: What determines #interestrate fluctuations? Our latest #EconomicLetter ""Riders on the Storm"" analyzes… https://t.co/dxuDPQvYEF",2,FINANCE
"#HOLIDAY #SPECIALOFFER: Take 33% OFF streaming #market intelligence, #earnings #news coverage, sophisticated… https://t.co/Uq9axnEBQT",2,FINANCE
#HunterBiden is just killing my life .... it's so hard to be White now in America ..... it's like being William hun… https://t.co/uHk95qx1Ig,2,FINANCE
"#NYGiants @Giants I'm sure the Giants defense will make Trubisky look like Tom Brady today, It's sad to watch",2,FINANCE
#SnackFact of the day: @RobinhoodSnacks won Best Business Podcast 2019 from @Discover_Pods Awards. This has got to… https://t.co/gYL0CfuCwS,2,FINANCE
#SouthAfrica suffers among the highest levels of inequality in the world. #Inequality manifests itself through a sk... https://t.co/388qLKScln,2,FINANCE
#SpecialOffer 33% OFF live streaming #market #analysis of #earnings #economic #news https://t.co/8b7VdvjsxW #stocks… https://t.co/uBvoEDB0I9,2,FINANCE
"#SpecialOffer: Just in time for the holidays! Take 33% OFF live, streaming #market #analysis & #investing #ideas… https://t.co/DqHU1PHvv5",2,FINANCE
"#Water is life. Too little, and we cannot survive. Too much could be deadly. #Climatechange is increasing droughts… https://t.co/DLk5ysp44b",2,FINANCE
"$500-$30,465 in 9 weeks time. Goal is 40k by end of month. Just need to play smart, buy time and take those profits… https://t.co/nzzyJNCFsW",2,FINANCE
$SPX - going to close red on the month? https://t.co/8uM7YBdsWL,2,FINANCE
$WIRES: On The Wires https://t.co/uMPdDeNsVb,2,FINANCE
(Free to read) Over 60% of Americans say that stock market performance has little or no impact on their personal fi… https://t.co/l3QZQ3KwJy,2,FINANCE
"*Friends theme song voice*: So someone told Jennifer Aniston that she'd never ""make a dime."" (via @CNBCMakeIt) https://t.co/BLt1LwZsVN",2,FINANCE
.@aztecs99 has your shortlist...of shorts    https://t.co/4VSrUYqrN3,2,FINANCE
".@bcope51 wishes he'd learned more about budgeting and basic personal finance skills in college, so he started teac… https://t.co/q9sbthuhgg",2,FINANCE
".@CNBCselect usually doesn't recommend signing up for a store credit card, but here's one big exception.… https://t.co/nPFeuun4Og",2,FINANCE
".@Coldplay says they won't be touring their new album #EverydayLife, which drops tomorrow. Is climate change to bl… https://t.co/MLH1tJmjF8",2,FINANCE
".@Coldplay says they won't be touring their new album #EverydayLife, which drops tomorrow. Is climate change to bl… https://t.co/UfW2Pp2CMl",2,FINANCE
.@JimCramer says @realDonaldTrump just found a real reason to want to win rather than just end the trade war with C… https://t.co/Io7ups9jzh,2,FINANCE
".@JimCramer's latest thought on U.S.-China trade negotiations? ""I think it's time to walk away."" Read his full reas… https://t.co/mCqYMLgt6S",2,FINANCE
".@JimCramer's solution for a lack of market participation? ""Raise the roof on IRA:"" https://t.co/IP6xHN4Fz2 https://t.co/F3CvJ3iVc4",2,FINANCE
".@MakerDAO is the darling of the decentralized finance movement. Unlike its competitors, it's backed not by other g… https://t.co/Ae9thc7Kia",2,FINANCE
".@realDonaldTrump on jobs number? ""Phenomenal""",2,FINANCE
.@RevShark breaks down 3 things to be thankful for heading into the holiday week  https://t.co/SxMS8I7fdG,2,FINANCE
.@RevShark breaks down 7 things to be thankful for: https://t.co/BnLW0MrDQc,2,FINANCE
.@Roku is here to tell you that you can still watch the Super Bowl  https://t.co/OfiiM0R0BZ,2,FINANCE
.@SecAzar and I will soon release a plan to let Florida and other States import prescription drugs that are MUCH CH… https://t.co/KUCvUfA3JU,2,FINANCE
".@SussexUni scientists developed a 3D image that moves, recreates sounds, and even mimics the sensation of touch https://t.co/8CFjY45GGE",2,FINANCE
.@Sweetgreen is taking a different approach to winning the delivery space. Here's what co-founder and CEO Jonathan… https://t.co/KBbLEmsoQC,2,FINANCE
:),2,FINANCE
"@HeyTammyBruce “This seems personal. That it is deeply unfair, that has not changed. This has become a matter of th… https://t.co/gm1Q6Gt3oM",2,FINANCE
@MikeCaymanTrades sometimes,2,FINANCE
@RobInTheBlack  Great to read your son is better.,2,FINANCE
"@SpeakerPelosi ""degenerate gambler""",2,FINANCE
@TicToc,2,FINANCE
@tictoc @telefenoticias @teleSUR_Chile @PaoladrateleSUR @monlaferte @inddhh,2,FINANCE
@tictoc @telefenoticias @teleSUR_Chile @PaoladrateleSUR @monlaferte @telefenoticias @inddhh @mbachelet,2,FINANCE
@TicToc Taxpayer Treatment UNFAIR TAX MONEY COLLECTED by IRS Recognized as LOAN to the IRS ALL MONEY be returned to… https://t.co/vQbZMoTmPz,2,FINANCE
@TicToc TRUMP WARNING by Trump appointment of military departments Leaders NOW TRUMP can CONTROL them and tell them… https://t.co/zQA3G6kUMe,2,FINANCE
{Free} Dragonfly Capital Bull Scan for 11-25-19 https://t.co/kR9HI32JTA,2,FINANCE
"{Free} Macro Week in Review/Preview November 22, 2019, on the blog and here https://t.co/EzxLmLjLsJ $SPY $IWM $QQQ… https://t.co/viMn7UvGjV",2,FINANCE
"{Free} Top Trade Ideas for the Week of November 25, 2019: The Rest Premium, on the blog and here… https://t.co/vG6f9AU25O",2,FINANCE
‘Frozen 2’ Breaks Box Office Records With $350 Million Worldwide Debut $DIS https://t.co/Nq3IE3viW9,2,FINANCE
‘Great Recession’ a decade ago is one reason your Christmas tree will cost more this year. https://t.co/gWmkk2d7hk,2,FINANCE
‘Joker’ officially becomes first billion-dollar R-rated movie,2,FINANCE
"‘Panic Shopping’ In Hong Kong, While Mainland China Depends On E-Commerce",2,FINANCE
‘Perfect Result’ for Unsung Stocks: Strategists on U.K. Vote,2,FINANCE
"‘Phase 1’ Trade Deal Is Progress, Says Hills & Co.’s CEO",2,FINANCE
"‘Priceless’ Jewelry, Artifacts Stolen From German Museum",2,FINANCE
‘Significant relationships will be noted in our corporate love register’ https://t.co/kSrQi6kd9v,2,FINANCE
"“All Lam does is promise to listen, then ignores critical voices. These last six months have made it clear we need… https://t.co/85XfPKmbJU",2,FINANCE
“All of us who came here under a legal obligation also felt we had a moral obligation to do so” https://t.co/TpUBtEKJlv,2,FINANCE
"“Call the Cybertruck a Hummer for the green millennial generation, really the ultimate virtue and vice signaling ma… https://t.co/gidkkoeSFr",2,FINANCE
"“No one really has the full amount of money needed to buy the Treasurys they want to hold, or all of the mortgage-b… https://t.co/5hYXf4Dbhj",2,FINANCE
"“Robinhood disrupted this industry in a way that no one thought could happen,” @MadMoneyOnCNBC's @JimCramer says fo… https://t.co/MKcgdNZKNh",2,FINANCE
"“There is a perception among investors that these protests will fizzle out,” one executive says. https://t.co/iMZUORoQ2X",2,FINANCE
"“We have seen a horrifying global surge in domestic violence.""

UN Secretary-General @antonioguterres is urging gov… https://t.co/geODW5CMEL",2,FINANCE
"“You can’t contradict that these numbers are the best numbers of our lives,” @MadMoneyOnCNBC’s @JimCramer said in r… https://t.co/afwYjeGLCC",2,FINANCE
☀️ Cranberry farmers turn to solar power for extra income https://t.co/BNIq7WAc4T,2,FINANCE
❄@GitHub is storing open source code in an Arctic vault to protect it from the apocalypse https://t.co/1p92fJbMIC https://t.co/4SlLUkespn,2,FINANCE
"⚡️ @sussexuni scientists have developed holograms out of soundwaves that can be seen, heard and felt  https://t.co/KLCfEonVyI",2,FINANCE
"⚡️ Iman, the last Sumatran rhinoceros in Malaysia, has died at 25 after succumbing to cancer https://t.co/5D99IeWvcf",2,FINANCE
⚡️ Today is the International Day for the Elimination of Violence against Women. Here are some of the demonstration… https://t.co/STY1bQB1n4,2,FINANCE
1 Great Reason to Claim Social Security Benefits as Early as You Can,2,FINANCE
10 Easiest Instruments For Adults To Learn On Their Own,2,FINANCE
10 Most Profitable Franchises In The World,2,FINANCE
100% Correct!,2,FINANCE
16-year-old Carlos Gregorio Hernandez Vasquez died in U.S. Border Patrol care in May this year. Officials say he w… https://t.co/A6yaktHF0g,2,FINANCE
"1-Day Conference: Semiconductor Market Forecast 2020 (London, United Kingdom - January 15, 2020) -… https://t.co/hizUfGlrjD",2,FINANCE
2 Additions To My Retirement Portfolio. Subscribe to Seeking Alpha for more: https://t.co/h60SofEKDF #investing #stockmarket #trading,2,FINANCE
201 books to add to your reading list. https://t.co/6niTOmUik9,2,FINANCE
2020 could be the year everything changes for people with student debt https://t.co/RzYB083X7P,2,FINANCE
2020 Q1 Portfolio Review. https://t.co/9fB3ya2wit #trading #stocks #economy,2,FINANCE
2020: the year investors fall in love with stocks again?,2,FINANCE
2020's Biggest Risks,2,FINANCE
23 Million Reasons to Doubt This Bank Cleanup,2,FINANCE
25 Worst Holiday Storms of All Time,2,FINANCE
"3 Great Mutual Fund Picks for Your Retirement - February 06, 2020",2,FINANCE
"3 Great Mutual Fund Picks for Your Retirement - February 07, 2020",2,FINANCE
"3 key pillars to ensure school infrastructure planning factors in disaster preparedness and resilience: 

🏫Resilien… https://t.co/iL53Kve6iA",2,FINANCE
"3 Magnificent Mutual Funds to Maximize Your Retirement Portfolio - February 07, 2020",2,FINANCE
"3 Mutual Fund Misfires to Avoid - February 06, 2020",2,FINANCE
"3 Mutual Fund Misfires to Avoid - February 07, 2020",2,FINANCE
3 Mutual Funds to Make the Most of This Holiday Season,2,FINANCE
3 Reasons the Roth IRA Is the Best Retirement Savings Tool Out There,2,FINANCE
3 Social Security Strategies When You're Low on Savings,2,FINANCE
3 Steps Every Senior Must Take to Safeguard Themselves Against Financial Abuse,2,FINANCE
3 ways that Washington is set to take on the 'scourge' of robocalls,2,FINANCE
3 Ways to Calculate How Much to Save for Retirement,2,FINANCE
30 American Beaches That May Soon Disappear,2,FINANCE
"30% of Americans Are Willing to Consider a Meat-Free Thanksgiving, According to New Research From Meatless Farm",2,FINANCE
33 genius travel hacks to upgrade your holiday trips https://t.co/ZVckjmpdVE,2,FINANCE
"35 credit cards are a lot for one person to manage. Here's how one couple handles it, and uses their rewards to tra… https://t.co/Ngrf4TKH7l",2,FINANCE
"36% of millennials polled say that they approve of communism, which is up significantly from 28% in 2018. https://t.co/WJJfbWU8hS",2,FINANCE
"3D Printer Black Friday 2019 Deals: List of Comgrow, ELEGOO & FlashForge 3D Printer Deals by Deal Stripe",2,FINANCE
4 factors that'll drive economic acceleration in 2020: Goldman Sachs,2,FINANCE
4 Money Moves That'll Make You Richer in 2020,2,FINANCE
4 Observations From The First Ever 'Cannabis Investor Day',2,FINANCE
4 of the Most Exclusive Credit Cards in the World -- and Their Rumored Benefits,2,FINANCE
4 Things the Richest Retirees Have in Common,2,FINANCE
4 ways to help blended families navigate finances #investinyou (In partnership with @acorns.) https://t.co/debwOUOIDS,2,FINANCE
4 ways Washington is set to change how you save for retirement,2,FINANCE
"401(k) Contribution Limits Increase in 2020, but That Won't Matter to the Average American",2,FINANCE
42 arrested after protest delays Harvard-Yale football game https://t.co/DJvDBUrvv4,2,FINANCE
"44,000 hotels with 1.2 million rooms on four continents. Meet 26-year-old Ritesh Agarwal, a college dropout who fou… https://t.co/ZmBDGnxCLc",2,FINANCE
45% of Airline Loyalty Program Members Don't Know How to Use Their Rewards,2,FINANCE
"4-Day Programme: The Mini MBA for In-house Lawyers (London, United Kingdom - June 23-26, 2020) -… https://t.co/uS6RlMdbRv",2,FINANCE
5 Bad Decisions That Could Cost You Money at Tax Time,2,FINANCE
5 Life Milestones Millennials Are Delaying Because of Student Debt,2,FINANCE
5 minutes with... Ernest Hemingway’s pocket watch https://t.co/Au70URTLTH,2,FINANCE
5 things to know before the stock market opens Monday https://t.co/DZf8F02elz,2,FINANCE
500 Million Pieces of Trash Cover This State’s Roads,2,FINANCE
5G : wins CRN award and new Indirect Sales Channel #5G #Stock #MarketScreener https://t.co/yzofoF2baW https://t.co/936LUQtzWD,2,FINANCE
"5G coverage will span two thirds of the global population in 6 years, Ericsson predicts https://t.co/ooY30VhKb9",2,FINANCE
5G Trials To Start In January-March Quarter This Fiscal: Telecom Official,2,FINANCE
6 Reasons Why The 'Most-Hated Politician' In Latin America Became President Of Brazil https://t.co/aApEMWrmvn,2,FINANCE
6 Ways to Boost Your Savings in 2020,2,FINANCE
7 of the Best Brokerages for Handling Cash Reserves,2,FINANCE
7 Reasons Your Credit Card May Be Declined -- and How to Resolve Them,2,FINANCE
73% of Americans Are Making This Big Tax Mistake,2,FINANCE
8 Sources of Income Social Security's Payroll Tax Can't Touch,2,FINANCE
80% of Pre-Retirees Think They'll Work in Retirement -- Here's How Many Actually Do,2,FINANCE
9 secrets I never knew about airports until I worked at LAX https://t.co/1D9yzeUSkd,2,FINANCE
A 2020 gift guide for the tech-savvy traveler https://t.co/lxr1S4XJ6T,2,FINANCE
"A 6,000-square-foot, 10-bedroom Victorian mansion could've been yours for only $50,000, but there was one catch: Yo… https://t.co/I1zMf0J7t6",2,FINANCE
A Beginner's Guide to Weathering the Next Recession,2,FINANCE
A Big Step Forward For the Treatment of ALS,2,FINANCE
A Book That Helped Nestle’s Suresh Narayanan Tide Over The Maggi Crisis,2,FINANCE
"A California city designed as an anti-wildfire fortress is at risk of burning to the ground
https://t.co/zYaw65Q0cg",2,FINANCE
"A Californian church depicted Jesus, Mary and Joseph in cages at the U.S.-Mexico border for their nativity display.… https://t.co/Nurcx5QN8T",2,FINANCE
"A disclaimer from the fast food company says the burger is ""not vegetarian due to our cooking method,"" with the pat… https://t.co/4EyrjH6jcA",2,FINANCE
A Dividend Growth Strategy Based On Gold. Get more info on Seeking Alpha: https://t.co/jPbris9jNi #finance #economy #business,2,FINANCE
A few things to watch heading into the holiday week: https://t.co/85MmEqaSmS,2,FINANCE
A former car salesman advises that you never say this 1 thing when negotiating a deal. (via @CNBCMakeIt) https://t.co/Z8bAUPhyUd,2,FINANCE
'A free pass to paedophiles': Australian lawmaker slams Westpac,2,FINANCE
A garlic and citrus feed supplement that lowers the greenhouse gases burped out by cows is giving farmers the chanc… https://t.co/nCVcYLNw5x,2,FINANCE
A Global Guide To (US-Backed) Uprisings https://t.co/hWxXZZYC8H,2,FINANCE
A global guide to stimulus in 2020 https://t.co/aLX622gkjx,2,FINANCE
A Healthier Alternative to Luxurious Chocolate This Valentine’s Day,2,FINANCE
A Healthy Consumer A Positive For The Economy. Get more updates here: https://t.co/KZX0xmhIm8 #stockmarket #investing #markets,2,FINANCE
"A kiss on the hand
May be quite continental
But M&A is a girl's best friend....
Here's what you need to know about… https://t.co/yoNbUfUWy9",2,FINANCE
"A modern president? - cape-coral-daily-breeze.com | News, sports, community info. - Cape Coral Daily Breeze",2,FINANCE
A Montreal satellite company makes a major breakthrough in monitoring pollution from oil and gas fields https://t.co/3m8eDYb4RY,2,FINANCE
"A New NSTA Book Shows How Amazing Things Can Happen With a Blend of Biology, Engineering, and Serendipity… https://t.co/xMGopg3i0W",2,FINANCE
A New Problem for Clean Energy: Dealing With Old Windmill Blades,2,FINANCE
A new study finds great whales are carbon-capturing titans https://t.co/QunxmBjwKX,2,FINANCE
A New Zealand man has been found guilty of murdering 22-year-old British backpacker Grace Millane. Millane was kil… https://t.co/LotPF5rrxN,2,FINANCE
"A Nike executive is worried the Michael Avenatti trial may turn into a ""circus"" https://t.co/w41xGraaLK",2,FINANCE
A Painting Stirs Controversy in Mexico,2,FINANCE
A psychologist shares the 5 phrases parents should never say to their kids. (via @CNBCMakeIt) https://t.co/kGa8NQQHgj,2,FINANCE
A psychologist shares the 7 biggest parenting mistakes that destroy kids' confidence and self-esteem. (via… https://t.co/9JNpnJxICQ,2,FINANCE
A Quarter of Americans Are Making a Big Mistake This Holiday Season,2,FINANCE
"A rare Patek Phillipe watch sold for over $7 million at a @Christiesinc auction.

Believe it or not, that's actuall… https://t.co/fk7asQHL64",2,FINANCE
"A record 31.6 million passengers will travel on US airlines during the Thanksgiving holiday period, according to a… https://t.co/cijXm6nKeo",2,FINANCE
A Report Card For 2019's (Non) Predictions: Macro Man (Audio),2,FINANCE
A rift between regulators over the Boeing 737 Max could hold back new plane programs https://t.co/yhPmfyRKCb,2,FINANCE
A secretive startup backed by Bill Gates says it has discovered a way to use artificial intelligence and a field of… https://t.co/gZMTUhNtL4,2,FINANCE
A service called TeaTV lets people watch seemingly pirated content from HBO or Netflix for free with ads. https://t.co/2pakqmkSrt,2,FINANCE
A Sexist Joke Cost Ken Fisher $4 Billion in Assets. He Still Runs $121 Billion,2,FINANCE
A shortage of Christmas trees is driving up prices this year -- and you can blame the 2008 financial crisis https://t.co/OalUSo8N7T,2,FINANCE
A Solar Boom Without the Subsidy Gloom,2,FINANCE
"A take-private is exactly what it sounds like, but here's a more in-depth explanation https://t.co/H1XHS3ItKx",2,FINANCE
A tense showdown over college vaping and its health risks is roiling Duke University https://t.co/gU0dZCoiZa,2,FINANCE
"A Tokióban található teamLab Planets, a múzeum, ahol a víz a kiállítási közeg, idén tavasszal egy kis időre cseresznyevirág-szirmokba öltözik. A kiállítás 2020. március 1-től tekinthető meg.",2,FINANCE
A toxic foam caused by sewage overflow is settling on roads and water in New Delhi https://t.co/5oEvBRtZVg,2,FINANCE
A trainee day trader in France once made $11.6 million in one day on what he thought was just a “demo.” https://t.co/kRc9qZc7X1,2,FINANCE
"A U.S. official says the Florida Naval station shooting suspect was an aviation student from Saudi Arabia, the AP r… https://t.co/e9XEGFiIf9",2,FINANCE
"A Week In North Florida On A $24,960 Salary",2,FINANCE
"A Week In San Francisco, CA, On A $65,000 Salary",2,FINANCE
"A year after arrest, Ghosn seeks trial date, access to evidence",2,FINANCE
"Absurdity Update: British Academic Union Rules Members Can 'Identify' As ""Black"" And ""Disabled"" https://t.co/InTfaFCTMS",2,FINANCE
"Access LIVE #market #analysis, exclusive #investingideas, #earnings coverage and more. Take a #FreeTrial of Briefin… https://t.co/JI3Cin6xFZ",2,FINANCE
Active Versus Passive Investing: The Fallout. Continue reading: https://t.co/QVdhV4FJHJ #investing #markets #trading,2,FINANCE
"Activism Engulfs Japan as Firms Go Hostile, Investors Speak Out",2,FINANCE
Activist Greta Thunberg in Tweetstorm With Railroad Company,2,FINANCE
"Actor and comedian Sacha Baron Cohen criticized social media — especially Facbook, Twitter, and YouTube — as ""the g… https://t.co/UPcfrLlxHU",2,FINANCE
Adnan Syed Will Not Get New Trial As Supreme Court Rejects 'Serial' Case,2,FINANCE
"Adtalem Global Education : NIPA, American University of the Caribbean School of Medicine a...… https://t.co/oWxu9lWEKM",2,FINANCE
"Advertisers Are Ready for Streaming, but Streaming Isn't Quite Ready for Ads",2,FINANCE
"After $550 Million Exit, 34-Year Old Founder Wins Fresh Backers",2,FINANCE
"After $550 Million Exit, 34-Year-Old Gets Funds for Landing",2,FINANCE
"After an amputation, MIT research assistant Everett Lawson helped to design his own prosthetic leg https://t.co/h50zQluflA",2,FINANCE
"After Lehman declared bankruptcy in 2008, a group of market-timing services recommended extensive short positions i… https://t.co/AhzlyhnZfg",2,FINANCE
Agilysys : Restaurants Find Sustainable Methods for Limiting Food Waste During the Holidays #Agilysys #Stock… https://t.co/CIE4piMa92,2,FINANCE
"Agnes, your great boy Ronald is looking down, very proud of you! https://t.co/BHPu6IIdAN",2,FINANCE
"AI is coming for white-collar jobs as it gets harder, better, faster, stronger https://t.co/9akvOMfZOm",2,FINANCE
Air pollution is affecting Australia's east coast because of the smoke coming from the #NSWFires bushfires.… https://t.co/GEBbTfamjO,2,FINANCE
Al Gore says millennials should see combating climate change as “the single biggest investment opportunity in histo… https://t.co/jLiV2op1Yj,2,FINANCE
Alabama Department of Agriculture and Industries’ Plant Section Launches Multiple Online Applications… https://t.co/hAVozv2Sl1,2,FINANCE
All but one of Africa's 54 nations have signed up for what would be the world's largest free-trade zone https://t.co/h92gvyNwrE,2,FINANCE
"All Smoker Black Friday 2019 Deals: List of Masterbuilt, Weber, Pit Boss & Cuisinart Smoker & Combo Grill Deals Rel… https://t.co/OwmjgigXnE",2,FINANCE
"All The Best Facebook Portal Black Friday Deals (2019): Facebook Portal TV, Mini & Plus Sales Compared by Spending Lab",2,FINANCE
All you need to know about what's moving markets https://t.co/2T0YH18QwI,2,FINANCE
All You Need To Know Going Into Trade On Dec. 17,2,FINANCE
"All-inclusive resorts have the ""potential"" to be a highly sustainable way to accommodate mass tourism https://t.co/J20CA8DFiy",2,FINANCE
"Allstate Lawyers Fear For Safety After Opposing Counsel Threatens To Unleash ""Long D*ck Of The Law"" https://t.co/5ULgZcuVnQ",2,FINANCE
ALTCOINS-Crypto backed by crypto: Dai seeks to change 'stablecoin' game,2,FINANCE
"AM Best Affirms Credit Ratings of Meritz Fire & Marine Insurance Co., Ltd. https://t.co/rXWR7i4wmZ https://t.co/MrOyRXArwF",2,FINANCE
AM Best Places Credit Rating of Armour Secure Insurance S.A. de C.V. Under Review With Developing Implications… https://t.co/gg8ANRXgpT,2,FINANCE
Americans are flocking to these 15 cities where jobs are plentiful and salaries are rising. (via @CNBCMakeIt)… https://t.co/QyQjU9Mx2O,2,FINANCE
Americans are taking a long time to get married: https://t.co/NA3FHFkNXC,2,FINANCE
Americans' Top 3 Financial Resolutions for 2020 All Hinge on Doing This 1 Thing,2,FINANCE
America's lowest earners are powering the economy: Morning Brief,2,FINANCE
"Among Largest US Markets, Most Demand Is Still Met By Illicit Supplies",2,FINANCE
An activist group is demanding an investigation of suspicious letters submitted to the SEC https://t.co/1jFM7LvL4F,2,FINANCE
An estimated $400bn is needed each year to reverse declining populations. @OfficialZSL is encouraging sustainable l… https://t.co/h0QlJ4hKCR,2,FINANCE
"An ugly anti-Chinese strain is infecting the Hong Kong protests and driving away potential allies, says @shuli_ren… https://t.co/fVelIVlHjX",2,FINANCE
"Analysis: When Gordon Sondland appeared before the impeachment inquiry, Republicans were hoping that the US ambassa… https://t.co/of1aqvah7o",2,FINANCE
Andaman Islands feel the tides of change https://t.co/1B4x0zYV5P,2,FINANCE
Andrew Hill: A Lego session can uncover awkward truths about an organisation that none of its senior team has previ… https://t.co/S3DvfxLNJ2,2,FINANCE
Anger Mounts After Wuhan Doctor Dies,2,FINANCE
Angola agrees to hand over management of a national park in the Namib desert to a not-for-profit organization that... https://t.co/pAWD7RKKUW,2,FINANCE
"Anno record per il gruppo Iberchem, che perfeziona due acquisizioni nel segmento aromi e registra una crescita delle entrate pari al 19%",2,FINANCE
Another bridge has collapsed in Italy https://t.co/5sSKGFUPIu,2,FINANCE
Another Doctor Reports Dramatic Improvement In COVID-19 Patients Using Trump-Touted Treatment https://t.co/NYF3nN9MnI,2,FINANCE
Another fatality at Great Panther Mining,2,FINANCE
Anti-Dumping Duty Imposed On 90 Chinese Items,2,FINANCE
"Any list of the most-popular online TV services begins with Netflix, Amazon and Hulu. But after those comes the unl… https://t.co/wSTZwc5ErK",2,FINANCE
"Are these 3 Top-Ranked Mutual Funds In Your Retirement Portfolio?- February 07, 2020",2,FINANCE
Are trade wars good and easy to win? We try to answer in Terms of Trade. Sign up to have our newsletter delivered t… https://t.co/0NTJYPeEBa,2,FINANCE
Are you allowed to return gifts you don’t like? Is it ever appropriate to just give cash? An etiquette expert answe… https://t.co/6o2nGHgOJU,2,FINANCE
Are You Better Off With Multiple Credit Cards or One Great One?,2,FINANCE
Are you guilty of financial infidelity? Here’s how to fix money habits that could be standing in the way of your lo… https://t.co/bqPOIyHKBj,2,FINANCE
"Are You Invested In These 3 Mutual Fund Misfires? - February 06, 2020",2,FINANCE
"Are You Invested In These 3 Mutual Fund Misfires? - February 07, 2020",2,FINANCE
Arguably The Ultimate Long Term Stock Investment Portfolio For My Young Kids. Get more updates here:… https://t.co/QDrRypxEbE,2,FINANCE
Army Restarts Disputed $45 Billion Armored Vehicle Competition,2,FINANCE
"Around 76,000 people were injured in the U.S. between 1998-2017 because of cell phone-related injuries https://t.co/u5FF9sIDSb",2,FINANCE
"Art And Cannabis Getting Extra: Crumb's $690,000 Weed Drawing, Keith Haring's Bongs Line",2,FINANCE
"Artificial intelligence has made great strides in analyzing financial data. While the opportunities are incredible,… https://t.co/QYeRTOamfj",2,FINANCE
"As 2020 approaches, firms across the financial industry are busy issuing outlooks for what the year ahead may hold.… https://t.co/aLOebW7OYx",2,FINANCE
"As Discovery eyes a streaming future, John Malone looms large",2,FINANCE
"As of 11pm tonight, Britain will have left the EU. Read this by @robertshrimsley from the FT archives: Brexit's 'do... https://t.co/pZE7vpI0DI",2,FINANCE
As The Trade Talk Pendulum Swings,2,FINANCE
"As vegan burgers get more popular, the beef industry is battling to clean up its image as a greenhouse-gas-emitting… https://t.co/WS1r4JQM1b",2,FINANCE
"Asian Insurers Look More to Passive, Alternative Strategies: Broadridge",2,FINANCE
Assessments of climate policies help shape a country’s policy response to #climatechange. https://t.co/jFgGQzwBE7… https://t.co/KdZvxEPe17,2,FINANCE
Asset management and investment banking are often used in the same breath but they shouldn't be https://t.co/EDWD2ux7rJ,2,FINANCE
"At dinner, man in a wheelchair had to be over 100 yrs old, seemed pretty down / out of it, but soon as his daughter… https://t.co/Up62ZHsOWI",2,FINANCE
"At least six firms, including BlackRock and Vanguard, are flocking to the Chinese market https://t.co/49XUMTB3Ud",2,FINANCE
Atlantic Storm Poised to Send Europe to New Wind Power Records,2,FINANCE
Australia investigates Chinese spy ring allegation https://t.co/hemZyuh8gM,2,FINANCE
Australian PM Scott Morrison reaches A$2 billion ($1.3 billion) energy deal with the country's most populous state... https://t.co/8Wom4ct7CB,2,FINANCE
Australia's Fires Kill Millions of Bees,2,FINANCE
Authorities are investigating if the Pensacola shooting was terrorism-related.,2,FINANCE
"Avoid These 3 Mutual Fund Misfires - February 06, 2020",2,FINANCE
"Avoid These 3 Mutual Fund Misfires - February 07, 2020",2,FINANCE
"Avoid These 3 Mutual Fund Misfires - November 25, 2019",2,FINANCE
Babe Ruth's 500th Home Run Bat Sells for More Than $1 Million,2,FINANCE
Baby Bonds For Baby Boomers Rebalancing Into Fixed Income. Continue reading: https://t.co/r6XQE4yRqW #finance #business #stockmarket,2,FINANCE
Baby GATT Back: The End Of The World Trade Organization? https://t.co/txFV3vhVVk,2,FINANCE
Baby Yoda could be the Tickle Me Elmo of 2019. https://t.co/BDHEHW0pOG,2,FINANCE
"Bags of rice, cellphone credit and mobile phones were just some of the freebies that politicians handed out ahead o… https://t.co/HljdUvzpe6",2,FINANCE
Baht Vies With Won for Title as Asia’s Best-Performing Currency,2,FINANCE
"Balance of Power: Brexit, Impeachment, Trade Deal (Podcast)",2,FINANCE
Banca Carige S p A Cassa di Risparmio di Genova e Imperia : Ordinary Shareholders' Meeting... #Stock... https://t.co/5wiIhJSPgD,2,FINANCE
"Banks must behave 'more like technology companies' to survive, finance execs say",2,FINANCE
"Banks will need more capital buffers in a downturn, Rosengren says",2,FINANCE
Barbados suffers second day of major power outages,2,FINANCE
Barclays Executive’s Lawyer Likens Prosecutor to Titanic Captain,2,FINANCE
Barron’s on MarketWatch: What we all need to know about Schwab-Ameritrade deal,2,FINANCE
Barron’s on MarketWatch: What we all need to know about Schwab-Ameritrade deal https://t.co/ZDeScEOKMh,2,FINANCE
"Barron's Picks And Pans: Charles Schwab, Disney, Sprint, Netflix And More",2,FINANCE
"Before Coke-Snorting Santa And An Ad Accused Of Weight-Shaming, Some Fails From Christmas Past",2,FINANCE
"Before you sign up for Disney+, this calculator adds up the ‘true’ cost of your streaming services https://t.co/2A7dKqULIK",2,FINANCE
Begun The Streaming Wars Have: Australia's Entire Defense Budget Is Being Spent On Scripted TV https://t.co/CQ36mxDdBX,2,FINANCE
Bellevue Gold : Becoming a substantial holder from MQG #BellevueGold #Stock #MarketScreener https://t.co/iRRNzPBhDt https://t.co/IOfdNks5O0,2,FINANCE
Berkeley returns to ‘normal’ after bumper years https://t.co/48WY64oBxZ,2,FINANCE
Berkshire's Buffett loses top real estate agent to top rival,2,FINANCE
"Bernie Madoff, the former Wall Street investment advisor infamous for his Ponzi scheme, is back in the news  https://t.co/RJpoD8asy5",2,FINANCE
Best And Worst Q4 2019: Mid Cap Blend ETFs And Mutual Funds. Sign up for updates on Seeking Alpha!… https://t.co/pjEo1ACbaH,2,FINANCE
Best books of 2019: Children’s books https://t.co/vc5DnRpxMj,2,FINANCE
"Best Buy has dodged death, but for how long? Watch the full video here to see how Best Buy has survived the retail… https://t.co/fvVyAzsL94",2,FINANCE
Best feeling ever is helping others reach their goals. #stocks #options $ADXS $SPY $SHOP $ULTA $GS $BIG $TSLA https://t.co/bn3mQh3tcE,2,TSLA
Best Income Ideas From Around The Web: November 25 Edition. Subscribe to Seeking Alpha for more:… https://t.co/Z8GdGxzZgw,2,FINANCE
"Best. newsletter. ever

https://t.co/3SVESK2KGi",2,FINANCE
Beware the dawn of the corporate dead https://t.co/b2fYLGY3BI,2,FINANCE
"Big fantasy playoff matchup against @Jason_Buck this week, a rematch of my week 10 defeat by &lt; 0.5 points as Dalvin… https://t.co/Qe3E2UzI1Z",2,FINANCE
Big Four/government: no freeze on fees https://t.co/korHk2eqMz,2,FINANCE
Bigger is Better in Payments: Worldline Not Done With Deals,2,FINANCE
Bill Gates says he'll spend billions on coronavirus vaccine development https://t.co/ACD68hHYQX,2,FINANCE
"Billboard adding Apple, YouTube plays to Hot 100",2,FINANCE
Billionaire British property investors David Reuben and Simon Reuben have helped finance Dreamscape’s acquisition o… https://t.co/tVtDTmcJpk,2,FINANCE
"Billionaire hedge fund founder Ray Dalio doesn't want to use the word ""recession"" when talking about the global eco… https://t.co/J5n2Puuiuu",2,FINANCE
"Billionaire investor Carl Icahn is placing a 'big bet' against struggling malls, report says",2,FINANCE
"Billionaire Jeff Greene plowed $90 million into Palazzo di Amore. Now, he’s struggling to sell. https://t.co/cmC7cWKvxo",2,FINANCE
"Billionaire Ray Dalio pushed back against a Wall Street Journal article, saying his hedge fund doesn’t have a net b… https://t.co/dR19jGuSyg",2,FINANCE
"Billionaires get rich by 'relying on a system that exploits people,' says activist @Deray Mckesson… https://t.co/K0QpVaWRSb",2,FINANCE
Black Friday 2019 freebies: Here's what you can get for free starting Thanksgiving,2,FINANCE
Black Friday darker for some retail stocks than others,2,FINANCE
"Black Friday frenzy: Tiffany buys LVMH, Charles Schwab buys TD Ameritrade, Novartis buys Medicines Company #Stock… https://t.co/u7uinpXD7Q",2,FINANCE
Black Friday shopping guide — What not to buy https://t.co/FJ44nxVptR by @DanielHowley https://t.co/6RFC545xln,2,FINANCE
Black Friday Yen Seasonality Could Trigger Larger Breakout. Read more and sign up for updates:… https://t.co/2hwcLByGRg,2,FINANCE
Blockbuster comes back to life with NYC pop-up shop,2,FINANCE
Bloomberg BusinessWeek - Week Of 12/13/19,2,FINANCE
'Bloomberg Daybreak: Americas' Full Show (12/17/2019),2,FINANCE
'Bloomberg Daybreak: Australia' Full Show (12/16/2019),2,FINANCE
"Bloomberg Daybreak: Feb. 6, 2020 - Hour 1 (Radio)",2,FINANCE
"Bloomberg Daybreak: Feb. 6, 2020 - Hour 2 (Radio)",2,FINANCE
"Bloomberg Daybreak: Feb. 7, 2020 - Hour 1 (Radio)",2,FINANCE
"Bloomberg Daybreak: Feb. 7, 2020 - Hour 2 (Radio)",2,FINANCE
'Bloomberg The Open' Full Show (12/17/2019),2,FINANCE
"Bloomberg Westminster: ""Time to Be Honest"" With The Public",2,FINANCE
"Bloomberg Westminster: HS2, Full Speed Ahead?",2,FINANCE
"Blue collar boom? College grads, baby boomers big winners in Trump's economy",2,FINANCE
BMO’s Belski ‘Humbled’ After Nailing Forecast for Canada Stocks,2,FINANCE
Bombay High Court Grants Bail To Peter Mukerjea In Sheena Bora Murder Case,2,FINANCE
Boris' Brexit Pledge Is Gift For 2020 Markets: Ashworth (Radio),2,FINANCE
Bottled Water Flies Off the Shelves in Rio as Taps Run Dry,2,FINANCE
Bought something from Target online for first time ever...made sure to opt out of all emails...and one day later I… https://t.co/hlmkjpEdFw,2,FINANCE
BQuick On Feb. 6: Top 10 Stories In Under 10 Minutes,2,FINANCE
BQuick On Feb. 7: Top 10 Stories In Under 10 Minutes,2,FINANCE
BQuick On Nov. 25: Top 10 Stories In Under 10 Minutes  ,2,FINANCE
Branches still pay off for Canada’s banks even in the app era https://t.co/JFjJPojyBT,2,FINANCE
Brand Deaths of the 2010s,2,FINANCE
Brazil’s President Jair Bolsonaro described activist Greta Thunberg as a “brat” in his latest attack on celebrity e… https://t.co/AkdVj0WHuX,2,FINANCE
BREAKING: The coronavirus is now deadlier than SARS. The death toll has risen to more than 800 in about two months. https://t.co/AVbmxtvX9M,2,FINANCE
Breakingviews - Fashion’s climate Frankenstein has no off-switch - Reuters,2,FINANCE
Brexit begins tonight over 3½ years since the U.K. initially voted to leave the EU. So what happens next?... https://t.co/2RTvIOimkG,2,FINANCE
Brexit Bulletin: The Cliff Edge is Back,2,FINANCE
Bright side... Maher and Garrett can share an Uber when they aren’t allowed back on the team bus,2,FINANCE
Britain's bad-tempered 47-year marriage to the European Union is about to end. Now Boris Johnson must take ownershi... https://t.co/4QJH28xKug,2,FINANCE
British Open canceled for first time since WWII due to coronavirus https://t.co/Q9rX2BQUWE,2,FINANCE
Brussels Edition: Truce Offerings to Trump,2,FINANCE
"Brussels restaurant 65 Degres has become the city’s best-rated eatery, largely thanks to rave reviews of its staff,… https://t.co/g8BjAQANfD",2,FINANCE
Buchanan Health Center Opens New The Villages Location!  https://t.co/OVNOOXBH8D,2,FINANCE
Buddhist monks at this Bangkok temple are using plastic bottles to make their robes https://t.co/79hjpva8pL,2,FINANCE
Buffered annuities provide partial protection against market downturns. But they also take away some of the upside.… https://t.co/MKLg9fZT0M,2,FINANCE
"Building more secure passwords, based on updated IRS guidance",2,FINANCE
Businessweek Extra - Sustainability Through Sports (Podcast),2,FINANCE
But I did nothing wrong. Read the Transcripts (2)!,2,FINANCE
"Buyers Want Cleaner, Lighter Cars That Also Make Them Feel Good",2,FINANCE
Byron Wien: Coronavirus causes 'maximum level of uncertainty' but won't trigger recession https://t.co/HzOJ2Nca7p,2,FINANCE
CAB: Why Assam Is The Epicentre Of Protests Against New Citizenship  Law,2,FINANCE
Call an Uber and get a taxi? Don't panic https://t.co/cs25pgzO2A,2,FINANCE
Campus under siege as Hong Kong police battle protesters,2,FINANCE
Can Alternative Investing Combat Market Blues?,2,FINANCE
Can employers make female employees wear a bra? Ask HR,2,FINANCE
Can LVMH give Tiffany's diamonds back their old luster? https://t.co/K0Dg86WkbK via @bopinion,2,FINANCE
Can Presidents Abuse Power? Senators Punt to Voters,2,FINANCE
Can The Crypto Market Spur A Santa Claus Rally Following December Shivers?,2,FINANCE
"-Can the Fed fight inequality? Kashkari says yes, hires an ally
-China to raise penalties on IP theft in a trade wa… https://t.co/kCzgNSmoi2",2,FINANCE
Can the Federal Reserve fight inequality? https://t.co/u9bX2wiIKi,2,FINANCE
Can the Federal Reserve fight inequality? https://t.co/XWr7VaHsaC,2,FINANCE
Can the gains continue when the S&P 500 returned 33% in 2019 and 256% for the decade? https://t.co/T5JK9oUdp4,2,FINANCE
Can The U.K. General Election End Brexit Uncertainty?. Follow this and any other stock on Seeking Alpha!… https://t.co/eKBct0Rdjv,2,FINANCE
Can You Take Out Multiple Personal Loans at the Same Time?,2,FINANCE
Canada racks up 400-tonne cannabis pile after production binge https://t.co/aTv2eua2Vs,2,FINANCE
Canada's use of Huawei 5G would hamper its access to U.S. intelligence: U.S. official https://t.co/kp1APtEXNl https://t.co/Ey5XsaQ1l6,2,FINANCE
Canadian official's email saying 737 MAX software must go reflects 'working-level' view - regulator #economy… https://t.co/YsadNU9YM7,2,FINANCE
Cancer sends many patients into bankruptcy. Advisors are stepping up to stop that. https://t.co/6qiTVR70s2,2,FINANCE
Cannabis Countdown: Top 10 Marijuana Industry News Stories Of The Week,2,FINANCE
Cannabis Retail Opportunities Abound,2,FINANCE
Canopy Growth Needs You to Call the Cops,2,FINANCE
"Capitalism didn't emerge ""two and a half centuries"" ago.  Capitalism has been at work since the moment one human be… https://t.co/4KLEKTK8Bx",2,FINANCE
Cardano’s Shelley testnet shows a lot of promise,2,FINANCE
"Casey's General's prepared food business facing traffic jam of competition     
(CASY) https://t.co/C6QrEvKPBD $CASY",2,FINANCE
"Cashless kiosks are leaving out many of those unbanked.

For McDonalds, cashless self-order kiosks are leaving out… https://t.co/eD0Y4vG25W",2,FINANCE
Catch the next round of insight from @JimCramer exclusively on https://t.co/ymr9RTcXfD,2,FINANCE
Caterpillar: 3 lessons from an iconic brand about digital competition https://t.co/asZKxgDksp,2,FINANCE
Cautious Optimism For Markets on Trade (Radio),2,FINANCE
"CBI Detected 894 Shell Companies In Four Years, Government Says ",2,FINANCE
CDC expert: 'Antibiotic resistance is worse than we previously thought',2,FINANCE
CDC quarantines Wuhan passengers in California under federal order https://t.co/1iJlfzE9pv,2,FINANCE
CDC SAYS REPATRIATED AMERICANS ARE UNDER FEDERAL QUARANTINE,2,FINANCE
"Celebrity lawyer Michael Avenatti says evidence of his spending, as well of a $5 million debt, is irrelevant to the… https://t.co/9f5go0fwTx",2,FINANCE
Centennial was designed as an anti-wildfire fortress. But ecologists say the project is more like “hubris” in the f… https://t.co/1ajkk8CvM6,2,FINANCE
"Charlot Magayi’s Mukuru Clean Stoves helps #SDG1 #SDG3 #SDG8. It recycles waste metal to produce improved, reliable… https://t.co/xZYluxCRLu",2,FINANCE
"Chess: did the international master trap, or was he trapped? https://t.co/S3LS7lEtHF",2,FINANCE
"Children will experience more health problems like diarrhea than their parents as a result of global warming, accor… https://t.co/31Bv8tIyNw",2,FINANCE
"China basically has 3 ways it can retaliate against the U.S. in the trade war. One, called the ""nuclear option,"" in… https://t.co/L4ONu1nEdA",2,FINANCE
"China Cuts Tariffs, Lagarde’s Concern, U.S. Jobs: Eco Day",2,FINANCE
"China is the enemy' on trade, not Trump' — Cramer blasts media over love of Chinese leader Xi https://t.co/rqfJD8OfBC",2,FINANCE
China Lashes Out at Countries Restricting Travel Over Virus,2,FINANCE
"China mulls waiving ethanol tariffs, re-routing Hong Kong trade - Bloomberg",2,FINANCE
China reaffirms anti-cryptocurrency stance,2,FINANCE
China Recycling completes warrant exchange offer,2,FINANCE
China said it will raise penalties on violations of intellectual property rights as it attempts to address one of t… https://t.co/bgYJDGMJL1,2,FINANCE
China Sends New Officials to Take Charge of Hubei Outbreak,2,FINANCE
"China sets tougher guidelines to protect patents, copyrights https://t.co/mBhjMayYGs https://t.co/Svw37wn3UI",2,FINANCE
"China theft crackdown, Fed inequality, negative rates: Eco Day https://t.co/hA5nAO4J75",2,FINANCE
China Travel Bans Leave Thousands Stranded Around the World,2,FINANCE
China Will Use Millions Of Zimbabwe Citizens To Improve Facial Recognition Accuracy https://t.co/UGq7cayCAa,2,FINANCE
"China won't have to sacrifice economic growth or prosperity to go carbon neutral in the next few decades, according… https://t.co/NG2e78f7Ey",2,FINANCE
"China won't have to sacrifice economic growth or prosperity to go carbon neutral in the next few decades, according… https://t.co/Nq9sSVHtgq",2,FINANCE
China’s Coronavirus Death Toll Rises to at Least 563,2,FINANCE
"China’s schoolchildren are now the smartest in the world, according to an OECD study https://t.co/YhulcVcLVz (Video… https://t.co/1eLd5sDS8J",2,FINANCE
China's effort to fill a protein gap created by the spread of African swine fever is rippling through Brazil's mass… https://t.co/nygkOZUdWz,2,FINANCE
Chinese defy Hong Kong's protest gloom in hunt for bargain stocks #HANGSENG #Stock #MarketScreener… https://t.co/2KKUO5sqaf,2,FINANCE
Chinese diplomats who drove onto military base kicked out of US: report,2,FINANCE
Chinese facial recognition companies have taken the lead in serving an international market populated by authoritar… https://t.co/Cwpoumg4Tj,2,FINANCE
Chinese state media stepped up criticism of the U.S. and accused it of meddling in China’s domestic affairs https://t.co/Cku7hCRv2j,2,FINANCE
Chinese state media stepped up criticism of the U.S. and accused it of meddling in its domestic affairs https://t.co/GWysmHlLz0,2,FINANCE
Chris Davis' 3rd-Quarter Buys,2,FINANCE
"Cities around the world are banning or restricting electric scooters after deadly accidents, littering problems and… https://t.co/HXsq2qGf85",2,FINANCE
Citizen Journalist Covering Virus Outbreak From Wuhan Goes Missing,2,FINANCE
Citizens are angry and governments are struggling to respond https://t.co/tXlQNOXrpx,2,FINANCE
"Citizenship Act: Curfew Relaxed In Guwahati, Parts Of Dibrugarh District ",2,FINANCE
Climate activist @GretaThunberg called out business and political leaders at #COP25 for using “clever accounting an… https://t.co/VJWuC2EOD4,2,FINANCE
Climate Change Is Coming for Your Oreos,2,FINANCE
Climate change protesters disrupt D.C. rush-hour traffic https://t.co/eOOYVehEGw,2,FINANCE
"Climate Change, Farm Crisis, Unemployment: 2019 In Five Charts",2,FINANCE
Climate Fight Takes a Step Back With No Deal on Carbon Markets,2,FINANCE
Clint Eastwood’s ‘Richard Jewell’ Opens to Below-Average Debut,2,FINANCE
Cloudia lance la dernière génération de solution Procure-to-Pay au Moyen-Orient et en Afrique,2,FINANCE
CNN's @ChristineRomans has the day's top business headlines before the Opening Bell on Wall Street… https://t.co/SjOwYZVf8A,2,FINANCE
"Cocaine trafficking has been big business for at least a decade, and suspicions abound about the origin of some of… https://t.co/U2RhQGPa4J",2,FINANCE
"Coffee drinkers have to stop double cupping their Dunkin’ — yes, even in New England https://t.co/QaLBplZm7I",2,FINANCE
Colombia Faces More Protests as Police Tactics Enrage Marchers,2,FINANCE
Colombia suffered more unrest as anti-government protesters returned to the streets https://t.co/DfUFGKxVTU,2,FINANCE
Comeback Year Gets Even Better for Tiger Woods,2,FINANCE
Coming to airports this Thanksgiving: Catering worker protests https://t.co/dDXPr1mNXx,2,FINANCE
Commentary: The F-35 has already freaked out Iran and changed everything in the Middle East. https://t.co/kYCBePhSM3,2,FINANCE
Committee Of Secretaries On Telecom Relief Package Said To Have Disbanded,2,FINANCE
Commodity Shippers Face ‘Crisis in Demand’ on Virus Outbreak,2,FINANCE
Company logos vanish from Prince Andrew's website as sex scandal grows,2,FINANCE
Competition is about to shrink in the online-ticket marketplace https://t.co/ifHAX5gxOU,2,FINANCE
"'Confidential' ETFs could change the face of active management, industry leaders say https://t.co/UmFNXtBeB4",2,FINANCE
"Congratulations @PACEUniversity, the 2019 National #CollegeFedChallenge champions! Way to represent the… https://t.co/IqaHvQO6NC",2,FINANCE
Congratulations to the college students who competed in the 2019 National Fed Challenge Finals:… https://t.co/S6T3FuCNP3,2,FINANCE
Consider your Christmas list complete:  https://t.co/vmELlHWaZa,2,FINANCE
"Considering a 5% cash-back credit card? @CNBCselect breaks down how to maximize your rewards, and three of the most… https://t.co/SfnPSkU14Q",2,FINANCE
"Considering selling your house to an iBuyer? You may earn 11% less than selling your house on the open market.

https://t.co/OBLJyDD8sV",2,FINANCE
Consolidation in gold industry resumes as Kirkland Lake approaches Detour https://t.co/JVTtsLTxHc,2,FINANCE
"Coronavirus case tally: 31,420 cases, 638 deaths",2,FINANCE
Coronavirus cases inch up in U.S. but still very light,2,FINANCE
"Coronavirus cases worldwide are ‘going up very steeply,’ says NIH Director Francis Collins",2,FINANCE
Coronavirus is 'not an excuse'-real estate CEO says those who can should pay their rent https://t.co/Ovk8uTCcmk,2,FINANCE
"Coronavirus update: 213 dead, more countries recommending against China travel https://t.co/RtrA43JXJg",2,FINANCE
"Coronavirus update: 213 people have died, countries recommend against travel, and pilots sue over continued flights https://t.co/l9irvW2RQz",2,FINANCE
Corporate Affairs  Ministry Moves NCLT To Reopen CG Power Books For FY15-19,2,FINANCE
Corporate Affairs Ministry Reviews IL&FS Resolution Progress,2,FINANCE
Corporate events to watch,2,FINANCE
Correction to Story on Stock Market Activity on Friday #index #MarketScreener https://t.co/vguUSN9j0g https://t.co/niOhx6bSDO,2,FINANCE
Correction to Warning Signs for Companies Article -- Journal Report #economy #MarketScreener https://t.co/L8L5wiQgFg https://t.co/GwSqsePuC1,2,FINANCE
Corrugated Packaging Industry Procurement Intelligence Report | Increase in Raw Materials Prices Will Propel Suppliers’ OPEX | SpendEdge,2,FINANCE
Cost Plus World Market® Kicks off Black Friday Weekend With Free Giveaways and Special In-Store and Online Savings,2,FINANCE
Cott lands The Water Guy,2,FINANCE
"Could seaweed farming help fight climate change?

These 2 friends quit their jobs in New York to create the first s… https://t.co/dHjinUsJ0M",2,FINANCE
Country music legends weigh in on Tesla’s Cybertruck — ‘pretty doggone cool’ https://t.co/Z1iuLa4MQk,2,FINANCE
Cramer's week ahead: A short week on Wall Street stuffed with earnings reports https://t.co/z6wMOCF9PB,2,FINANCE
Crisis Is Rocking Latin America. Peru Is an Island of Uneasy Calm.,2,FINANCE
Crossword Cybersecurity : Publication of Circular #CrosswordCybersecurity #Stock #MarketScreener… https://t.co/asZh4N96x1,2,FINANCE
Cruise Ship Passengers in New Jersey Screened for Coronavirus,2,FINANCE
Cya Jason Garrett,2,FINANCE
Daily Insider Ratings Round Up 11/21/19. Get more updates here: https://t.co/oGJksU1Qa7 #business #stockmarket #trading,2,FINANCE
Damn,2,FINANCE
Daniel Levy: the Tottenham chairman taking a gamble on José Mourinho https://t.co/evqWzwDgdO,2,FINANCE
Daniel Loeb's Top 5 Buys in the 3rd Quarter,2,FINANCE
Das Does a Draghi With India Adopting Unconventional Tools,2,FINANCE
Deadly gas explosion in Slovakia kills at least five https://t.co/8E8Vbxqqdo,2,FINANCE
Deal for background checks Co  https://t.co/Nyr1OXtrIk,2,FINANCE
"'Dean of Valuation' says Saudis got the Aramco valuation right, but he's still not buying",2,FINANCE
"Dear $LK Management:

I've taken the liberty of prepping your response to today's Muddy Waters report from our ""res... https://t.co/5UsOvZwJL3",2,FINANCE
"Dear Moneyist,
I don't want to be a money grab. My friend with lung disease wants to marry me so I receive his gene… https://t.co/2gNT8h06yG",2,FINANCE
Dear Saudis: An Open Answer To Questions About Aramco Investing,2,FINANCE
Defence Expo: Defence Equipment Makers See This As Another Opportunity In India,2,FINANCE
Dem-Controlled School District Adopts SJW-Backed Busing Plan Despite Widespread Opposition https://t.co/HAt4uOjLlr,2,FINANCE
Denmark Rules Out Link Between Greenland Independence and Trump,2,FINANCE
Depriving western Balkan countries of a clear chance to join the EU risks speeding up the already alarming pace of… https://t.co/lvgX8IfVaF,2,FINANCE
Designers Focus on Eco-Conscious Fashion,2,FINANCE
"Despite its strong ties to geopolitical events, gold is still driven by supply and demand.  https://t.co/d5nKtsma4S",2,FINANCE
Did Schiff Turn Trump Into Billionaire Martyr With Ill-Advised Impeachment Gambit? https://t.co/HD72Ts68Zv,2,FINANCE
Did the Great Recession fundamentally change the housing market? https://t.co/6aFPhNCZo1,2,FINANCE
"Did you know Black Friday starts today?

Probably OK to delete every email today site-unseen https://t.co/4FQDCI44Uj",2,FINANCE
"Did you know on the Canary Islands there’s not one canary? And on the Virgin Islands? Same thing, not one canary there either.",2,FINANCE
Did you know that remittances are more than three times the size of all development aid? Learn more about these “do… https://t.co/2Z0rVtSM7j,2,FINANCE
Did you know? The world's most-watched YouTube channel is T-Series from India https://t.co/cMlEjCo65u,2,FINANCE
"Did you miss our discussion yesterday on inequality?
Catch up here â†’ https://t.co/yKW2LqI6fo https://t.co/U1uuHh9afs",2,FINANCE
"Directing Savings To Specific Investments Is Old-Fashioned, Says Finance Minister",2,FINANCE
Disappointed by the size of your Social Security check? You're not alone. https://t.co/2YCIogY5Yp https://t.co/4nQ8z0ABjk,2,FINANCE
Dispute between Sears and Eddie Lampert's hedge fund could jeopardize bid to save retailer,2,FINANCE
Divergence In Sector Returns. https://t.co/XQ9Rj3MU2k #investing #economy #business,2,FINANCE
"Divestment Will Lead To Loss Of Jobs, Says Concor  Employees Union",2,FINANCE
Dividend Challenger Highlights: Week Of November 24. Read more and get updates on any stock!… https://t.co/lWJleEYJjb,2,FINANCE
Dividend Champion And Contender Highlights: Week Of November 24. Read more and get updates on any stock!… https://t.co/BAXK4PiX8p,2,FINANCE
"Do you buy the ""Mad Max"" design? https://t.co/eVpejpmG0v",2,FINANCE
"Do you smell what Bezos is cooking? Amazon could buy the WWE, analyst predicts",2,FINANCE
Do you think someone actually paid 120K for a banana taped to a wall?,2,FINANCE
Does this 'disgruntled boomer' really have to leave an inheritance? Here's what The Moneyist thinks. https://t.co/HTJeraUaDu,2,FINANCE
Does Your Goal Setting Have 2020 Vision?,2,FINANCE
"Does Your Retirement Portfolio Hold These 3 Mutual Fund Misfires? - February 06, 2020",2,FINANCE
"Does Your Retirement Portfolio Hold These 3 Mutual Fund Misfires? - February 07, 2020",2,FINANCE
Dog People Rejoice: Owning A Pup Is Good For Your Cardiovascular Health : Shots - Health News : NPR https://t.co/bwLgy4R8QZ,2,FINANCE
"Don’t eat romaine grown in Salinas, California, U.S. health officials say (via AP) https://t.co/uyM2QxYv30",2,FINANCE
Don't Ignore The Fixed Income Side Of Your Portfolio. Continue reading: https://t.co/IcP7z9gNX9 #investing #finance #stocks,2,FINANCE
Don't let your family eat themselves sick this Thanksgiving. https://t.co/Er4hoiYsgn,2,FINANCE
"Don't try to break your habits, 'The Power of Habit author Charles Duhigg says. Change them.... https://t.co/W0UYPfO24S",2,FINANCE
Doubt about a Nobel prize winner’s valuation ratio: Morning Brief,2,FINANCE
Dragonfly Capital - 4 Trade Ideas for Facebook: Bonus Idea https://t.co/rYScZENlSy $FB https://t.co/ubVamfc4BO,2,FINANCE
"Dragonfly Capital Premium is open to all. An Open House! Earnings trade, short term scans, Macro Review and Sunday… https://t.co/L04c3VJTN7",2,FINANCE
Drug Legislation Likely to Dry Up Biotech Funding,2,FINANCE
Ducrozet: Lagarde Has Marginally More Hawkish Tone Than Draghi,2,FINANCE
Ducrozet: Lagarde Marginally More Hawkish Than Draghi,2,FINANCE
"During @NasdaqCorpGov #NasdaqGovForum, Stephen Page shared insights about #cybersecurity and #CorpGov trends impact… https://t.co/0i9ob88FpU",2,FINANCE
Eagles going to be running 4 TE sets lol,2,FINANCE
"Early Bird Weekend Report: Gold, Silver, And E-Mini S&P. Sign up for updates on Seeking Alpha!… https://t.co/BlKBfxruVK",2,FINANCE
"Earning $40,000 a year in Omaha used to be enough to make rent comfortably. Not anymore. https://t.co/5CPNzcaT2y",2,FINANCE
Economic data controversies in Sweden and Denmark renew debate on statistics https://t.co/RrISenUoBk,2,FINANCE
Economic Recovery Narrative Doomed: Fathom's China Momentum Indicator Signals More Downside Ahead https://t.co/DStBmTZsCR,2,FINANCE
Economic wellbeing masks UK’s unravelling social fabric https://t.co/CN3MHq477p,2,FINANCE
Economics isn’t just about cold hard numbers: Gillian Tett argues why a more humanistic approach is long overdue https://t.co/BVFNpg3rYO,2,FINANCE
Edle Hingucker im Badezimmer:,2,FINANCE
"Einhorn Escalates Musk Twitter War: Demands To Know If ""Accounts Receivable Even Exist"" https://t.co/2GHEiragwx",2,FINANCE
EL GRUPO IBERCHEM CIERRA EL AÑO CON LA COMPRA DE DOS COMPAÑÍAS DE AROMAS Y UN CRECIMIENTO DEL 19%,2,FINANCE
Elders : Ceasing to be a substantial holder from MQG #Elders #Stock #MarketScreener https://t.co/BhNTyQlNmj https://t.co/MPjUMFeaI9,2,FINANCE
Electronic Manufacturing Services Industry Procurement Intelligence Report | Evolving Opportunities with Jabil Inc and Flex Ltd in the Electronic Manufacturing Services Industry | SpendEdge,2,FINANCE
Elon Musk said it best: “Oh my f. . .g God.” https://t.co/2v3ihfGrKK,2,FINANCE
"Employees of ATSG Companies Raise Over $380,000 for Charity",2,FINANCE
EnerBank Scholarship Helps Build the HVAC Future with Qualified Workers,2,FINANCE
Engineers at @MIT have created a new way to remove carbon dioxide from the air https://t.co/4rzZqzTvEm,2,FINANCE
ESG Strategies May Help Investors Beat Market Returns,2,FINANCE
"Euronext, SIX battle for Spain's bourse",2,FINANCE
Europe’s Climate Moonshot Runs Into Instant Trouble Over Costs,2,FINANCE
Europe’s wealthiest man —LVMH chief Bernard Arnault — is spending more than $1 billion on a Paris department store… https://t.co/eQYy0mL1rI,2,FINANCE
European Energy A/S: Agreement signed for the sale of wind farm in Denmark with a capacity of 22.4 MW #Stock… https://t.co/AIBfzrx1n6,2,FINANCE
Europe's richest man is spending $1 billion on a department store in Paris https://t.co/xjoMyN7BqA,2,FINANCE
Even DIY Cocktails Can't Help Brexit Blues,2,FINANCE
"Ever wondered where MPs go to eat, drink and gossip in Westminster? https://t.co/VJUc1Qc3L8",2,FINANCE
"Everyone can get what they want, this columnist says. https://t.co/0W77nFTIJU",2,FINANCE
"Everything Jim Cramer said on 'Mad Money,' including trade war progress, Clorox and SoFi CEOs https://t.co/wd730WkJvd",2,FINANCE
Expansive Applications For Hemp Manufacturing,2,FINANCE
Expat Chinese Workers Scouring Foreign Pharmacies for Masks,2,FINANCE
Expect to spend some extra green on the perfect Christmas tree this year. https://t.co/2p4vUBMRXA https://t.co/tZIxIW4hWk,2,FINANCE
"Expert: ‘there are people at the top who are making a lot of money, but most people are going to work at jobs that are low-wage, low-hour’",2,FINANCE
Experts say identifying state media outlets can be incredibly difficult and resource intensive — and they are urgin… https://t.co/nAYGyupiqX,2,FINANCE
F5,2,FINANCE
"Facebook : She Argued Facebook Is a Monopoly. To Her Surprise, People Listened. #Facebook #Stock #MarketScreener… https://t.co/6T4Ev2TpEU",2,FINANCE
"Fans pay respects to K-pop star Goo Hara, who was found dead at her home on Sunday. She was 28 years old https://t.co/1LMnkvtPY0",2,FINANCE
Far Too Many Americans Are Making This Incredibly Risky Retirement Move,2,FINANCE
Farm Experts Pitch For Scrapping GST On Agri-Inputs In Budget Wish List,2,FINANCE
Fashion star Jane Shepherdson joins clothing rental start-up https://t.co/t0GZQaQybl,2,FINANCE
"'Fast Money Halftime Report' Traders Advise Viewers On Microsoft, Apple And More",2,FINANCE
FDA inspections of overseas pharmaceutical manufacturers declined 10% from 2016 to 2018 https://t.co/oVJiZUmgYT,2,FINANCE
"Fed decision, Lululemon earnings, inflation gauge: 3 things to watch for Wednesday https://t.co/QbjlIImrfD",2,FINANCE
FedEx CEO challenges NYT publisher to public debate after tax story,2,FINANCE
"FedEx slams NYT tax story, proposes debate",2,FINANCE
Feeble Harvey Weinstein appears in New York court for bail hearing https://t.co/TNZ5vb7C0X,2,FINANCE
"Felix Rohatyn, Banker Who Helped Rescue New York, Dies at 91",2,FINANCE
Few countries are as dependent on Chinese demand as Chile https://t.co/wMBtpYe73q,2,FINANCE
"Finance Minister Press Conference Live: Middle Class Shareholders Will Pay Tax On Dividends At Lower Rate, Says Sitharaman",2,FINANCE
First Coronavirus Case Reported In New York https://t.co/Cy1yurkH6a,2,FINANCE
Five things to know at the start of Asia's trading day https://t.co/gXasCOTvqE,2,FINANCE
Five Things You Need to Know to Start Your Day,2,FINANCE
Flood-hit Venice’s dwindling population faces mounting woes,2,FINANCE
Florida’s “adult arcades” are magnets for armed robberies. Jacksonville may have figured out a way to stop the mayh… https://t.co/rXIM5eDQpl,2,FINANCE
"Flush With Hot Funds in Bills, Pakistan Now Wants Sticky Money",2,FINANCE
Focus - Beyond Meat vs Zhenmeat: The battle for China's meatless market,2,FINANCE
Foot On The Gas. Sign up for updates on Seeking Alpha! https://t.co/uCBHO0pNbU #stocks #economy #finance,2,FINANCE
"For a few hours this week, the FT gained access to PolyU, the university where students in Hong Kong have been trap… https://t.co/IpIzUTCujW",2,FINANCE
"For department stores, it’s the most desperate time of the year https://t.co/dcR6jFvprC",2,FINANCE
"For skiers in search of empty slopes and epic views, this could be the ultimate holiday https://t.co/UniPs948Ai",2,FINANCE
"For some of us, it takes longer than others to become a great friend, a great husband, father, wife, mother, uncond… https://t.co/Sii5uMLtdf",2,FINANCE
"For the first time since Zelenskiy took power this year, more Ukrainians say the country is headed in the wrong dir… https://t.co/C0FVUH3crh",2,FINANCE
For those of you wanting to get out of the cold I’ll be doing a signature class in Fort Lauderdale January 6-8. It… https://t.co/oJvh7S7sPH,2,FINANCE
"For Wall Street, Russia Has Become ‘Bulletproof’",2,FINANCE
Ford scrapped years of work on other designs before taking on an icon with the Mustang Mach-E https://t.co/vXZ55WwIJi,2,FINANCE
Former RBI Chief Subbarao Cautions Against ‘Fiscal Profligacy’,2,FINANCE
Former Trump campaign deputy chairman Gates gets 45-day prison sentence,2,FINANCE
Four Things to Know Monday: ▶ Pro-democracy candidates sweep H.K. election ▶ China to raise penalties on IP theft… https://t.co/CxUe4IfkRh,2,FINANCE
France reported a continued leveling-off of cases on Monday https://t.co/wi3WmBdSoi,2,FINANCE
France's Top Female CEO Becomes a Stranded Asset,2,FINANCE
FREE mini Masterclass in Trading https://t.co/I2vS5F2lR2,2,FINANCE
FreightWaves Oil Report: So Where Is The Impact From IMO 2020?,2,FINANCE
French New Wave Cinema Icon Anna Karina Dies at 79,2,FINANCE
French Support for Strike Still High With Holiday Plans at Stake,2,FINANCE
Freshfields partners to vote on introducing bad behaviour fines https://t.co/UNk8HuT0xZ,2,FINANCE
'Friends' reunion special in the cards,2,FINANCE
"From a Ratatouille ride in the France pavillion to a “Mary Poppins” attraction in the U.K. pavillion, here’s how Ep… https://t.co/fkXRSOaFZE",2,FINANCE
From black swan to bubble: investors weigh coronavirus risks,2,FINANCE
"From cranberries in the early 1900s to turkeys in the 1950s, the foods that grace our holiday tables have held a sp… https://t.co/Z6LZYdhCM9",2,FINANCE
"From guns to tobacco to health care, here are the industries a President Mike Bloomberg would affect. https://t.co/zNGufrY83P",2,FINANCE
"From Starbucks to Seattle, companies and cities alike are banning plastic straws. Are takeout containers next?… https://t.co/Ew4Fsl6K0m",2,FINANCE
"From tech to brisket, a personal passion becomes one of the best BBQ restaurants in Colorado @Brixmor works with e… https://t.co/alI2dm5TU8",2,FINANCE
"FT Crossword: Number 16,333 https://t.co/oayf5zv6Tx",2,FINANCE
"FT editor David Gardner reviews the book 'The Killing in the Consulate’, about the death of Saudi journalist Jamal… https://t.co/w9vCWQBAr9",2,FINANCE
FT North American Innovative Lawyers Awards 2019 — winners announced https://t.co/e9jlQS73PS,2,FINANCE
GAAP vs non-GAAP https://t.co/MMXLLXMNzn,2,FINANCE
Gang Up on Pete Buttigieg? Maybe Not,2,FINANCE
"Gartman: ""the “internals” of the past one or two weeks are not, in our opinion, indicative of a market that should… https://t.co/ALpCYJee4M",2,FINANCE
Gas explosion in apartment building in Slovakia has killed at least 5 people Friday. https://t.co/HDDvoPybZ0 https://t.co/Q4OMkXB5JD,2,FINANCE
Gen Z explains the number 1 thing they're saving for: https://t.co/WDdTPJgzXB,2,FINANCE
"Geopolitics, FOMC Meeting Minutes and Canadian Inflation in Focus",2,FINANCE
German Federal President Steinmeier today awarded former ECB President Mario Draghi the Order of Merit of the Feder... https://t.co/AT5RPcUOED,2,FINANCE
"Germany Announces ""Limitless"" Aid Program For Small Business: SBA Are You Listening?  https://t.co/VnhWTOsNUo",2,FINANCE
Germany Shaken by an Extremist Surprise,2,FINANCE
"Get LIVE #market #analysis, exclusive #investingideas, #earnings coverage and more. Take a #FreeTrial of Briefing I… https://t.co/wwze4v8e0y",2,FINANCE
Getting a new credit card to shop Black Friday? You might want to think twice,2,FINANCE
"Gideon Rachman: Rather than making life simpler for Germany, Brexit is making it more complicated
https://t.co/JRo1ZlETzZ",2,FINANCE
"Given 6 months to live, woman gets a chance at life, love and a new baby thanks to Liver Tumor Program - UChicago M… https://t.co/6yDyKgykUT",2,FINANCE
Glynn’s Take: RBA’s Faith Set to Be Disappointed https://t.co/xfEog5pdLl,2,FINANCE
"Godfrey Gao, actor and model, 1984-2019 https://t.co/98EpQrcoUe",2,FINANCE
"Going cashless may be convenient for some people, but for others, it makes businesses inaccessible.… https://t.co/HvFfdRDt7f",2,FINANCE
"GOING EXTINCT: The last Sumatran rhinoceros in Malaysia has died, leaving their worldwide population at about 80 https://t.co/oqPF8uPUN9",2,FINANCE
Golf legend @jacknicklaus’s original 18-karat gold Rolex will be auctioned off today at Manhattan’s Phillip Auction… https://t.co/32uoCyWt9K,2,FINANCE
Gonna be a bad look when the anchors are all wearing surgical masks,2,FINANCE
"Good for him but these ""market makers"" have no affirmative responsibility to make markets in times of stress.  In o… https://t.co/wlodqTeOl1",2,FINANCE
Good luck with the stock market in 2020: Morning Brief,2,FINANCE
Good news/bad news: Economic data agrees with the Fed https://t.co/03ddTIVthD,2,FINANCE
"Good news/bad news: Fed's happy, retail isn't",2,FINANCE
Got a Raise for 2020? 5 Key Moves to Make,2,FINANCE
Government Contracts and the Trade War: QuickTake (Audio),2,FINANCE
"Governments can do 3 things to prepare for the next pandemic, former White House advisor says https://t.co/NC2WL44PO1",2,FINANCE
"Graphic video showed a vehicle drive into a crowd of Chilean protesters, where at least 5 were injured https://t.co/HLh8wnGBOk",2,FINANCE
Great Grandmother’s Will,2,FINANCE
Greatest trade part deux? Icahn shorts mall debt,2,FINANCE
Green light for world's largest casino company,2,FINANCE
"Greenhouse gases hit another record high in 2018, UN agency says https://t.co/kgqyXvCUfJ",2,FINANCE
Greenwashing Concerns Soar as Companies Vow to Clean Emissions,2,FINANCE
Guatemala imposes travel restrictions to stop entry of coronavirus #economy #MarketScreener https://t.co/LyI3ggH3Ei https://t.co/hBWATuxOx1,2,FINANCE
Gulf Arabs Take Fitful Steps to End Qatar Rift as Iran Looms,2,FINANCE
"Gun Control Groups Hide Behind Bogus ""Police"" Think-Tank To Disarm Americans https://t.co/7V03o1wm9I",2,FINANCE
"Gundlach Live Webcast: ""A Rolling Loan Gathers No Loss"" https://t.co/6jWRdCPL8U",2,FINANCE
Gwyneth Paltrow Won't Get Pushed Around by Venture Capitalists,2,FINANCE
Half of Americans Are Setting Themselves Up for Holiday Overspending,2,FINANCE
"Happy Friday guys! 
It's been a long week and we all need a laugh. 
Seen any good #investing and #finance memes lat… https://t.co/TrIw52Amu7",2,FINANCE
Harvard Leads U.S. Colleges That Received $1 Billion From China,2,FINANCE
Has the Job Market Cooled Off?,2,FINANCE
Hate Paying Income Taxes? These 9 States Don't Have Them,2,FINANCE
Have a few credit cards and interested in opening another? Here's how many cards you should have. https://t.co/wlwUPY6Y6U,2,FINANCE
"Have you ever had a haircut so bad, you were inspired to create an entirely new tech program to ensure your next cu… https://t.co/5whAL6mlak",2,FINANCE
"Have you ever had a job candidate disappear on you? Ghosting is becoming more common in the workplace, here's why i… https://t.co/ZWDQjviI63",2,FINANCE
"Having spent years in the real estate industry, this investor has some advice for first-time homebuyers: Spend plen… https://t.co/Vou2z6v91Z",2,FINANCE
Having Trouble Saving for Retirement? Do These 4 Things Now,2,FINANCE
"He burst onto the scene, a young man in a hurry, with an eye for art and a nose for a deal. Then he vanished https://t.co/v1D1OhExLY",2,FINANCE
"He walks up the ball confidently, sizing up the giant, thinking about how he is going to slay him. Behind the back,… https://t.co/U1odMnBfIw",2,FINANCE
"Heading to Tokyo this week? Explore our city guide, including a royal 5k run, to-die-for tempura and readers' tips… https://t.co/eLapFuHIih",2,FINANCE
Health Care Up As Higher Risk Appetite Buoys Biotechs - Health Care Roundup #economy #MarketScreener… https://t.co/QN6mBOZImy,2,FINANCE
Healthy diets are out of reach for millions of people. #Nutrition-smart agriculture makes healthy foods more afford… https://t.co/5XYqMQPNWr,2,FINANCE
Hear it: Elon Musk drops surprise song dubbed 'Don't Doubt ur Vibe' https://t.co/Epep80TEjm,2,FINANCE
Helen Bonham Carter digs into her heritage in My Grandparents’ War on Channel 4 https://t.co/ptLC0UJDYB,2,FINANCE
Here are 12 key things to know about the Federal Reserve System https://t.co/WBi3N9kxbC https://t.co/Gp6RtNkyC4,2,FINANCE
Here are 5 charts that show the early effects of the #COVID-19 pandemic on economies. Read our latest #IMFBlog… https://t.co/LBAdFrt0Tm,2,FINANCE
Here are 5 tips for acing an interview when you're over 50. https://t.co/lGdBDQOm3k https://t.co/K8bqkCRSAg,2,FINANCE
Here are some of the business tax credits Congress could approve by year’s end https://t.co/u1I1EA143V,2,FINANCE
Here are the biggest stories from Bloomberg News today https://t.co/cDxh17g9ul,2,FINANCE
Here are the key takeaways from the second day of Bloomberg's New Economy Forum in Beijing https://t.co/5iqx5WcO7I #NewEconForum,2,FINANCE
Here comes the Dunkin 'power muffin' to help solve one key problem,2,FINANCE
"Here is a look at last year's Tree Lighting to give you an idea of what to expect from this year's Tree Lighting

A… https://t.co/rw20pqhvuB",2,FINANCE
Here’s how Charles Schwab and TD Ameritrade stack up amid reports of a blockbuster discount brokerage merger https://t.co/L45uxBCa2E,2,FINANCE
Here’s the real difference between women and men when it comes to stock-market investing https://t.co/JeRWWQcSes,2,FINANCE
Here's Alibaba founder Jack Ma's advice for job-hopping millennials https://t.co/uL8L0Gr3EL,2,FINANCE
"Here's how a 23-year-old making $172,000 a year in New York City spends his money. (via @CNBCMakeIt) https://t.co/jStuqNuVns",2,FINANCE
Here's how Kanye West went from $53 million in debt to making over $150 million in a year. (via @CNBCMakeIt) https://t.co/EjNyUYeTHW,2,FINANCE
"Here's How Much A 30-Year Mortgage On A $250,000 Home Really Costs",2,FINANCE
Here's How Much It Costs Parents to Have Adult Kids Living at Home,2,FINANCE
Here's how our reporter coped with the world's first 20-hour flight https://t.co/b5BaR3kHJs,2,FINANCE
Here's how U.S. doctors discovered the vaping illness that has killed 39 people so far. https://t.co/p3lWGGY71V,2,FINANCE
Here's Prince Andrew's full royal title. How long does it take for you to say it? https://t.co/xOSOGpr0XH,2,FINANCE
Here's the moment U.K. Labour Party leader Jeremy Corbyn said he would stay neutral in a referendum on any new deal… https://t.co/wIkKJBv8Qj,2,FINANCE
Here's the tax bill on the $226 million Mega Millions jackpot https://t.co/LpuUcORz2l,2,FINANCE
"Here's to the million-dollar car that should have cost $5,000 the underloved Porsche 914 is the next big thing https://t.co/96rH0hVOQQ",2,FINANCE
Here's what advisors can anticipate amid the $26 billion Charles Schwab-TD Ameritrade tie-up https://t.co/zo24qHWW5x,2,FINANCE
Here's what happened to the stock market on Friday https://t.co/GnGe1NOIh1,2,FINANCE
Here's what happened to the stock market on Tuesday https://t.co/9i3HlyWd2N,2,FINANCE
Here's what it's like to live on the 123rd floor of the world's tallest condo. https://t.co/MYWBJS72Co https://t.co/EokFpqFJQb,2,FINANCE
Here's what moved stocks into the close: https://t.co/WAaUPGAJUU,2,FINANCE
Here's why the rich hate the estate tax. https://t.co/MHXiInMmuU,2,FINANCE
Here's why this video showing hours and hours of male customers having sex with masseuses inside a South Florida ma… https://t.co/XOoTm1htdh,2,FINANCE
Here's Why You Need To Hedge Your Stock Investments - Nasdaq,2,FINANCE
"Here's why you should never lease a car, according to @suzeormanshow. https://t.co/wrAETk068o (via @CNBCMakeIt) https://t.co/aG4T2UOgmh",2,FINANCE
"Hey snowflake, don’t 'OK boomer’ me at work https://t.co/mcC4NL3dIP",2,FINANCE
"Hey Twitter! why shadow ban the truth??? 

https://t.co/wdsIpTJ0fB",2,FINANCE
"Hey, good news America: Investors are bailing on stocks",2,FINANCE
"Hibbett Sports looks quite sporty today, strongest comp in six years           
https://t.co/DBjVvEF4iV $HIBB",2,FINANCE
High home prices and stronger demand have millennials pouring into smaller cities. These are the top 10 housing mar… https://t.co/iXCDQZfcb3,2,FINANCE
"Highlight: ""As cannabis goes mainstream, it's become Black Friday for cannabis and cannabis sales,"" @eaze CEO… https://t.co/msf2k9JBAS",2,FINANCE
"Highlight: ""Furniture has gotten smarter because it needs to work double time,"" Queer Eye's @BobbyBerk says. ""There… https://t.co/tfss68CSRq",2,FINANCE
"Highlight: ""It's been 22 years since we saw the Land Rover Defender,"" @melodyhahm says. ""It was iconic back in its… https://t.co/4n2nYyB0cW",2,FINANCE
"Highlight: ""It's definitely one of the most detailed plans we've seen so far [from] 2020 candidates,""… https://t.co/itJAwvMS1K",2,FINANCE
"Highlight: ""Uber's vowed to appeal this decision,"" @tom_belger says after $UBER loses its London license over safet… https://t.co/1zo83OP3Ae",2,FINANCE
"Highlight: ""We have a global economy that's coming into... an aging population— these new technologies are coming d… https://t.co/1f0Oxss0eD",2,FINANCE
"Highlight: @adrianambells explains eminent domain: The government, ""if they have just cause, can seize your private… https://t.co/p5mkoRIYQV",2,FINANCE
Highlight: @bcheungz breaks down the basics of cash flow on this week's Yahoo U: https://t.co/QjJu1akJ1y,2,FINANCE
Highlight: @danielhowley on iPhone tracking concerns: “The whole controversy really is that Apple has made a lot of… https://t.co/emyBEiWVfx,2,FINANCE
Highlight: @EdwardsLifesci CEO Mike Mussallem and @justcapital_ CEO Martin Whittaker on stakeholder capitalism: https://t.co/IXNacCuYAl,2,FINANCE
"Highlight: @heidi_chung on Uber’s safety report: ""Uber did come out and disclose these actual figures publicly… but… https://t.co/KJUEs3vDoA",2,FINANCE
Highlight: @LinkedInEcon Chief Economist Guy Berger and @KPMG Chief Economist Constance Hunter break down the jobs… https://t.co/vJ3Xoj9YFb,2,FINANCE
Highlight: @RealSportsHBO Correspondent David Scott talks about the 2011 Fukushima nuclear disaster and the 2020 Ol... https://t.co/eArXb24orH,2,FINANCE
"Highlight: @scottgamm at the NYSE: “The Dow is up 100 points, but we’re still below that 28,000 mark that we first… https://t.co/IRpiSlFj9U",2,FINANCE
"Highlight: @spyjared on oil: “Kicking off the week with a little bit of volatility, it’s up about 1/3 of a percent… https://t.co/Ss2ACa4IU9",2,FINANCE
"Highlight: @tom_belger on London banning Uber: ""Uber's vowing already to appeal this decision to cut it out of one… https://t.co/JpJQqGwBhX",2,FINANCE
Highlight: @WellsFargo Acting Chief Economist Jay Bryson on how recessions happen: “One is when something big in th… https://t.co/y40JyB50sn,2,FINANCE
Highlight: @WellsFargo Asset Management multi-asset strategist Brian Jacobsen: “Our focus now is more on where are… https://t.co/ZO6K0RGHT7,2,FINANCE
"Highlight: “Based on the long term picture of crude oil… it’s all pointing to a very bearish picture,” @spyjared sa… https://t.co/Gr2SNNpCOz",2,FINANCE
"Highlight: “From the global production standpoint, [the] OPEC cuts are really just part of the system,” says @PwC’s… https://t.co/8LfE3tAyNZ",2,FINANCE
"Highlight: “I love making movies that make people feel good,” @candacecbure says on working with Hallmark and holid… https://t.co/jGW1xpPZmC",2,FINANCE
Highlight: “I think over time you’re going to see more and more services that will include ads as we move away from… https://t.co/UvdbfhCtM9,2,FINANCE
"Highlight: “If you think about the value that LVMH might be able to unlock for Tiffany, it does justify the price t… https://t.co/7YlpHgIQ3H",2,FINANCE
Highlight: “It isn’t just today— it’s really been a function of this entire year… 2019 has really been kind of the… https://t.co/9H6BkN1N1o,2,FINANCE
"Highlight: “It will be the first insulin pill in the history of insulin,"" Oramed CEO @NadavKidro says about their n… https://t.co/sJvKOoZFwl",2,FINANCE
"Highlight: “It’s a carousel not only of coaches but of players,” @serwer says about the Redskins ownership problem.… https://t.co/PXqyVBhHgH",2,FINANCE
"Highlight: “It’s very unclear as to who the target demographic is going to be,” @Melodyhahm says about the Tesla cy… https://t.co/oyerFjqoQ3",2,FINANCE
Highlight: “Patent data gives us a way of identifying actual capabilities or things that entrepreneurs and inventor… https://t.co/ecgNPg29fv,2,FINANCE
Highlight: “People tend to freak out this time of year because houses [have] been on the market long or there’s not… https://t.co/u8xJAVW7fF,2,FINANCE
"Highlight: “Taylor [Swift]’s drama amped it up big time,” Variety Senior Music Editor @jemaswad says about last nig… https://t.co/mk1RZW51PW",2,FINANCE
"Highlight: “The actual retail brokerage business is a very small part of [Schwab's] business,” @bcheungz says. “The… https://t.co/WvuVm95hZJ",2,FINANCE
"Highlight: “The U.S. consumer… [has] continued to de-lever,” notes AngelOakCap’s Sam Dunlap. “That’s really… what w… https://t.co/YFMEI1k0VV",2,FINANCE
"Highlight: “The White House is hosting a listening session right now about the vaping issue,” @JessicaASmith8 says.… https://t.co/0s4BsX634o",2,FINANCE
"Highlight: “Theres certainly a lot of U.S banks too that say: ‘We’re doing a pilot test of block chain,’”… https://t.co/BFSmAezv7t",2,FINANCE
"Highlight: “Theres very little not to like about this report, @WellsFargo Acting Chief Economist Jay Bryson says ab… https://t.co/SizKFOW6qr",2,FINANCE
"Highlight: “Unfortunately, I think it’s going to be an okay Black Friday,"" @UBS Retail Analyst Jay Sole says. “The… https://t.co/nXZ1V1wOLr",2,FINANCE
Highlight: “Until we can get a better sense of what the hit ultimately is going to be to earnings and how bad the u… https://t.co/EMOu5vRRdo,2,FINANCE
"Highlight: “We are really worried about what this looks like for us a year from now…"" @garnishgather Founder Emily… https://t.co/7CGc4PHQZd",2,FINANCE
"Highlight: “We think about same-day, two-day, whatever day— it is about getting the consumer what they want, when t… https://t.co/5I5aBs3GSx",2,FINANCE
"Highlight: “We’re always looking for ways to bring new Minecraft experiences to the community, which continues to g… https://t.co/RqmD90Wk9U",2,FINANCE
"Highlight: “You don’t copy Amazon, you learn the best practices,” author Ram Charan says. “It has three key element… https://t.co/f7RRODQY2R",2,FINANCE
Highlight: Asahi Kasei Corporation Senior Executive Officer John Moyer on investing in autonomous driving and build… https://t.co/CAwyjxB6ay,2,FINANCE
Highlight: Burke Financial Strategies CEO John Burke explains why healthcare is his favorite sector right now: https://t.co/KGLsJoMqJX,2,FINANCE
Highlight: Carnival CEO Arnold W. Donald discusses new wearable technology to enhance travel experiences on cruises: https://t.co/zAn9cDmKYr,2,FINANCE
Highlight: Chief CEO @cb_childers discusses women in the workplace: https://t.co/269bM576oa,2,FINANCE
Highlight: Columbia Threadneedle Investments Senior Interest Rate and Currency Analyst Ed Al-Hussainy breaks down t... https://t.co/L0Q5Rfcnxk,2,FINANCE
Highlight: Democrats and the White House reach a USMCA deal. “It’s one of those rare circumstances… where you have… https://t.co/d0oaeL6H8I,2,FINANCE
Highlight: House Democrats announce two articles of impeachment. “The question is have they persuaded the American… https://t.co/wzRtmMNfIj,2,FINANCE
Highlight: How do we read the unemployment data? @bcheungz breaks it down on Yahoo U: https://t.co/IfTM8IoUSG,2,FINANCE
"Highlight: Michael Bloomberg ""is trying to kind of bring the party together— shift the focus a little bit,""… https://t.co/QJV0meMLmA",2,FINANCE
Highlight: Plumb Funds CIO Tom Plumb explains why he’s bullish on healthcare: https://t.co/UnOSsOci4O,2,FINANCE
"Highlight: The Call of the Day is Morgan Stanley on Tesla. ""When we get closer to 2024, we can start talking about… https://t.co/imhS3mAcP5",2,FINANCE
"Highlight: The Fed needs to “improve the dot plot. They need think about alternative scenarios,” says @dartmouth’s… https://t.co/GphUQgsR22",2,FINANCE
Highlight: 'The Fittest Man on Earth' @mathewfras talks investing: https://t.co/tBc8uSnphc,2,FINANCE
"Highlight: 'When it comes to private investing or investing in general, the earlier a company is, the higher the ri... https://t.co/MHh1YT2DWr",2,FINANCE
"Hillary Tweets ""No One Is Above the Law"" Then Refuses To Accept Lawsuit Against Her https://t.co/UsNIiPt2fs",2,FINANCE
"history is an agreed upon collection of lies...
I havent seen a high school history book in 35 years, it would be i… https://t.co/9Vq8a8QY3g",2,FINANCE
Hollywood Box Office Booms Even as Americans Stay Home and Chill,2,FINANCE
Hollywood Knows It Has a Big Carbon Problem on Set,2,FINANCE
Homebuilders aren't keeping up with millennials https://t.co/xj0m1YhP4A,2,FINANCE
Hong Kong Banks Give Extra Days Leave to Staff Amid Virus Outbreak,2,FINANCE
Hong Kong Banks Give Extra Days Leave to Staff Amid Virus Outbreak,2,FINANCE
"Hong Kong bill, more earnings, Powell speech: 3 things to watch for Monday https://t.co/MAz7bG2lCv",2,FINANCE
Hong Kong’s protests: Inside the PolyU siege https://t.co/uV3oO7kAGw,2,FINANCE
Hong Kong's Politicized Economy,2,FINANCE
HORNBACH : USDA Releases 2018 Annual Pesticide Data Program Summary #HORNBACH #Stock #MarketScreener… https://t.co/ErsPNvvazi,2,FINANCE
"Hot #BlackFriday tip: ""Put things in your cart and leave them there."" https://t.co/awiDWdUSvD",2,FINANCE
How ‘green hydrogen’ could make a reality of ‘green steel’ https://t.co/BLFp8uIog1,2,FINANCE
How a chat with Chuck Schwab inspired a bold S&P 500 call https://t.co/DqWD1kFHBJ,2,FINANCE
How a Supreme Court case could change how cities treat the homeless https://t.co/hIujtrIKUX via @BW,2,FINANCE
"How are technological advances causing a boom in renewable energy? Find out in our new infographic, ""The Power Shif… https://t.co/gVDgEE6ArY",2,FINANCE
How Beyoncé and Mariah Carey made Airbnb a luxury brand https://t.co/1reTl4zElG,2,FINANCE
"How can businesses lead on climate action? (Sponsored by TBD Media)
https://t.co/kH12YgUHYe https://t.co/CnUhlXIPMe",2,FINANCE
How cheap-chic retailer Target has morphed into a model for how to avoid the retail apocalypse https://t.co/67FNXAUvYh,2,FINANCE
How clean hydrogen could make the steel industry less dependent on coal https://t.co/Cz0qP3FKWI,2,FINANCE
How conservation investment could be a lifeline for endangered species https://t.co/GnpuFvx9ir,2,FINANCE
How did investors react to Tesla's Cybertruck announcement? They bought GM and Ford shares: https://t.co/LTq5CnNU4K,2,FINANCE
How do “no loan” college financial-aid packages work? Here is what students need to know https://t.co/y0LgFFPkDo,2,FINANCE
How do investors calculate opportunity costs? Enrico Cacciatore (@Ejcacciatore) of @VoyaInvestments joins Nasdaq Ch… https://t.co/ScAss7zlzI,2,FINANCE
How does one avoid the real estate value trap?  https://t.co/9aYYgpJtSm,2,FINANCE
How financial advisors can strive for a higher standard when recommending life insurance https://t.co/91N7LqMh1A,2,FINANCE
How Germany's universal health-care system compares to the United States https://t.co/OFTD46m79m,2,FINANCE
"How investing in #sustainableinfra in developing countries can foster economic and climate resilience? 

Blog by… https://t.co/27lz691wBf",2,FINANCE
How is a bank's GSIB score calculated https://t.co/m7AIabn6U0,2,FINANCE
How is Salesforce $CRM putting its Tableau and Mulesoft acquisitions to work? #DF19 https://t.co/7AyperfESO,2,FINANCE
How Many Children Live in Poverty in Your State,2,FINANCE
How much do you make? Salary disclosures could boost what you earn https://t.co/fE37bjxtlm by @denitsa_tsekova https://t.co/75fs8dg8fI,2,FINANCE
How much garbage do you generate in a day?  Read our new #IMFBlog to see which countries top the list.... https://t.co/yy3JxiZyGs,2,FINANCE
How Switzerland Could Find Itself Labeled a Currency Manipulator,2,FINANCE
How the USMCA Affects U.S. Steelmakers and Auto Manufacturers,2,FINANCE
How this company makes meat alternatives out of air,2,FINANCE
How to adopt smart retirement and tax strategies,2,FINANCE
How to Celebrate Valentine's Day on a Budget,2,FINANCE
How to Find Cheap Buy-Ranked Stocks Trading Under $10 - Nasdaq,2,FINANCE
How To Live A Climate-Friendly Life,2,FINANCE
How to Make a Killing During the Biggest Housing Boom in History,2,FINANCE
How to Recover When You Don't Stick to Your Retirement Plan,2,FINANCE
How to Save Money on These 3 Holidays in 2020,2,FINANCE
How to trade Ulta $ULTA - no makeup tutorial needed  https://t.co/0WkngwEVCQ,2,FINANCE
How Trader Sentiment On Streaming Stocks Has Changed Since Disney+ Launch,2,FINANCE
HR Confidential: I fired her. Then she revealed all of the office's sordid sex-and-drugs stories. (via @CNBCMakeIt) https://t.co/Pkyk6k5nkg,2,FINANCE
https://t.co/575AH1YRkF,2,FINANCE
https://t.co/9eZPvQhfMq,2,FINANCE
https://t.co/oJxNPEUpWq,2,FINANCE
Huge lines at Hong Kong polling stations for local elections after months of #HongKongProtests. All sides are urgin… https://t.co/IiOd5lGMhw,2,FINANCE
Human Rights Watch says a palm-oil producer is polluting the environment and threatening the health of its workers… https://t.co/hMQCOrsjdY,2,FINANCE
Humanity Isn't Ready For The Next Global Virus Outbreak (Radio),2,FINANCE
"Hyperinflation or Stagnation, Which Is Worse? Ask Latin America.",2,FINANCE
"Hypothecation: Meaning, Risks, and Examples",2,FINANCE
I am a trend trader and stay with the trend or sit on the sidelines until a clear trend change would/does develop.,2,FINANCE
I can't imagine why this artwork was shadow banned .... who did this?? https://t.co/ZktS3MykQz,2,FINANCE
"I don’t blame them for refusing to cook a Wagyu steak well done. In fact, I applaud that. If you don’t like it then… https://t.co/SOTqpEwBSh",2,FINANCE
I gave up my smartphone for a week and lived with a phone that only places calls — and I hated it.… https://t.co/5nB4kYMDOW,2,FINANCE
i love it when fertility clinic's decorate ...... and it's not even Thanks Giving ..... i.e. premature https://t.co/eS8TVNbfJZ,2,FINANCE
"I See A Window For Fast Money Trading On The Long Side Today, Here's The Plan. https://t.co/2i2b3py70P #trading #economy #stockmarket",2,FINANCE
I was not pleased with the way that Navy Seal Eddie Gallagher’s trial was handled by the Navy. He was treated very… https://t.co/bFwiFKQi9e,2,FINANCE
Iberchem Group verzeichnet Rekordjahr mit Übernahme von zwei Aromenfirmen und Umsatzwachstum von 19%,2,FINANCE
"If you hit the $237 million Powerball jackpot, this is your tax bill. https://t.co/F35lmfwIYq",2,FINANCE
"If you win the $285 million Mega Millions jackpot, here's what to do first to protect your windfall https://t.co/hoqEe4pBVr",2,FINANCE
"If your household has $250,000, you’re in the top 5%. https://t.co/VslRVqg5zP",2,FINANCE
"If your iPhone updated to the latest iOS, you now have the option of gender-neutral emojis ⚧️ https://t.co/iDVPlXRdjl",2,FINANCE
"If you're flush with cash, here's where you should (and shouldn't) live. https://t.co/z0Zp7pbkui https://t.co/NM8pKXGUZY",2,FINANCE
"If you're worried, instead of ringing the doomsday bells, start getting ready  https://t.co/nB605rLdj6",2,FINANCE
Il Governo etiope e il gruppo Alibaba siglano accordi per la creazione di un polo eWTP in Etiopia,2,FINANCE
Illegal Tender podcast: What it was like to befriend convicted socialite scammer Anna Delvey,2,FINANCE
Illicit Cannabis Supply Output Still Dominates In The US,2,FINANCE
Illinois’s Legalized Pot Sales Debut Beats All States Except One,2,FINANCE
Important note about this performance:  Sean entered the contest late and didn't start trading until almost have th… https://t.co/MgK7mfz7TK,2,FINANCE
"In a world where air conditioning is intensifying global warming, how do we stay cool? The answer could be somethin… https://t.co/dYTan9dAFw",2,FINANCE
"In Hong Kong, protesters have had to create a visual culture that 'emerges, spreads and vanishes rapidly' https://t.co/cBXKl8hRPz",2,FINANCE
"In one corner: a 32-year-old investment firm worth $221.8 billion. In the other, a 29-year-old pop star worth $360… https://t.co/jQyqPCeBPJ",2,FINANCE
"In This ""Booming Economy"", 90% Of Americans Say Money Increases Stress Levels https://t.co/gnfm7pMbZ7",2,FINANCE
"In this market, gaining 12.8% for the 12 months makes you the top stock-fund manager https://t.co/aVQ9SiucK7",2,FINANCE
"In this retail apocalypse, stores like $JCP need to meet customers with convenience. https://t.co/Utb0NZ9WEf",2,FINANCE
Income inequality is affecting a younger generation of workers more than anyone else. So why are young people espec… https://t.co/vkbhdBGjpv,2,FINANCE
Income Lab Ideas: Distribution Cut - Don't Panic. Get more updates here: https://t.co/RO4gkAN22a #trading #finance #economy,2,FINANCE
Income Tax Department Launches E-Calculator To Compare New And Old Regime,2,FINANCE
Increase Your Credit Score With This 1 Trick,2,FINANCE
Indonesia Eyes Empty Islands for Quarantine Hub Amid Virus Fears,2,FINANCE
Indonesia’s Jokowi Warns of Economic Calamity From Forest Fires,2,FINANCE
Indonesia's Jokowi Warns of Economic Calamity From Forest Fires,2,FINANCE
INNIO and HanseWerk AG Pool Their Technological Expertise for Innovative Hydrogen-Fueled Combined Heat and Power Pl… https://t.co/Pk711Zmwl3,2,FINANCE
Inside CannTrust: Whistleblower reveals new video of alleged illegal grow room https://t.co/c8LjKtDW3X by… https://t.co/zed9ztYFuq,2,FINANCE
Insider Weekends: John Malone Purchases $75 Million Of Discovery. Get more updates here: https://t.co/LViwlOMqpM… https://t.co/Z5a4sKLcRI,2,FINANCE
Instadollars: 10 Celebrities Who Earn The Most Money With Instagram,2,FINANCE
"Instead of Universal Basic Income, Try Universal Basic Stakeholding",2,FINANCE
Interactive Brokers : Offering Fractional Share Trading Broker broadening access to more e... #InteractiveBrokers… https://t.co/aGHDxwa2Po,2,FINANCE
"Invest in Art or Stocks? Keynes Has an Answer (Well, Sort Of)",2,FINANCE
Investors Become Richer By Rs 1.81 Lakh Crore As Stocks Zoom,2,FINANCE
Investors Get 2 New ESG ETFs for 2020,2,FINANCE
Investors look to emerging markets amid trade fight,2,FINANCE
"Investors often make poor, emotional decisions based on dips in their portfolio, @danariely says. Here is his advic… https://t.co/hkTqX14vKw",2,FINANCE
Investors penalize companies for adding women to their boards https://t.co/Me8jhCO0LJ,2,FINANCE
IRA Taxes in 2020: What You Need to Know,2,FINANCE
Iran joins Russia and China in joint naval exercises beginning Friday https://t.co/YEzWswZJTh,2,FINANCE
Ireland Still Refuses to Answer the $14.5 Billion Tax Question,2,FINANCE
Is cable news keeping the average American out of the stock market? @JimCramer weighs in: https://t.co/IP6xHN4Fz2 https://t.co/qL77cZ4RfB,2,FINANCE
Is Market-Timing A Viable Investment Strategy?. Follow this and any other stock on Seeking Alpha!… https://t.co/JdLiOQ3vdQ,2,FINANCE
Is the global #economy showing signs of growth or catastrophe? SF Fed EVP & Director of Research Sylvain Leduc shar… https://t.co/dWKpFwUrOb,2,FINANCE
Is The Market Pricing Guess Appropriately?,2,FINANCE
"Is the plague making a comeback? Actually, it never went away https://t.co/uPSNRLdQKh",2,FINANCE
Is this Wuhan's new hospital,2,FINANCE
Israel Will Not Be Third Time Lucky,2,FINANCE
Israelis Hurt in Jerusalem Car Ramming Attack,2,FINANCE
Istanbul mulls Eurobond issue after banks balk at funding the city https://t.co/ZoZC6W91EV,2,FINANCE
"It often pays to shop around for auto insurance. Doing it might seem complicated, but it's easier than you think.  https://t.co/jOsxQrINfL",2,FINANCE
"It’s a big week for the U.S. consumer, and not just because of the annual retail extravaganza of Black Friday https://t.co/1vRRvGmpg4",2,FINANCE
"It’s official: ""Joker"" is the first $1 billion R-rated movie. https://t.co/GXKQDVZhg2 https://t.co/ujB4YqgCn0",2,FINANCE
It’s T-Shirt Weather in Antarctica as Temperature Breaks Record,2,FINANCE
"Italy is the first country in the world to introduce mandatory climate change lessons in schools. 

@JohnFollain re… https://t.co/kuB7J49O7K",2,FINANCE
"It's a good time to buy property in London, says Christie's https://t.co/pI1JBFZPh7",2,FINANCE
"It's been a year of buzzkills for the legal cannabis industry. Here are this year's biggest offenders (and yes, Can… https://t.co/eGnsYfczFC",2,FINANCE
It's Getting Harder to Make Money Flipping Houses,2,FINANCE
It's going to be tough for us white guys in America when they call #HunterBiden,2,FINANCE
It's important to have a mix of long-term and short-term investments. Knowing what to expect from each will help yo… https://t.co/Qn7rC3I2MH,2,FINANCE
"It's not just 'orange man bad.' For Dems, 'white man bad,' too - American Thinker",2,FINANCE
"It's OK to Take Pens From the Office, But Not Pasta Salad",2,FINANCE
"It's okay Greg, your insurance will cover it.",2,FINANCE
It's rate decision day in Israel – here's what to expect https://t.co/FE4SB0Q1fQ https://t.co/6aRqBv5rZl,2,FINANCE
It's the most wonderful time of year for porch pirates — and @sarahhalzack has a plan for how to stop them… https://t.co/lUq9vDYyu3,2,FINANCE
"It's time for a 100% tax on billionaire estates, writes Oscar Mayer heir. https://t.co/DQu066zh7U",2,FINANCE
Ivory Coast police clash with protesters over coronavirus test centre #economy #MarketScreener… https://t.co/OS8ODHvy79,2,FINANCE
Japan Finds 41 More Virus Cases on Cruise Ship,2,FINANCE
Japan’s Justice Minister Says No Need to Ban All Cruise Ships Due to Virus Fears,2,FINANCE
Jeff Bezos: $160 billion vs. $95.3B Bill Gates: $97B vs. $42B Warren Buffett: $88B vs. $35B https://t.co/yKlnLDbcQB,2,FINANCE
Jet industry's grand masters fight to a draw in Dubai #Stock #MarketScreener https://t.co/xRSWD6hsIM https://t.co/0GWXM4muhL,2,FINANCE
JetBlue is trying to hold onto its quirky culture while succeeding at the balancing act all airlines face: keeping… https://t.co/gPAw2Uj7co,2,FINANCE
Jobless Americans to see extra payments as soon as this week https://t.co/C4GqPrX7fR https://t.co/EbsUfPe5C1,2,FINANCE
"JOBS, JOBS, JOBS! https://t.co/QCtWgld2RW",2,FINANCE
John Solomon Drops 28 Uncomfortable Facts Crushing The 'Debunked Conspiracy Theory' Narrative https://t.co/mKHe79zQT9,2,FINANCE
"John Stossel Exposes The ""Climate Myths"" https://t.co/3W0y751TEy",2,FINANCE
JP Morgan has a bargain stock pick to play the holiday shopping season and a completed trade deal,2,FINANCE
"'Jumanji' Sequel With Dwayne Johnson, Kevin Hart Tops Box Office",2,FINANCE
Jumia: continental drift https://t.co/ww84pxa3RN,2,FINANCE
Just because you missed the Tree Lighting doesn’t mean you can’t still come see it in person this holiday season https://t.co/vp5lhOf6gL,2,FINANCE
JUST IN: 2 people are in custody after authorities fired shots at an intruder vehicle outside Trump's Mar-a-Lago cl... https://t.co/g6VMUioO1A,2,FINANCE
"JUST IN: New York City has its first confirmed case of coronavirus in the borough Queens, the New York Daily News r... https://t.co/sdvVn5iNmg",2,FINANCE
Just published: front page of the Financial Times international edition Saturday November 23 https://t.co/BsEyxVQF8U https://t.co/aENnx0odBu,2,FINANCE
JUST RELEASED: Our newest #EconFocus looks at our fear of #recession. Could our expectations about the economy be s... https://t.co/DMi9fgdNBx,2,FINANCE
Justices seem to favor insurers' Obamacare claims for $12B https://t.co/xUiexlNf66 https://t.co/h2SNcp0plY,2,FINANCE
Kardashian Socialite to Help Saudis Seal Newcastle United Deal,2,FINANCE
"Karvy Case: SAT Asks SEBI To Hear Axis Bank’s Plea, Pass Order Within 15 Days",2,FINANCE
Key events next week - healthcare,2,FINANCE
Key Supplier Negotiation Strategies for Successful Procurement| Request a FREE Demo from SpendEdge for More Insights,2,FINANCE
"Kobe Bryant could have become better at investing, says 76ers' Michael Rubin https://t.co/iCQPiX8hGn",2,FINANCE
Korian s’associe à Omedys pour développer le premier réseau de téléconsultation de proximité à l’échelle nationale,2,FINANCE
Kylie Jenner Is Keeping Up With the Billionaires,2,FINANCE
Kylie Jenner Just Got Even Richer,2,FINANCE
L.A.’s First Step in Housing the Homeless Is Counting Them,2,FINANCE
"LA Auto Show: 'It's an SUV world, we just live in it': SUVs (and even cars) are now spawning ever more SUVs",2,FINANCE
Lachlan Murdoch buys mansion for record $150M,2,FINANCE
Last week our Community Investment Council toured #Greensboro to look at how communities better prepare students fo… https://t.co/PTxS453ACn,2,FINANCE
"Last week, we hosted the 7th IMF Statistical Forum on Measuring the Informal Economy. Watch the events and read the… https://t.co/dBL2OpHfw4",2,FINANCE
Latest Bridge Collapse Shows Italy Can’t Get a Grip on Its Roads,2,FINANCE
"Leaders from BaubleBar, b8ta, and Leap share what they’ve learned about the move from digital commerce to storefron… https://t.co/vOrWsEW7lY",2,FINANCE
Leaked Chinese documents show how mass surveillance system flags Uighurs for detention camps https://t.co/IWP7hj4bVW,2,FINANCE
"Leave with this --&gt;  It is only failure if you stay down after the fall.  Get back up, dust yourself off and start anew.",2,FINANCE
Leaving Walmart after paying off several layaway balances. Thanks to all of my children for pitching as well. You m… https://t.co/v1L7o1hfy0,2,FINANCE
"Less is more, don't let yourself get chopped in this whipsaw.",2,FINANCE
Let’s Not Disclose The $1 Million In Switzerland . . . And Go To Jail For 3 Years,2,FINANCE
Life on a Cruise Ship Struck by the Coronavirus,2,FINANCE
"Like our Premarket posts? Come check us out at https://t.co/yChRCoaR8v

No bullshit live breaking news and rumors w… https://t.co/rirBmfyRrj",2,FINANCE
LISTEN NOW: A former Boeing employee speaks out on 737 Max safety concerns — this story and more on the Squawk Pod… https://t.co/fdsIVgVqSj,2,FINANCE
"LISTEN NOW: Merger Monday, Bloomberg’s 2020 presidential run and holiday travel congestion — these stories and more… https://t.co/dxj43amFIa",2,FINANCE
"LISTEN NOW: The holiday week begins with some $60 billion in formally announced M&A involving LVMH, Charles Schwab,… https://t.co/k3VjEDHvbZ",2,FINANCE
"LISTEN NOW: Uber revealed disturbing new data on sexual assaults, a blowout jobs report, and gaming's big future wi… https://t.co/3xW1BILn8r",2,FINANCE
"Listen to our latest #RegionalView, where Regional Economist Alex Marre discusses economic conditions at a conferen… https://t.co/kPM1I5vMfE",2,FINANCE
Listen to today's Yahoo Finance Daily presented by @VerizonBusiness: https://t.co/MT5k7AWvdU https://t.co/pgYmd3l0V9,2,FINANCE
"LIVE NOW: Ming Tsai (@mingtsai), chef and restaurant owner, joins Yahoo Finance. Watch on https://t.co/xpAujlllJF! https://t.co/82g26MW8oo",2,FINANCE
Living near main road ‘could raise lung cancer risk by 10 per cent’ https://t.co/308PyOMuT4,2,FINANCE
LL COOL J's wife turns cancer battle into charitable business,2,FINANCE
London stalling... https://t.co/8iINzcpNd8,2,FINANCE
London Stock Exchange : Audited Results for the Year Ending 31 August 2019 #LondonStockExchange #Stock... https://t.co/ENK5wCbMac,2,FINANCE
London Stock Exchange : PMPs in Hawaii can now take on termites with Altriset from Syngenta #LondonStockExchange... https://t.co/Yo5VOdfuCu,2,FINANCE
London Stock Exchange : Public policy and social science cross disciplinary divide #LondonStockExchange #Stock... https://t.co/3IVIYQwlPc,2,FINANCE
London Underground Faces Bakerloo Line Strike This Month,2,FINANCE
London Underground Faces February Bakerloo Line Strike Action,2,FINANCE
"Londong calling: The property arm of the world's largest auction house, Christie's, says buy in London as a rebound… https://t.co/2nyebHlXUL",2,FINANCE
"LOOK: A landslide in the Italian village of Comune Pieve di Teco left 22 families cut off on Saturday. Debris, dam… https://t.co/0lzOV8hNPz",2,FINANCE
"LOOK: Anti-government protesters burn tires to block roads in Basra, as demonstrations against poor services and sh… https://t.co/9pCSrWQTem",2,FINANCE
LOOK: Hong Kong officials count votes in the city's 1st district council elections since the #HongKongProtests bega… https://t.co/mSm0OmYXkW,2,FINANCE
"Looking for a new gig in 2020?

Of the top 100 best places to work, 31 are tech companies, but the top 5 will surpr… https://t.co/gpEzpX53tQ",2,FINANCE
Looking For Last-Minute Tax Loss Harvesting Ideas? Here’s One.,2,FINANCE
LTI Utökar Strategiskt Partnerskap med OKQ8 Scandinavia,2,FINANCE
Lucille Brobbey: Black women should be able to walk into the office with pride and wear their afro or braids withou… https://t.co/GT7lbRdDMG,2,FINANCE
Luke Edward Hall's thoughtful presents for interiors lovers https://t.co/VAjt00YGkm,2,FINANCE
"Macro Review/Preview, free this weekend, out in a bit, enjoy our time with family this weekend everyone!",2,FINANCE
Maduro abraza el capitalismo y los emigrantes regresan al pas,2,FINANCE
Maduro Embraces Capitalism and Venezuelan Emigres Are Returning,2,FINANCE
"Make $125,000 in 2019? Here's How Much Income Tax You Could Pay.",2,FINANCE
"Make the Most of Your Retirement with These Top-Ranked Mutual Funds - February 07, 2020",2,FINANCE
Malaysia Plans to Vaccinate Overseas Visitors to Combat Polio,2,FINANCE
Malaysia will return 42 containers of illegal plastic waste to the U.K. https://t.co/DsJPzxqrrF,2,FINANCE
"Many workers don't have access to retirement savings programs. Now, efforts on both a national and state level aim... https://t.co/9LNfrB1dS9",2,FINANCE
"Market direction is not a real concern for VWAP algorithms, the goal is to participate in volume proportionately th… https://t.co/hA2tcCPjUj",2,FINANCE
"Market Morning: Chinese Army in Hong Kong, Boeing Walks Back Comments, Kraft Heinz Cheese Problems",2,FINANCE
"Market Morning: Solar Breakthrough, Hong Kong Bill, Alibaba Win, Pimco Sees Deal By Christmas",2,FINANCE
Marriott’s Mission: Make W Hotels Cool Again,2,FINANCE
Mary Kay pokračuje ve svém závazku pomáhat ženám i na fóru iniciativy Global Compact OSN pro rovnoprávnost pohlaví,2,FINANCE
Masayoshi Son's Bankers Are Worried About Their Favorite Client,2,FINANCE
Matt Miller's Scouting Notebook: NFL Scouts Pick Top 2020 Free-Agency Signings - Bleacher Report,2,FINANCE
Maybe not so pretty? @Sarge986 takes a look at @RealMoney #StockoftheDay $ULTA  https://t.co/7sJGd4YfnB,2,FINANCE
"Measles epidemic sweeping through Samoa continues to worsen with the death toll rising to 25, all but one of them y… https://t.co/QvSfF5iE8u",2,FINANCE
Medical Marijuana Investors: The Floodgates Are Open,2,FINANCE
"Meet @EelectricMiguel, an electric eel powering the lights on a Christmas Tree at the @TNAquarium 🎄 https://t.co/uFzM31Yg7R",2,FINANCE
"Meet Adrenaline, the first female hero in the 60-year history of Asterix comics. She made her first appearance in… https://t.co/LkYFwaxeKt",2,FINANCE
"Meet MGO/ELLO's 'Cannabis 50' Honorees, From Jim Belushi To Flow Kana",2,FINANCE
Mega-Landlord Deal in Germany Faces Mounting Investor Resistance,2,FINANCE
Mercury General : Insurance Urges Americans to Take Extra Precautions to Secure Home Netwo... #MercuryGeneral… https://t.co/f7Z75o2Yj7,2,FINANCE
"Merger Arbitrage Analysis And Spread Performance - April 5, 2020. https://t.co/R2vdtaXb2G #business #investing #trading",2,FINANCE
"Merger Arbitrage Analysis And Spread Performance - November 24, 2019. Read more and sign up for updates:… https://t.co/pJxpZUXpCh",2,FINANCE
Merger Arbitrage Mondays - Novartis Confirms Acquisition Of The Medicines Company. Get more info on Seeking Alpha:… https://t.co/OJYNKIoTb9,2,FINANCE
"Merriam-Webster announced ""they"" as its Word of the Year. Searches for the term increased by 313% in 2019 https://t.co/QckhyvXIP8",2,FINANCE
Mexico Removes the Actual Jet From Its Presidential Jet Raffle,2,FINANCE
Might have to do one of these.... 🤔,2,FINANCE
Mike Piazza explains what separates Warren Buffett from other investors,2,FINANCE
Millennials are saving more and their money habits are improving https://t.co/H4W25O02lN,2,FINANCE
"Millennials 'are seeing their health decline faster' than Gen X, worrying experts",2,FINANCE
Millennials are spending their money differently than any other generation — and it's changing America's economy. https://t.co/ysMtPhMbNR,2,FINANCE
Mini-bond victims confront FCA chief Andrew Bailey https://t.co/GuskXSsi8d,2,FINANCE
Missouri American Water Wins Third Place in St. Louis Green Business Challenge https://t.co/B7FyUEloWx https://t.co/YDMkumghDs,2,FINANCE
Mixed bag for volatility as you would expect. https://t.co/AeVeAsGQ2W,2,FINANCE
Mnuchin says he is monitoring how the coronavirus spreads and its potential to harm U.S. economy,2,FINANCE
Mnuchin: Based on current coronavirus info don't expect any problems with China fulfilling phase one,2,FINANCE
Mnuchin: U.S. will have greater clarity on coronavirus impact in 2 weeks,2,FINANCE
Modern Monetary Theory: It's an unconventional economic theory made popular by progressive politicians Alexandria O… https://t.co/Ymg8sMShOj,2,FINANCE
Modi Government ‘Strangulating’ Kerala By Denying Funds: Thomas Isaac,2,FINANCE
"Modi Government Needs To Shed British-Style Bureaucracy And Move Faster, Says Gopichand  Hinduja",2,FINANCE
Money-Supply Growth Accelerates To 28-Month High. Get more info on Seeking Alpha: https://t.co/0GHittEtWm #markets #finance #stocks,2,FINANCE
More later. https://t.co/7P4a8ctwHq,2,FINANCE
More New York Businesses Using State Law to Avoid SALT Tax Cap -- Update #economy #MarketScreener… https://t.co/C80HFpd4LS,2,FINANCE
"More than 200,000 background checks for gun purchases were initiated on Black Friday, making it the second-highest… https://t.co/sObJbkbSRq",2,FINANCE
"More than half of Generation Z is already saving for a home, according to Bank of America's 2019 Fall Homebuyer Ins… https://t.co/G20gBc8DMo",2,FINANCE
"Morgan Stanley says forecasting just the next two months, let alone 2020, is hard right now https://t.co/f3ToNSUFXu",2,FINANCE
Most Americans Think They Won't Need Social Security. They're Wrong.,2,FINANCE
"MSCI arms all investors with ESG ratings of 2,800 top firms",2,FINANCE
Much of the electricity that will be used to recharge electric vehicles in the future will come from natural gas be… https://t.co/dCoddkApke,2,FINANCE
'Much worse than the incident itself is the fact that the company I thought was going to protect me then betrayed m… https://t.co/4pEab6Xt8I,2,FINANCE
"'Music is life, music is everything to me.â€ Rapper @fatjoe gets candid in his conversation with @jonfortt about sne... https://t.co/oBzf97E8Us",2,FINANCE
N.J. Screens 27 Passengers on Curise Ship for Virus; Risk ‘Remains Low’,2,FINANCE
"Nasdaq CEO @adenatfriedman thrives under pressure:

""Every time ... where someone’s taken a leap of faith and said,… https://t.co/tW98HHQ0hb",2,FINANCE
Nasdaq CEO: Companies going public need a 'path to profitability' https://t.co/A2AWscsngL by @MaxZahn_ https://t.co/oVEDuvnHy8,2,FINANCE
National Grid : Agreement reached with the State of New York #NationalGrid #Stock #MarketScreener… https://t.co/5m4ohx0oGk,2,FINANCE
Navarro says he's qualified to disagree with Fauci on coronavirus medication: 'I'm a social scientist' https://t.co/0ceRFHm25C,2,FINANCE
Navy says White House won’t intervene in SEAL’s disciplinary hearing https://t.co/yxdS4mewp3,2,FINANCE
Navy Secretary Fired Over SEAL Controversy https://t.co/oyXk25M11F,2,FINANCE
Navy Swaps Submarine for Destroyer in 2021 Budget Request Shift,2,FINANCE
NBA legend Magic Johnson: LeBron James is the favorite to win MVP https://t.co/QvWL61XDuX by @BrianSozzi https://t.co/cke2gOPyvS,2,FINANCE
Nearly half of millennials withdraw from their 401K: Survey,2,FINANCE
"Nearly half the supply of hydroxychloroquine to the U.S. comes from makers in India, which has banned exports of al… https://t.co/3PKMFEuPQ4",2,FINANCE
"Need an update on this week's #OPEC meetings? Tamar Essner, Senior Energy Director, weighed in on @BloombergTV:… https://t.co/pn2ClgW5X5",2,FINANCE
Negative Interest Rates And The Perpetuity Paradox. Follow this and any other stock on Seeking Alpha!… https://t.co/0OqvQisRJf,2,FINANCE
"Nepal has arrested the brother-in-law of a woman who died after she was banished to a cow shed during her period, t… https://t.co/HxUBdzWBJK",2,FINANCE
"Networks, once criticized for giving Trump free airtime, are cutting back because his rallies don't draw the same a… https://t.co/vftidtYXGl",2,FINANCE
"New for subscribers:  These stocks are 'good companies at better prices,' Morgan Stanley says… https://t.co/qJ9uZWNjKn",2,FINANCE
"NEW Global Electrification Platform, a one-stop-shop for: 

✅ public #data
✅ modeling tools
✅ Open Source, multifun… https://t.co/L4lHjDTMXc",2,FINANCE
"New Jersey closes most public parks, extends stay-at-home order as deaths surge https://t.co/O2hStuaOWn",2,FINANCE
New Jersey more than doubles offshore wind commitment,2,FINANCE
New Leak Shows Operating Manuals For 'Re-education Camps' For Chinese Muslims In Xinjiang Region https://t.co/wbCcrnS9KU,2,FINANCE
New Liberty Street Economics analysis takes a look at who is bearing the burden of high tariffs on Chinese goods. https://t.co/MQpEQXRVdu,2,FINANCE
"New NYC coffee chain aims to undercut Starbucks with China-inspired model
https://t.co/dt7yWjuZRl by @readDanwrite… https://t.co/TAONiYqWg2",2,FINANCE
NEW on the Yahoo Finance iOS app: We now support Dark Mode for all users on iOS 13! https://t.co/AITO9Nyvgp https://t.co/caZuBCUkoF,2,FINANCE
New OPCW Leak Further Vindicates Skeptics Of Establishment Syria Narrative https://t.co/AMb2Bpyiwi,2,FINANCE
"New Products, More Stores Won't Fix Pot's Woes: Cannabis Weekly",2,FINANCE
"New research suggests banks should think twice before they shut down their next bank branch: Many customers, especi… https://t.co/QMpaeoOAUh",2,FINANCE
New Schizophrenia Study May Usher in Game-Changing Standard of Care,2,FINANCE
"New York City will have enough N95 masks for the week but still faces other coronavirus shortages, Mayor says https://t.co/hzgDyBF9La",2,FINANCE
NEW YORK POST EDITORIAL. “Worse Than Pointless. All those hours of televised testimony plainly failed on their anno… https://t.co/1XAuOFHyVk,2,FINANCE
New York's new virus cases fall for third straight day https://t.co/13tYXUmuil,2,FINANCE
New Zealand Volcano Victims Identified as Search Continues,2,FINANCE
"New, old drugs may offer fresh ways to fight heart disease",2,FINANCE
News Highlights : Top Company News of the Day #NewsHighlights #economy #MarketScreener https://t.co/rkztU3tFkv https://t.co/LUPOLDNtFt,2,FINANCE
News Highlights : Top Financial Services News of the Day #NewsHighlights #economy #MarketScreener… https://t.co/GIAbOwySKx,2,FINANCE
"News On The Move: 11 dead after winter storm, 2 hackers found guilty over illegal streaming, House to vote on spending deal",2,FINANCE
Next week.,2,FINANCE
"NFL back in political crosshairs with Kaepernick tryout, potential Trump Super Bowl ad https://t.co/GLnAbzGwiU by… https://t.co/KZ9rt4XGN2",2,FINANCE
Niger Jihadist Raid Shows Speed of Islamic State Expansion,2,FINANCE
NIH Director weighs in on coronavirus,2,FINANCE
No Chinese allowed': Racism and fear are now spreading along with the coronavirus https://t.co/2JUO6VsZBX,2,FINANCE
"No, you're not watching an episode of Black Mirror. @MIT's mini cheetah robots can run, jump, trot, back-flip and… https://t.co/shjMusuIoy",2,FINANCE
Nooruddin Fidai | Creating magic out of moving averages - Moneycontrol.com,2,FINANCE
Nord Stream 2 Is “Past The Point Of No Return”,2,FINANCE
North Korea threatens to resume calling Trump a ‘dotard’ https://t.co/kYTni1RVVb,2,FINANCE
"Not a whisper, but a smash? Here's what the road to $500 a share looks for @ElonMusk's @Tesla $TSLA  https://t.co/6a249FS9S4",2,TSLA
Not Referred Telecom Tariffs Floor Price Issue To TRAI: DoT Source,2,FINANCE
"Not so fast, Drake...
https://t.co/xU44ItbS5p",2,FINANCE
Not The Onion - Ivy League Students Push To Abolish Prisons https://t.co/PX7ToM97FL,2,FINANCE
"Nothing on standing repo facility. Somewhere, Pozsar is screaming",2,FINANCE
Notorious RBG Talks of Barmaids as She Accepts Berggruen Prize,2,FINANCE
"November 22, 2019 States, the Supreme Court & Sales Taxes: How to Prepare for 2020 Annual ... #ChannelAdvisor… https://t.co/gyfjVcLfeZ",2,FINANCE
Now available: Weekly data on the Assets and Liabilities of Commercial Banks in the United States: https://t.co/NSim8zRsNg #FedData,2,FINANCE
"Now's the time to be bold.
https://t.co/ds6EP0OjQo",2,FINANCE
Nutritional Outlook® Announces Winners of 2019 Best of the Industry Awards,2,FINANCE
NYC HAS FIRST CORONAVIRUS CASE IN QUEENS: NY DAILY NEWS,2,FINANCE
"NYC HEALTH SPOKESMAN: NO CONFIRMED, SUSPECTED CORONAVIRUS CASES",2,FINANCE
NYSE says industry will review circuit-breakers after vertiginous drops - FT https://t.co/ZdwKowxc8y,2,FINANCE
NYSE’s proposal to allow for fundraising in direct listings rejected by SEC https://t.co/rjrvsKjRgk,2,FINANCE
Officer Fired For Body Slamming Student,2,FINANCE
"Older Workers Are Being Pushed Out of Their Jobs, and It's a Problem",2,FINANCE
"On higher volatility days, I do put the TV on, on mute, and just check on the middle red box. That tells me all tha... https://t.co/oGy58n5Xxi",2,FINANCE
"On this day in 1893 the trademark ""Coca-Cola"" was registered in the United States Patent Office.",2,FINANCE
"One billion surveillance cameras will be watching around the world in 2021, a new study says https://t.co/lk4BWdwu5q",2,FINANCE
One of the Best Hedge Fund Managers of 2019?,2,FINANCE
One tariff man alone—even the U.S. president—can only do so much https://t.co/OXT5ZIxNDL,2,FINANCE
One Thing’s for Sure About Iowa—New Hampshire Is Next,2,FINANCE
Onetime Billionaire Says He’s Now Worth Nothing,2,FINANCE
Onetime Billionaire Says He’s Now Worth Nothing ,2,FINANCE
Onetime Billionaire Says He's Now Worth Nothing,2,FINANCE
Only 66% of Baby Boomers Think They'll Have Enough Money in Retirement,2,FINANCE
Only one major cryptocurrency has outperformed industry bellwether Bitcoin this year—and it's one you might not exp… https://t.co/CgjP8xeiX2,2,FINANCE
Openview hoping to up fund size again in rapid return to capital raising,2,FINANCE
"Opinion: In past cycles, a decline in unemployment below its natural rate has been a signal that wage pressures are… https://t.co/fAGrBcXEZW",2,FINANCE
Opinion: The explosion of a volcano in New Zealand on Monday once again raised the question of whether eruptions ca… https://t.co/Zblrf6Ug5K,2,FINANCE
Our @Nasdaq employees this week have set out to create global impact by making meals to go and hygiene kits for the… https://t.co/iJRGHxowlC,2,FINANCE
Over 70 and Still Working? Here Are 3 Important Things to Know,2,FINANCE
"Over a year since releasing its first augmented reality headset to developers, Magic Leap is wooing companies with… https://t.co/NCtrWkCUTB",2,FINANCE
Pablo Escobar's brother is selling foldable phones: https://t.co/EOFNyHaDqw,2,FINANCE
Patient Engagement Solutions Market To Reach USD 30.36 Billion By 2026 | Reports And Data  https://t.co/XIbl0nUfXt,2,FINANCE
Paul Volcker's message for the next generation https://t.co/7ijOmy0sCP,2,FINANCE
Paul Wolfowitz's NYT Op-Ed: Blatherings Of A Sanctimonious Sicko https://t.co/LkTRWvBgTh,2,FINANCE
Paulson drops opposition to Callon-Carrizo merger,2,FINANCE
Paving The Way For The Last Hurrah. Read more and sign up for updates: https://t.co/wCvzjWoxp7 #economy #investing #stockmarket,2,FINANCE
Paying off debt versus investing the money is a common problem for U.S. households. Here's how to handle it. https://t.co/9qZ0pPYTbu,2,FINANCE
"Payments in high-value deals not a bribe, Mahathir says about AirAsia probe",2,FINANCE
"Payments in high-value deals not a bribe, says Mahathir when asked about AirAsia probe",2,FINANCE
"Pence dismisses idea of U.S. buying Nokia, Ericsson to challenge Huawei",2,FINANCE
"Penn Station Stinks, But the Neighborhood Is Looking Up",2,FINANCE
Pensacola Navy Base Shooter Identified As Saudi National  https://t.co/Hd7BDTYc0F,2,FINANCE
Pensacola shooting suspect was a Saudi national in the U.S. for flight training: ABC,2,FINANCE
Pentagon asks for Navy Secretary Richard Spencer to resign after controversy over Navy Seal case https://t.co/fMzuXTSLhW,2,FINANCE
Pentagon chief asks for Navy Secretary Richard Spencer to resign after controversy over Navy SEAL case https://t.co/KBIJmSANcl,2,FINANCE
Pentagon chief fires Navy secretary over SEAL controversy https://t.co/NqHe2XkKpS https://t.co/Y38ROjVRzT,2,FINANCE
Pentagon issues guidance to troops abroad as coronavirus outbreak spreads https://t.co/Qe0NljipMo,2,FINANCE
People Trying To Store Essentials; Potato Sold At Rs 80 A Kilogram In Guwahati,2,FINANCE
Philippine nickel miners and Chinese battery makers are exploring a potential collaboration ahead of Indonesia’s ba… https://t.co/qZ01YKBl0Z,2,FINANCE
Pioneers of Value Investing Are Trying to See If It’s Dead,2,FINANCE
"Planes will be packed this holiday season, as the grounding of Boeing’s 737 Max continues. https://t.co/w0EXnyZDGk https://t.co/8DJ9sgZWze",2,FINANCE
Plans for new global football competitions branded ‘insane’ https://t.co/iatk1Pt1uf,2,FINANCE
Platts: 5 Commodity Charts To Watch This Week https://t.co/u6hpTFPb7o,2,FINANCE
Politics And The Markets 11/25/19. Read more: https://t.co/NJCrDf1ooq #business #markets #economy,2,FINANCE
Pope Francis demanded world leaders renounce atomic weapons and the Cold War-era doctrine of deterrence during his… https://t.co/1TGslC32ps,2,FINANCE
Pope Francis Isn't Infallible on Economics,2,FINANCE
Porch pirates swipe packages from a third of holiday shoppers https://t.co/S2PsYxUn5s by @denitsa_tsekova https://t.co/3CBXS34Hqi,2,FINANCE
"Power Rankings: Retail roller coaster, crypto crash course & mock milk — top moments from the week https://t.co/b9SfAGUHs1",2,FINANCE
Predata does amazing things!,2,FINANCE
Preferred stocks offer investors an alternative to bonds #investinyou (In partnership with @acorns.) https://t.co/zCoO1zkmdp,2,FINANCE
Prepare for the day ahead with WSB,2,FINANCE
PRESENTANDO UNA REVOLUCIÓN EN BLANQUEAMINETO DENTAL: LA PASTA DENTAL COLGATE® OPTIC WHITE® RENEWAL,2,FINANCE
Presenteeism – the practice of being at work but not really all there due to feeling unwell or distracted – among i… https://t.co/rBKIY1CjJS,2,FINANCE
"'Priceless' Jewelry, Artifacts Stolen From German Museum",2,FINANCE
Priest tells Christians to practice social distancing as Easter approaches https://t.co/0mHJSiSCY1,2,FINANCE
"Prince Gets His $2 Trillion Aramco, But Victory Comes at a Cost",2,FINANCE
Private equity: the bottom line benefits from gender diversity https://t.co/a5c3Rw8Itm,2,FINANCE
"Priya Ramani’s Allegations Of Sexual Misconduct Figment Of Her Imagination, MJ Akbar Tells Court",2,FINANCE
Priyanka Chopra Jonas y Crocs Donarán 50 000 Pares de Calzado Clásico a UNICEF,2,FINANCE
Prohibition Ended Today 86 Years Ago https://t.co/tOM8CdQ9v3,2,FINANCE
Property Portfolio: Finding Safety in U.K.'s Six Biggest Cities,2,FINANCE
Putin Orders Payments for WWII Veterans in Russia and Baltics,2,FINANCE
"Q: How does the virus affect your Fed outlook?

Goldman : It slightly increases the downside risk to our call that... https://t.co/slAWy9i777",2,FINANCE
"Q: What is the significance of Nasdaq market makers? 

A: Jay Heller, Nasdaq VP and Head of Capital Markets, explai… https://t.co/WjcEB8QidE",2,FINANCE
